platform,search_query,store_id,product_id,variant_id,name,brand,mrp,price,quantity,in_stock,inventory,max_allowed_quantity,category,sub_category,images,organic_rank,rating
blinkit,Vegetables,35572,354997,354997,Potato (Alugadde),,40,30,(0.95-1.05) kg,True,10,10,Fresh Vegetables,Potato,https://cdn.grofers.com/da/cms-assets/cms/product/47aacb59-7ce0-438a-9c8d-208e6901fef4.png;https://cdn.grofers.com/da/cms-assets/cms/product/1f5a6652-25a7-4f56-b0be-e06acd9f2e2f.png;https://cdn.grofers.com/da/cms-assets/cms/product/e46eb1e7-1e0a-4740-b585-bacf3599f196.png;https://cdn.grofers.com/da/cms-assets/cms/product/b125015f-2f3b-47ab-9062-4b2fdc93d691.png;https://cdn.grofers.com/app/images/products/common/customer_care.jpg,1,0
blinkit,Vegetables,35572,3898,3898,Lady Finger (Bendekayi),,19,14,250 g,True,50,50,Fresh Vegetables,Lady Finger,https://cdn.grofers.com/da/cms-assets/cms/product/55b60fb8-ab99-491c-89df-08aa8959f060.png;https://cdn.grofers.com/da/cms-assets/cms/product/0f8d4183-15b8-4b78-9752-0dc4363ef749.png;https://cdn.grofers.com/da/cms-assets/cms/product/d2c5729e-5d37-4132-857b-9ce35b464dc1.png;https://cdn.grofers.com/da/cms-assets/cms/product/fa28da4f-e8f1-4622-a4b8-811189c80da0.png;https://cdn.grofers.com/app/images/products/common/customer_care.jpg,2,0
blinkit,Vegetables,35572,37743,37743,Desi Tomato 500 g (Naati Tomaato),,21,16,500 g,True,50,50,Fresh Vegetables,Tomato,https://cdn.grofers.com/da/cms-assets/cms/product/667ea47a-84c8-4a73-86fc-a0c8c8281170.png;https://cdn.grofers.com/da/cms-assets/cms/product/a9e0176f-04a1-44f2-b814-552e176edae9.png;https://cdn.grofers.com/da/cms-assets/cms/product/6ef75cc4-15ce-4b5d-9e5e-d51ff0349ae9.png;https://cdn.grofers.com/da/cms-assets/cms/product/8e0469aa-6e40-4c7f-879e-f3052ec06773.png;https://cdn.grofers.com/app/images/products/common/customer_care.jpg,3,0
blinkit,Vegetables,35572,421741,421741,Varikatri Brinjal (Badanekayi),,19,15,250 g,True,6,6,Fresh Vegetables,Brinjal,https://cdn.grofers.com/da/cms-assets/cms/product/29cfa5b0-1cb5-4b3d-805e-fe413326aa27.png;https://cdn.grofers.com/da/cms-assets/cms/product/c339521f-0a8f-4086-8b65-c4778a415008.png;https://cdn.grofers.com/app/images/products/common/customer_care.jpg,4,0
blinkit,Vegetables,35572,565122,565122,Yu 100% Natural Coconut Water,Yu,360,180,6 x 200 ml,True,1,1,Coconut Water,Coconut Water,https://cdn.grofers.com/da/cms-assets/cms/product/2ec38df6-909a-4bce-bf2a-e109c867e927.png;https://cdn.grofers.com/da/cms-assets/cms/product/bebca609-aafe-48e9-b96e-6ab23592776e.png;https://cdn.grofers.com/da/cms-assets/cms/product/a2cecceb-8e72-418a-9e63-e73d55b38c27.png;https://cdn.grofers.com/da/cms-assets/cms/product/127c06d3-9334-4cd8-b09b-b1f9fb036f59.png;https://cdn.grofers.com/da/cms-assets/cms/product/22997980-189b-4cab-82b6-179a49dd995a.png;https://cdn.grofers.com/da/cms-assets/cms/product/a011903c-cef6-4fec-b7df-123716a77260.png;https://cdn.grofers.com/da/cms-assets/cms/product/16d08378-0b65-442d-9f3c-399315af63a5.png;https://cdn.grofers.com/da/cms-assets/cms/product/b8988b39-523b-482e-b8e8-cd0f8c03f22d.png;https://cdn.grofers.com/da/cms-assets/cms/product/758f4fda-845c-4109-b68d-a7944dfa3022.png;https://cdn.grofers.com/da/cms-assets/cms/product/093da5d8-f8d4-46f3-98bb-9348c1d06fcc.png;https://cdn.grofers.com/da/cms-assets/cms/product/c8d461de-272f-4e63-9584-76db64457a40.png;https://cdn.grofers.com/da/cms-assets/cms/product/34515689-2e37-4763-b29e-57df93b1ced3.png;https://cdn.grofers.com/app/images/products/common/customer_care.jpg,5,4.465000
blinkit,Vegetables,35572,565123,565123,Yu 100% Natural Coconut Water,Yu,60,47,200 ml,True,1,1,Coconut Water,Coconut Water,https://cdn.grofers.com/da/cms-assets/cms/product/af0ae945-04ea-4be2-ae46-455559329852.png;https://cdn.grofers.com/da/cms-assets/cms/product/8f529f4a-f182-45cb-8821-7dc986b358f5.png;https://cdn.grofers.com/da/cms-assets/cms/product/a9ff7715-7621-4eca-be31-e02dd94f70ca.png;https://cdn.grofers.com/da/cms-assets/cms/product/f0818187-30f4-4db4-849e-35be7d703891.png;https://cdn.grofers.com/da/cms-assets/cms/product/91162fe7-773b-4393-91d0-36d5cac5e660.png;https://cdn.grofers.com/da/cms-assets/cms/product/107bf52c-2437-4cfa-86b9-95f5db941beb.png;https://cdn.grofers.com/da/cms-assets/cms/product/15ba14eb-dc25-47b6-a9c8-c30ceb6f013d.png;https://cdn.grofers.com/da/cms-assets/cms/product/a1df600f-714b-41d4-a2c1-569bf2206e5f.png;https://cdn.grofers.com/da/cms-assets/cms/product/d32ef1f8-8e4c-4ffc-a0c8-e0abbd1965e0.png;https://cdn.grofers.com/da/cms-assets/cms/product/5b14c0a6-0f6c-43fe-8fd7-4f16e2994789.png;https://cdn.grofers.com/da/cms-assets/cms/product/604ab573-9d0b-4998-9af6-9d0de0a4ca78.png;https://cdn.grofers.com/da/cms-assets/cms/product/c823b2fc-0c4a-45c1-82eb-0a5326d60b77.png;https://cdn.grofers.com/app/images/products/common/customer_care.jpg,5,4.290000
blinkit,Vegetables,35572,438113,438113,Cauliflower (Hoo Kosu),,35,26,1 piece (300-500 g),True,25,25,Fresh Vegetables,Cauliflower,https://cdn.grofers.com/da/cms-assets/cms/product/c2b29fc5-ea91-406f-b97e-4c430504e19f.png;https://cdn.grofers.com/da/cms-assets/cms/product/1d3b3354-e24f-4032-b594-631faa0b00a3.png;https://cdn.grofers.com/da/cms-assets/cms/product/7b2f2fb2-e927-4c93-b634-5592affe05f7.png;https://cdn.grofers.com/da/cms-assets/cms/product/fc65e212-78df-49f6-a4ec-3886423af1ca.png;https://cdn.grofers.com/app/images/products/common/customer_care.jpg,6,0
blinkit,Vegetables,35572,602448,602448,Organically Grown Brinjal Bharta - 500 g (Badanekayi),Healthy Buddha,93,74,500 g,True,1,1,Certified Organic,Brinjal,https://cdn.grofers.com/da/cms-assets/cms/product/26685220-0429-4898-835b-e96a157aa394.png;https://cdn.grofers.com/da/cms-assets/cms/product/dd2fe76c-5854-47a4-8065-61615cf532b9.png;https://cdn.grofers.com/da/cms-assets/cms/product/f1240cb1-928a-49be-9125-37c453cdd21e.png;https://cdn.grofers.com/app/images/products/common/customer_care.jpg,7,0
blinkit,Vegetables,35572,3881,3881,Hybrid Tomato 500 g,,22,16,500 g,True,50,50,Fresh Vegetables,Tomato,https://cdn.grofers.com/da/cms-assets/cms/product/4cd11feb-f6df-4830-9fa1-a5f39f08fc3f.png;https://cdn.grofers.com/da/cms-assets/cms/product/47cf3540-65a7-4500-a54e-7a6a183f2a75.png;https://cdn.grofers.com/da/cms-assets/cms/product/19fae49e-2d12-4e23-abde-e60f08182ad0.png;https://cdn.grofers.com/da/cms-assets/cms/product/ba669458-bf4e-4427-b2c3-7467d8c5e649.png;https://cdn.grofers.com/app/images/products/common/customer_care.jpg,8,0
blinkit,Vegetables,35572,568797,568797,Fresh Thyme,,18,14,10 g,True,1,1,Exotics,Thyme,https://cdn.grofers.com/da/cms-assets/cms/product/33777e37-2972-46e6-a889-e3e4cd16ee0e.png;https://cdn.grofers.com/da/cms-assets/cms/product/7377767d-28f3-4434-ab60-4d29ded6a1a6.png;https://cdn.grofers.com/app/images/products/common/customer_care.jpg,9,0
blinkit,Vegetables,35572,421706,421706,Coccinea (Thondekaayi),,36,27,250 g,True,8,8,Fresh Vegetables,Coccinea,https://cdn.grofers.com/da/cms-assets/cms/product/2347d68f-12ce-44af-bb0f-c4b81de589f4.png;https://cdn.grofers.com/da/cms-assets/cms/product/584fc195-ea94-4cb6-a20f-0626f692c9c6.jpg;https://cdn.grofers.com/app/images/products/common/customer_care.jpg,10,0
blinkit,Vegetables,35572,327916,327916,Orange Carrot,,45,35,500 g,True,19,19,Fresh Vegetables,Carrot,https://cdn.grofers.com/da/cms-assets/cms/product/3de12ff4-882f-40c0-98d8-ff082ecdcf58.png;https://cdn.grofers.com/da/cms-assets/cms/product/70b9642b-ddb9-424d-bf71-b63909f3bbb4.png;https://cdn.grofers.com/app/images/products/common/customer_care.jpg,11,0
blinkit,Vegetables,35572,530158,530158,Onion (Eerulli),,36,27,(0.95-1.05) kg,True,50,50,Fresh Vegetables,Onion,https://cdn.grofers.com/da/cms-assets/cms/product/f53c1ea1-cfa0-438b-a14c-b4f5ebeed7dd.png;https://cdn.grofers.com/da/cms-assets/cms/product/7dbba89e-1c58-44f1-b22e-8c9c59e828d6.png;https://cdn.grofers.com/da/cms-assets/cms/product/c9491304-1b82-4298-87d7-ef1d83afc76b.png;https://cdn.grofers.com/da/cms-assets/cms/product/255664b8-a4fc-46e4-b310-9de57e71295f.png;https://cdn.grofers.com/app/images/products/common/customer_care.jpg,12,0
blinkit,Vegetables,35572,532987,532987,Onion - Pack of 2 (Eerulli),,72,54,2 x (0.95-1.05) kg,True,38,38,Fresh Vegetables,Onion,https://cdn.grofers.com/da/cms-assets/cms/product/4e24f749-8a65-4a87-a562-7bc4bf49351f.png;https://cdn.grofers.com/da/cms-assets/cms/product/9bfb8b42-7dc2-4220-b73e-e23d1f1b64b7.png;https://cdn.grofers.com/da/cms-assets/cms/product/6c391373-d378-4a4f-9caf-a5d303ab8631.png;https://cdn.grofers.com/da/cms-assets/cms/product/3f28b9f5-bfef-4d3f-aabf-db79fc377863.png;https://cdn.grofers.com/app/images/products/common/customer_care.jpg,12,0
blinkit,Vegetables,35572,10088,10088,Green Cucumber (Southekayi),,18,15,(500-700) g,True,41,41,Fresh Vegetables,Cucumber,https://cdn.grofers.com/app/assets/products/sliding_images/jpeg/861fd2fe-69e6-4651-8ee2-b2425a89af74.jpg?ts=1711022175;https://cdn.grofers.com/app/assets/products/sliding_images/jpeg/10a01878-fd70-4751-90fe-e719fe212445.jpg?ts=1711022175;https://cdn.grofers.com/app/assets/products/sliding_images/jpeg/29fa3433-3af0-49ee-b704-f56114545fd7.jpg?ts=1711022175;https://cdn.grofers.com/app/assets/products/sliding_images/jpeg/ea8a06c3-55ca-431b-ac0a-143d6b27856f.jpg?ts=1711022175,13,0
blinkit,Vegetables,35572,339151,339151,Beetroot,,23,18,(250-350) g,True,24,24,Fresh Vegetables,Beetroot,https://cdn.grofers.com/app/assets/products/sliding_images/jpeg/f953c34a-7e85-4b3f-a8f3-ceddbb206df4.jpg?ts=1711473225;https://cdn.grofers.com/app/assets/products/sliding_images/jpeg/3b649137-18dd-451c-b859-1500301fda91.jpg?ts=1711473225;https://cdn.grofers.com/app/assets/products/sliding_images/jpeg/c55c6223-da60-445d-a96b-87260a418399.jpg?ts=1711473225;https://cdn.grofers.com/app/assets/products/sliding_images/jpeg/e7bcab9e-a367-407b-aafa-2b20c313e6a2.jpg?ts=1711473225,14,0
blinkit,Vegetables,35572,3889,3889,Coriander Bunch (Kottambari Soppu),,11,9,100 g,True,50,50,Leafies & Herbs,Coriander,https://cdn.grofers.com/da/cms-assets/cms/product/1d1beb79-3747-411f-b199-eaf7f9ad8a4f.jpg?ts=1750069208;https://cdn.grofers.com/da/cms-assets/cms/product/8f5e3271-f021-4f27-bc81-7deea6b59f31.jpg?ts=1750069208;https://cdn.grofers.com/da/cms-assets/cms/product/87b0ee27-668e-46ad-a1ec-36b2d19273ba.jpg?ts=1750069208,15,0
blinkit,Vegetables,35572,607308,607308,Coriander Bunch - Pack of 2 (Kottambari Soppu),,22,17,2 x 100 g,True,25,25,Leafies & Herbs,Coriander,https://cdn.grofers.com/da/cms-assets/cms/product/9650bea9-b471-498e-abc1-3fc95085da44.jpg?ts=1737093001;https://cdn.grofers.com/app/assets/products/sliding_images/jpeg/80f2e43f-da5f-422f-ac23-7ffbe7728c38.jpg;https://cdn.grofers.com/da/cms-assets/cms/product/cb46c61d-a2e4-46f3-98b4-cf66a4ed479a.jpg?ts=1737093002;https://cdn.grofers.com/app/assets/products/sliding_images/jpeg/54b5361b-2b25-45ff-b91c-d2865a0e9d0c.jpg,15,0
blinkit,Vegetables,35572,423735,423735,Green Chilli 100 g (Menasinakayi),,11,9,100 g,True,50,50,Fresh Vegetables,Chilli,https://cdn.grofers.com/app/assets/products/sliding_images/jpeg/27055af4-f9ca-49f5-a84b-cf407583be43.jpg?ts=1711019907;https://cdn.grofers.com/app/assets/products/sliding_images/jpeg/e8f3f700-5127-4d6b-826e-301bf6cdbfa6.jpg?ts=1711019907;https://cdn.grofers.com/app/assets/products/sliding_images/jpeg/669b8658-52de-4583-bfe4-b84d31e34ea5.jpg?ts=1711019907;https://cdn.grofers.com/app/assets/products/sliding_images/jpeg/96315cd0-d465-4f3a-b44f-404265c3742f.jpg?ts=1711019907,16,0
blinkit,Vegetables,35572,607309,607309,Green Chilli 100 g - Pack of 2 (Menasinakayi),,22,17,2 x 100 g,True,42,42,Fresh Vegetables,Chilli,https://cdn.grofers.com/da/cms-assets/cms/product/3c97b38f-1aa9-455c-a780-4decba07502d.jpg?ts=1737093005;https://cdn.grofers.com/app/assets/products/sliding_images/jpeg/0f4616f1-3180-4031-9952-77dadcd8b4fd.jpg;https://cdn.grofers.com/da/cms-assets/cms/product/b3e17eb6-45e4-4b08-a263-5fe67789f174.jpg?ts=1737093005;https://cdn.grofers.com/app/assets/products/sliding_images/jpeg/008a6de5-e6fa-4cd7-9166-60f23e07a08b.jpg,16,0
blinkit,Vegetables,35572,229627,229627,Lemon (Nimbe),,38,28,(220-250) g,True,50,50,Fresh Vegetables,Lemon,https://cdn.grofers.com/app/assets/products/sliding_images/jpeg/c655faa5-2b29-4714-8411-c98b67f4ef51.jpg?ts=1741346719;https://cdn.grofers.com/app/assets/products/sliding_images/jpeg/6dcf7bcc-a4a3-4d3a-88cd-ce59c472abb8.jpg?ts=1741346719;https://cdn.grofers.com/app/assets/products/sliding_images/jpeg/1d8d48f9-cdac-463c-9da0-1a2991f18cc8.jpg?ts=1741346719;https://cdn.grofers.com/app/assets/products/sliding_images/jpeg/4964a43b-a9d6-44f8-aadb-4d737b4255b5.jpg?ts=1741346719,17,0
blinkit,Vegetables,35572,242284,242284,Ooty Carrot,,29,22,250 g,True,34,34,Fresh Vegetables,Carrot,https://cdn.grofers.com/app/assets/products/sliding_images/jpeg/e6cddd32-537f-4822-b2b9-4bbbb1aeaa27.jpg?ts=1718267335;https://cdn.grofers.com/app/images/products/sliding_image/242284b.jpg?ts=1690831060,18,0
blinkit,Vegetables,35572,365421,365421,Coriander (Without Roots) (Kottambari Soppu),,89,12,100 g,True,40,40,Leafies & Herbs,Coriander,https://cdn.grofers.com/da/cms-assets/cms/product/d1a28a56-0f92-4794-98c6-685e3a2a0185.jpg?ts=1750397347;https://cdn.grofers.com/da/cms-assets/cms/product/01a36c1c-626d-457e-88e1-f47c24bdf17f.jpg?ts=1750071080;https://cdn.grofers.com/da/cms-assets/cms/product/08127336-ac07-4c07-be27-50c1f5d9e99a.jpg?ts=1750071080,19,0
blinkit,Vegetables,35572,184269,184269,Jamun,,63,48,(250-280) g,True,47,47,Fresh Fruits,Jamun,https://cdn.grofers.com/app/assets/products/sliding_images/jpeg/876b89b9-9c7d-4f7d-9fc3-974de0ac65af.jpg?ts=1714125339;https://cdn.grofers.com/app/assets/products/sliding_images/jpeg/d78a4af7-dcc6-4019-9d52-b60291b251e7.jpg?ts=1714125339;https://cdn.grofers.com/app/assets/products/sliding_images/jpeg/e732e5ab-b716-49be-8ed0-0bc8524ced31.jpg;https://cdn.grofers.com/app/assets/products/sliding_images/jpeg/3716e7dc-5fd9-4bdf-bf2f-bbb6bc8eaefd.jpg,20,0
blinkit,Vegetables,35572,95032,95032,Ginger (Shunti),,20,16,200 g,True,33,33,Fresh Vegetables,Ginger,https://cdn.grofers.com/app/assets/products/sliding_images/jpeg/1a3564c0-b467-4a8e-90f2-fe5bec7c613b.jpg?ts=1722935025;https://cdn.grofers.com/app/assets/products/sliding_images/jpeg/92f94032-2a10-4511-93cf-9a0bd333eba8.jpg?ts=1722935027;https://cdn.grofers.com/app/assets/products/sliding_images/jpeg/a4f15ad9-7010-46d5-bfcd-e0e495cd8de2.jpg?ts=1722935028;https://cdn.grofers.com/app/assets/products/sliding_images/jpeg/604a0beb-b474-45b7-a57e-a76261e05296.jpg?ts=1722935030,21,0
blinkit,Vegetables,35572,355004,355004,Garlic (Bellulli),,28,21,100 g,True,30,30,Fresh Vegetables,Garlic,https://cdn.grofers.com/app/assets/products/sliding_images/jpeg/c94ce8fe-8a5c-4ba3-9277-6b988ad42a50.jpg?ts=1711473367;https://cdn.grofers.com/app/assets/products/sliding_images/jpeg/69fdf69a-b941-420e-a02b-febaae593f77.jpg?ts=1711473367;https://cdn.grofers.com/da/cms-assets/cms/product/e32ba356-5e3e-4a96-ab11-75238b42d50f.jpg?ts=1740114830;https://cdn.grofers.com/app/assets/products/sliding_images/jpeg/45ebcfc0-a889-4c2f-8583-6a7d3ec56b13.jpg?ts=1711473367,22,0
blinkit,Vegetables,35572,253317,253317,Button Mushroom (Anabe),,61,49,(180-200) g,True,24,24,Fresh Vegetables,Mushroom,https://cdn.grofers.com/app/assets/products/sliding_images/jpeg/ee1b5a5a-5c29-4060-93a6-60a794600cd1.jpg?ts=1716344812;https://cdn.grofers.com/app/assets/products/sliding_images/jpeg/11a2e041-c3ba-40e2-be3a-1181620b4108.jpg?ts=1716344813;https://cdn.grofers.com/app/assets/products/sliding_images/jpeg/86bb0196-2030-439e-af61-31aac914d5df.jpg?ts=1716344813;https://cdn.grofers.com/app/assets/products/sliding_images/jpeg/2f73bc09-6e7d-4d23-91b5-0be628e191fe.jpg?ts=1716344814;https://cdn.grofers.com/app/assets/products/sliding_images/jpeg/bcdb0636-6e44-4f2b-b1c4-b80bb20a50b3.jpg,23,0
blinkit,Vegetables,35572,23343,23343,English Cucumber (Southekayi),,31,25,(500-600) g,True,32,32,Fresh Vegetables,Cucumber,https://cdn.grofers.com/app/assets/products/sliding_images/jpeg/4a7cbdcc-d74d-403f-a0cb-b130572ad296.jpg?ts=1711022176;https://cdn.grofers.com/app/assets/products/sliding_images/jpeg/2598d366-b897-4532-8b31-496c91e2572a.jpg?ts=1711022176;https://cdn.grofers.com/app/assets/products/sliding_images/jpeg/d0fa3bb9-f859-4712-a180-dc0d9adf8574.jpg?ts=1711022176;https://cdn.grofers.com/app/assets/products/sliding_images/jpeg/419b37ea-f2cb-4b36-b3b1-7254f2e79953.jpg,24,0
blinkit,Vegetables,35572,217595,217595,Green Capsicum 500 g (Dappa Menasinakayi),,37,30,500 g,True,17,17,Fresh Vegetables,Capsicum,https://cdn.grofers.com/app/assets/products/sliding_images/jpeg/55a3d8d4-4234-4ff5-a7cd-25df6e2dccde.jpg?ts=1711024454;https://cdn.grofers.com/app/assets/products/sliding_images/jpeg/2d046cb3-edeb-4b1e-b73b-72b6be896a4f.jpg?ts=1711024454;https://cdn.grofers.com/app/assets/products/sliding_images/jpeg/e1412336-3663-49d0-a06a-31421bc49caa.jpg?ts=1711024454;https://cdn.grofers.com/app/assets/products/sliding_images/jpeg/30b1836c-6fe0-46e0-81ac-d7baa7710608.jpg,25,0
blinkit,Vegetables,35572,17643,17643,Curry Leaves (Karibevina Soppu),,18,14,100 g,True,18,18,Leafies & Herbs,Curry Leaves,https://cdn.grofers.com/app/images/products/sliding_image/17643a.jpg?ts=1690813684;https://cdn.grofers.com/app/images/products/sliding_image/17643b.jpg?ts=1690813684,26,0
blinkit,Vegetables,35572,22982,22982,Haricot Beans (Hurulikayi),,38,28,250 g,True,22,22,Fresh Vegetables,Beans,https://cdn.grofers.com/app/assets/products/sliding_images/jpeg/57535480-3faa-4725-9621-63555cd9035b.jpg?ts=1707557500;https://cdn.grofers.com/app/images/products/sliding_image/22982b.jpg?ts=1690813550,27,0
blinkit,Vegetables,35572,217614,217614,Bottle Gourd (Sore Kayi),,36,29,1 piece (400-600 g),True,17,17,Fresh Vegetables,Bottle Gourd,https://cdn.grofers.com/da/cms-assets/cms/product/ed7caf57-c3cd-4268-b5f8-753a744233e4.jpg?ts=1745410335;https://cdn.grofers.com/da/cms-assets/cms/product/b14a8373-d01b-455b-a1de-d63a6b5d9d85.jpg?ts=1745410335;https://cdn.grofers.com/da/cms-assets/cms/product/4f7457d9-b290-4bcc-87d5-4c530772069c.jpg?ts=1745410336;https://cdn.grofers.com/da/cms-assets/cms/product/d64d2112-ab0c-4e59-a177-3fb2a47c94ab.jpg?ts=1745410336;https://cdn.grofers.com/da/cms-assets/cms/product/2f2cbdde-db6f-483b-bc10-91768d25c109.jpg?ts=1745410337,28,0
blinkit,Vegetables,35572,271992,271992,Broccoli (Kosugadde),,104,79,1 piece (200-300 g),True,13,13,Exotics,Broccoli,https://cdn.grofers.com/da/cms-assets/cms/product/df72484d-9e10-4db0-b4d9-8fa55049aeac.jpg?ts=1750059773;https://cdn.grofers.com/da/cms-assets/cms/product/0adb9c60-0f21-49bf-b410-ac66492ba0f5.jpg?ts=1750059773,29,0
blinkit,Vegetables,35572,602584,602584,Organically Grown Ginger - 100 g (Shunti),Green Earth,22,18,100 g,True,11,11,Certified Organic,Ginger,https://cdn.grofers.com/da/cms-assets/cms/product/8393ee7e-808b-40dc-bd75-b656241105ed.jpg?ts=1750933767;https://cdn.grofers.com/da/cms-assets/cms/product/717d6b2b-6f65-4151-8545-e64884477129.jpg?ts=1750933767;https://cdn.grofers.com/da/cms-assets/cms/product/21bae393-77ed-4007-b1cc-46641069622b.jpg?ts=1750933767,30,0
blinkit,Vegetables,35572,332744,332744,Spinach (Basale Soppu / Palak Soppu),,24,18,200 g,True,16,16,Leafies & Herbs,Spinach,https://cdn.grofers.com/da/cms-assets/cms/product/205bdf41-3adb-4dbe-80d9-cd5a20a72390.jpg?ts=1745410346;https://cdn.grofers.com/da/cms-assets/cms/product/ee6c9c5a-2c2e-4902-a9fa-fe9051f42808.jpg?ts=1745410347;https://cdn.grofers.com/da/cms-assets/cms/product/eec36d73-da5f-4358-a8b1-63a183cf1a98.jpg?ts=1745410347;https://cdn.grofers.com/da/cms-assets/cms/product/7e3ca75a-0b9a-4a5e-bb15-825254b90943.jpg?ts=1745410348,31,0
blinkit,Vegetables,35572,312160,312160,Spinach (without roots) (Basale Soppu / Palak Soppu),,35,25,200 g,True,30,30,Leafies & Herbs,Spinach,https://cdn.grofers.com/da/cms-assets/cms/product/837f0b93-1b9d-4322-b7be-dbf3930c72f5.jpg?ts=1745410340;https://cdn.grofers.com/da/cms-assets/cms/product/7d3077f6-3b4b-483e-9c40-3eb5cb1de271.jpg?ts=1745410341;https://cdn.grofers.com/da/cms-assets/cms/product/742a3a48-9d3b-4d4d-9de1-b3cc092a37d7.jpg?ts=1745410342;https://cdn.grofers.com/da/cms-assets/cms/product/f969d32b-ca95-4966-81b7-3624a22096a6.jpg?ts=1745410342;https://cdn.grofers.com/da/cms-assets/cms/product/05dd3df9-e5f6-4a20-aa57-f1f164daad1e.jpg?ts=1745410343,32,0
blinkit,Vegetables,35572,425780,425780,Pointed Gourd (250 g) (Thondekaayi),,51,40,250 g,True,11,11,Fresh Vegetables,Pointed Gourd,https://cdn.grofers.com/app/assets/products/sliding_images/jpeg/a920aeec-b81e-48b2-b456-47f2c899eada.jpg?ts=1714120677;https://cdn.grofers.com/app/assets/products/sliding_images/jpeg/63cc79df-8948-4aaa-b61d-f0833c2a126d.jpg?ts=1714120678;https://cdn.grofers.com/app/assets/products/sliding_images/jpeg/3cad0f6c-1cd0-4649-a666-750d8b69b4e6.jpg;https://cdn.grofers.com/app/assets/products/sliding_images/jpeg/37d19bb9-f4cd-40f4-8955-7554e117f513.jpg,33,0
blinkit,Vegetables,35572,365431,365431,Mint Leaves (Without Roots) (Pudina Soppu),,89,15,100 g,True,5,5,Leafies & Herbs,Mint Leaves,https://cdn.grofers.com/app/assets/products/sliding_images/jpeg/b2a44efa-f3e4-4db8-8b1a-a1e10c9da956.jpg?ts=1711473368;https://cdn.grofers.com/app/assets/products/sliding_images/jpeg/f0538322-4e64-483b-9845-fcbcf54df43c.jpg?ts=1711473368;https://cdn.grofers.com/app/assets/products/sliding_images/jpeg/e61b44f6-9035-4078-8978-bb905fcc8263.jpg?ts=1711473368;https://cdn.grofers.com/app/assets/products/sliding_images/jpeg/3463d04d-2136-4d3b-bbd3-e5597a650d00.jpg,34,0
blinkit,Vegetables,35572,23376,23376,Drumstick (Nuggekaayi),,26,21,2 pieces,True,20,20,Fresh Vegetables,Drumstick,https://cdn.grofers.com/app/assets/products/sliding_images/jpeg/39f745ca-3bb3-49fe-8bd4-2b3fd65a1a31.jpg?ts=1707557501;https://cdn.grofers.com/app/images/products/sliding_image/23376b.jpg?ts=1691671086,35,0
blinkit,Vegetables,35572,14784,14784,Green Pumpkin (Kumbalakayi),,42,31,1 piece (400-600 g),True,8,8,Fresh Vegetables,Pumpkin,https://cdn.grofers.com/app/assets/products/sliding_images/jpeg/f3e6a9cd-0799-43a7-bfe9-051b3dec5848.jpg?ts=1711961201;https://cdn.grofers.com/app/assets/products/sliding_images/jpeg/18a2a0e8-b045-4c97-9c64-8932b10f8b19.jpg?ts=1711961201,36,0
blinkit,Vegetables,35572,339152,339152,Cabbage (Yele Kosu),,28,21,1 piece (400-600 g),True,5,5,Fresh Vegetables,Cabbage,https://cdn.grofers.com/app/assets/products/sliding_images/jpeg/9a806b4f-1793-465f-a3ae-b3b221acbfb9.jpg?ts=1711016570;https://cdn.grofers.com/app/assets/products/sliding_images/jpeg/f6289139-b590-40a2-b294-34ae1eca2e77.jpg?ts=1711016570;https://cdn.grofers.com/app/assets/products/sliding_images/jpeg/9e61ed60-d76c-4ff3-a922-b5ddbdd7ad43.jpg?ts=1711016570;https://cdn.grofers.com/app/assets/products/sliding_images/jpeg/23c9fbf0-2e44-43ba-8ae4-e0db65d007d9.jpg,37,0
blinkit,Vegetables,35572,428608,428608,Amla (Nelli Kai),,38,28,250 g,True,19,19,Fresh Vegetables,Amla,https://cdn.grofers.com/da/cms-assets/cms/product/55bf4825-4b46-47b1-a35f-eb4c48cc9413.jpg?ts=1737976294;https://cdn.grofers.com/da/cms-assets/cms/product/512fa447-c25c-48aa-a52c-064e14cfd2ec.jpg?ts=1737976295;https://cdn.grofers.com/da/cms-assets/cms/product/bd5ea2f4-8054-409b-8a8f-e2ea74d28a12.jpg?ts=1737976295;https://cdn.grofers.com/da/cms-assets/cms/product/67262943-b586-470e-afe1-2b78ae018765.jpg?ts=1737976296,38,0
blinkit,Vegetables,35572,3952,3952,Sweet Potato (450-600) g (Hasi Genasu),,30,24,(450-600) g,True,24,24,Fresh Vegetables,Sweet Potato,https://cdn.grofers.com/app/assets/products/sliding_images/jpeg/185bc66d-57f1-4d60-818c-3ad4a52e09f3.jpg?ts=1732710610;https://cdn.grofers.com/da/cms-assets/cms/product/ce96c37f-b00c-4a44-a098-a9b806e5306c.jpg?ts=1732711399;https://cdn.grofers.com/app/assets/products/sliding_images/jpeg/af1bbd1b-89e0-4925-91e1-54c8c780ac18.jpg?ts=1732710610;https://cdn.grofers.com/app/assets/products/sliding_images/jpeg/fce3a6b8-8978-4c2f-b35a-4d2c607410ef.jpg?ts=1732710610;https://cdn.grofers.com/da/cms-assets/cms/product/eec14baa-1401-42c4-badc-c29b3ffcfaa0.jpg?ts=1732710610;https://cdn.grofers.com/app/assets/products/sliding_images/jpeg/99599118-2063-4e56-ae32-a65067706a27.jpg?ts=1732710610,39,0
blinkit,Vegetables,35572,28390,28390,Safal Frozen Green Peas,Safal,135,129,500 g,True,17,17,Frozen Peas & Corn,Frozen Green Peas,https://cdn.grofers.com/app/assets/products/sliding_images/jpeg/78b2ad59-e240-4a53-8e9d-10d0fbebf575.jpg?ts=1723098387;https://cdn.grofers.com/app/images/products/sliding_image/28390b.jpg?ts=1690814036;https://cdn.grofers.com/app/images/products/sliding_image/28390c.jpg?ts=1690814036;https://cdn.grofers.com/app/images/products/sliding_image/28390d.jpg?ts=1690814036;https://cdn.grofers.com/app/images/products/sliding_image/28390e.jpg?ts=1690814036,40,4.653000
blinkit,Vegetables,35572,355012,355012,Spring Onion (Eerulli Soppu),,36,27,250 g,True,16,16,Leafies & Herbs,Spring Onion,https://cdn.grofers.com/app/assets/products/sliding_images/jpeg/16dd1505-d734-4f0b-815b-e87180621a6c.jpg?ts=1711473367;https://cdn.grofers.com/app/assets/products/sliding_images/jpeg/14664e37-d731-41c0-9b76-03a3ea897f42.jpg?ts=1711473367;https://cdn.grofers.com/app/assets/products/sliding_images/jpeg/d7f11d15-0a6c-4584-a574-14e3c0d77ae1.jpg?ts=1711473367;https://cdn.grofers.com/app/assets/products/sliding_images/jpeg/1a288fa5-e457-4406-b2ec-1c8bfa8809d2.jpg?ts=1711473367,41,0
blinkit,Vegetables,35572,369013,369013,Ridge Gourd (Heerekayi),,38,28,(500-600) g,True,12,12,Fresh Vegetables,Ridge Gourd,https://cdn.grofers.com/app/assets/products/sliding_images/jpeg/6a5b2806-bdf1-489f-a31b-6581c5a2a0a0.jpg?ts=1726553710;https://cdn.grofers.com/app/assets/products/sliding_images/jpeg/b72c4506-d381-49f2-93ea-b011595fbed8.jpg?ts=1726553711;https://cdn.grofers.com/app/assets/products/sliding_images/jpeg/e205232f-1045-4f60-93a1-71573ed80638.jpg?ts=1726553712;https://cdn.grofers.com/app/assets/products/sliding_images/jpeg/75c4eee0-4ae2-4439-bbed-e1583cec385d.jpg?ts=1726553713,42,0
blinkit,Vegetables,35572,4916,4916,French Beans - 250 g (Hurulikayi),,31,23,250 g,True,7,7,Fresh Vegetables,Beans,https://cdn.grofers.com/app/assets/products/sliding_images/jpeg/8f6c6e3a-91de-4469-b685-eb25289650fc.jpg?ts=1711100796;https://cdn.grofers.com/app/assets/products/sliding_images/jpeg/28b8a86a-c772-4412-af90-e5ed1d395e09.jpg?ts=1711100796;https://cdn.grofers.com/da/cms-assets/cms/product/7b69aa79-81f1-483e-8b9f-bf3aadc17c25.jpg?ts=1745059828;https://cdn.grofers.com/app/assets/products/sliding_images/jpeg/f1494dee-b445-4586-9be2-7d0420f2ff1d.jpg,43,0
blinkit,Vegetables,35572,39394,39394,Red Bell Pepper (Kempu Dappa Menasina Kaayi),,46,36,1 piece (125-175 g),True,10,10,Exotics,Bell Pepper,https://cdn.grofers.com/app/assets/products/sliding_images/jpeg/2cf767f3-867a-4330-a319-b9c6ebc81613.jpg?ts=1711472824;https://cdn.grofers.com/app/assets/products/sliding_images/jpeg/c6a26c6e-aa10-4032-8aaa-901e304b4c9f.jpg?ts=1711472824;https://cdn.grofers.com/app/assets/products/sliding_images/jpeg/0fb1fcaa-7147-4e69-9724-cc1a59601ced.jpg?ts=1711472824;https://cdn.grofers.com/app/assets/products/sliding_images/jpeg/ff2113a6-baf7-414a-8696-af721db56b7b.jpg;https://cdn.grofers.com/app/assets/products/sliding_images/jpeg/94e0e9bd-40d9-459f-8a6e-6f0dd62470fd.jpg,44,0
blinkit,Vegetables,35572,599240,599240,Organically Grown Lady Finger - 250 g (Bendekayi),UB Organic,45,35,250 g,True,8,8,Certified Organic,Lady Finger,https://cdn.grofers.com/da/cms-assets/cms/product/9e5aaa2d-a482-48f8-a972-79ce0b479f95.jpg?ts=1737027055;https://cdn.grofers.com/da/cms-assets/cms/product/81042210-abb4-41d6-9592-cbcfbbf5fe4b.jpg?ts=1737027055;https://cdn.grofers.com/da/cms-assets/cms/product/6679aafb-8198-42ec-a5ae-1e62b6cca903.jpg?ts=1737027055,45,0
blinkit,Vegetables,35572,602184,602184,Organically Grown Chilli - 100 g (Menasinakayi),Green Earth,26,21,100 g,True,14,14,Certified Organic,Chilli,https://cdn.grofers.com/da/cms-assets/cms/product/69fb216e-cff9-4c94-81d3-8005c34b772e.jpg?ts=1737027090;https://cdn.grofers.com/da/cms-assets/cms/product/071166b6-5234-4afd-afb1-f36935c516e3.jpg?ts=1737027090;https://cdn.grofers.com/da/cms-assets/cms/product/6dc2bcbc-b800-42b0-9145-60e08f663bc8.jpg?ts=1737027090,46,0
blinkit,Vegetables,35572,9098,9098,Brinjal Bharta (Badanekayi),,49,39,(500-700) g,True,13,13,Fresh Vegetables,Brinjal,https://cdn.grofers.com/app/assets/products/sliding_images/jpeg/8f60b208-3cfc-4b72-8209-477fb69412f6.jpg?ts=1711440867;https://cdn.grofers.com/app/assets/products/sliding_images/jpeg/cd4c1f2d-e905-486b-b0b8-be2b79c7f9c8.jpg?ts=1711440867;https://cdn.grofers.com/app/assets/products/sliding_images/jpeg/889d5554-c7d0-4fa4-b16f-2885561a5cea.jpg;https://cdn.grofers.com/app/assets/products/sliding_images/jpeg/530894ca-dc02-48f2-bba0-5fc86f518b32.jpg,47,0
blinkit,Vegetables,35572,632536,632536,Organically Grown Green Capsicum - 250 g,Green Earth,49,38,250 g,True,15,15,Certified Organic,Capsicum,https://cdn.grofers.com/da/cms-assets/cms/product/dea6d48d-536f-43c8-b272-e55ed43791e5.jpg;https://cdn.grofers.com/da/cms-assets/cms/product/411bb114-202b-4179-862f-cc983becee95.jpg;https://cdn.grofers.com/da/cms-assets/cms/product/37be82ce-0f66-43d7-bfe6-19dcfc8675ad.jpg,48,0
blinkit,Vegetables,35572,3916,3916,Fenugreek (Menthe Kalu),,32,25,250 g,True,20,20,Leafies & Herbs,Fenugreek,https://cdn.grofers.com/app/assets/products/sliding_images/jpeg/6efe6e43-354e-46c3-9fdf-c29a9898f652.jpg?ts=1711695628;https://cdn.grofers.com/app/assets/products/sliding_images/jpeg/67e5482f-e7b9-4079-959b-6d10cb8e9fa9.jpg?ts=1711695628,49,0
blinkit,Vegetables,35572,587638,587638,Fenugreek - Pack of 2 (Menthe Kalu),,64,49,2 x 250 g,True,10,10,Leafies & Herbs,Fenugreek,https://cdn.grofers.com/da/cms-assets/cms/product/67bd7ab0-4b20-43db-90e2-1556e31b9eec.jpg?ts=1732280186;https://cdn.grofers.com/app/assets/products/sliding_images/jpeg/a3f4087b-6ebe-4488-9b86-fd5880241604.jpg,49,0
blinkit,Vegetables,35572,508001,508001,Peeled Garlic (Bellulli),,150,50,100 g,True,12,12,Freshly Cut & Sprouts,Garlic,https://cdn.grofers.com/app/assets/products/sliding_images/jpeg/557e0dd1-5cc7-44cc-b89d-7bf646c3c9aa.jpg?ts=1712255454;https://cdn.grofers.com/app/assets/products/sliding_images/jpeg/8dd5c00b-f962-4d19-946a-e8b6f3f644a7.jpg?ts=1712255455;https://cdn.grofers.com/app/assets/products/sliding_images/jpeg/fdc71e1a-bde8-4340-b538-ac31db7585ce.jpg?ts=1712255457;https://cdn.grofers.com/app/assets/products/sliding_images/jpeg/7fa1c2d3-00d7-4949-893c-06f9b06f876a.jpg,50,0
blinkit,Vegetables,35572,421747,421747,Radish (Moolangi),,22,18,(500-600) g,True,3,3,Fresh Vegetables,Radish,https://cdn.grofers.com/app/assets/products/sliding_images/jpeg/74094d0b-b147-46ff-bd8f-3c9a64dc66ec.jpg?ts=1726561108;https://cdn.grofers.com/app/assets/products/sliding_images/jpeg/df1586b0-2cf1-4bd8-b049-a145cde6fe00.jpg?ts=1726561109;https://cdn.grofers.com/app/assets/products/sliding_images/jpeg/102753b3-c5e5-4bc8-9b26-404784f6bf6c.jpg?ts=1726561111;https://cdn.grofers.com/app/assets/products/sliding_images/jpeg/d2ca12f7-3f54-4d4d-9693-2e1abfda81e5.jpg?ts=1726561112;https://cdn.grofers.com/app/assets/products/sliding_images/jpeg/7cdda660-6a8e-4c77-b233-c013c02acdf7.jpg,51,0
blinkit,Vegetables,35572,10095,10095,Cowpea Beans (Alasande Kayi),,21,17,250 g,True,7,7,Fresh Vegetables,Beans,https://cdn.grofers.com/app/assets/products/sliding_images/jpeg/8c806814-9fa7-418f-95b5-403a621518f4.jpg?ts=1717607558;https://cdn.grofers.com/app/assets/products/sliding_images/jpeg/d1d4e712-4051-4ed9-ba86-b47b4a03ecea.jpg?ts=1717607559;https://cdn.grofers.com/app/assets/products/sliding_images/jpeg/5039bdd1-4013-4059-ac5f-d8f756185c0e.jpg;https://cdn.grofers.com/app/assets/products/sliding_images/jpeg/497c3211-6a08-466a-922f-e2f203411da6.jpg,52,0
blinkit,Vegetables,35572,341330,341330,Totapuri Raw Mango (Mavina Kaayi),,20,15,(700-900) g,True,19,19,Fresh Fruits,Raw Mango,https://cdn.grofers.com/app/assets/products/sliding_images/jpeg/63640875-c8a1-4ff2-b5cf-f6146376710c.jpg?ts=1713943885;https://cdn.grofers.com/app/assets/products/sliding_images/jpeg/3bb2fa0a-2f6a-49c0-9639-d17743a2ed02.jpg?ts=1713943886;https://cdn.grofers.com/app/assets/products/sliding_images/jpeg/fd036046-581b-4cd7-8ebe-fa3eeca0e90d.jpg;https://cdn.grofers.com/app/assets/products/sliding_images/jpeg/3cf08028-51a0-4c48-a93b-eb9f4c3c1b96.jpg;https://cdn.grofers.com/app/assets/products/sliding_images/jpeg/d4a8ed1f-6dcb-4afe-b5f7-8bebd646b73c.jpg,53,0
blinkit,Vegetables,35572,3928,3928,Broad Beans 250 g (Avarekai),,25,20,250 g,True,6,6,Fresh Vegetables,Beans,https://cdn.grofers.com/app/assets/products/sliding_images/jpeg/4988a375-ccc1-41ca-98d1-effd698f8a76.jpg?ts=1708587809;https://cdn.grofers.com/da/cms-assets/cms/product/2b2d9dbe-b9e6-4b06-9d23-431b75466038.jpg?ts=1730913698;https://cdn.grofers.com/da/cms-assets/cms/product/f66f89de-c1c9-498b-9b53-14be3477d5e2.jpg?ts=1730913699,54,0
blinkit,Vegetables,35572,445188,445188,Corn Cob (Jola),,30,24,1 piece,True,16,16,Fresh Vegetables,Corn,https://cdn.grofers.com/da/cms-assets/cms/product/13960315-9d25-4de8-b476-d5b736b72175.jpg?ts=1751283791;https://cdn.grofers.com/da/cms-assets/cms/product/d247e538-d37c-4186-bb8e-e5a3dfca3ece.jpg?ts=1751283791;https://cdn.grofers.com/da/cms-assets/cms/product/3d2a77dc-ed1d-4a11-aada-0522ad9f1901.jpg?ts=1751283791;https://cdn.grofers.com/da/cms-assets/cms/product/edf0d237-ba67-4cbf-989c-271f659059ad.jpg?ts=1751283791;https://cdn.grofers.com/da/cms-assets/cms/product/17d6d8da-3781-4ad1-b471-464f839073e5.jpg,55,0
blinkit,Vegetables,35572,602591,602591,Organically Grown Green Cucumber - 500 g (Southekayi),Green Earth,42,31,500 g,True,8,8,Certified Organic,Cucumber,https://cdn.grofers.com/da/cms-assets/cms/product/10b777db-c806-4043-a630-3b3ffa4d173f.jpg?ts=1737027097;https://cdn.grofers.com/da/cms-assets/cms/product/1a7fde56-c306-48c8-9d2a-6d8531be7947.jpg?ts=1737027097;https://cdn.grofers.com/da/cms-assets/cms/product/6b70ec64-4140-43f0-ab5b-6cb68ac421d5.jpg?ts=1737027098,56,0
blinkit,Vegetables,35572,440229,440229,Cherry Tomatoes,,150,53,200 g,True,15,15,Exotics,Cherry Tomatoes,https://cdn.grofers.com/da/cms-assets/cms/product/7a41b4e1-9b61-4edb-a816-22a7f702449a.jpg?ts=1737628237;https://cdn.grofers.com/app/assets/products/sliding_images/jpeg/a3b1cd24-ae5b-4f18-92e1-00bbc8e4feca.jpg?ts=1711442641;https://cdn.grofers.com/app/assets/products/sliding_images/jpeg/dc180414-eb55-421f-a7a5-f21c421aaf3e.jpg?ts=1711442641;https://cdn.grofers.com/app/assets/products/sliding_images/jpeg/72f67fe6-5ced-4acd-bcc1-df103d79b786.jpg?ts=1711442641,57,0
blinkit,Vegetables,35572,39395,39395,Yellow Bell Pepper (Haladi Dappa Menasina Kaayi),,47,36,1 piece (125-175 g),True,8,8,Exotics,Bell Pepper,https://cdn.grofers.com/app/assets/products/sliding_images/jpeg/d13eac10-ea6d-44dd-9bec-76630b19085e.jpg?ts=1711472825;https://cdn.grofers.com/app/assets/products/sliding_images/jpeg/a094c94c-1e90-47f7-96f9-c59b85adcaae.jpg?ts=1711472825;https://cdn.grofers.com/app/assets/products/sliding_images/jpeg/66c7d8ca-1d27-461b-9235-ef7b244542c8.jpg?ts=1711472825;https://cdn.grofers.com/app/assets/products/sliding_images/jpeg/24680016-fbed-41ab-8fa5-ad4a7fd6240d.jpg,58,0
blinkit,Vegetables,35572,446707,446707,Mint Leaves (Pudina Soppu),,15,12,100 g,True,7,7,Leafies & Herbs,Mint Leaves,https://cdn.grofers.com/app/assets/products/sliding_images/jpeg/8b529be1-a5e6-4134-a59f-e84e5b1fa456.jpg?ts=1712320351;https://cdn.grofers.com/app/assets/products/sliding_images/jpeg/15b1660e-17de-4d78-b75a-50ba2f83fdba.jpg?ts=1712320351;https://cdn.grofers.com/app/assets/products/sliding_images/jpeg/691bb7ae-07c0-4eaf-bec9-985c70ce8f14.jpg?ts=1712320351;https://cdn.grofers.com/app/assets/products/sliding_images/jpeg/bdb126ae-aa42-468b-977d-5f0aa3482921.jpg?ts=1712320351,59,0
blinkit,Vegetables,35572,145447,145447,Sambhar Onion (Eerulli),,37,27,250 g,True,9,9,Fresh Vegetables,Onion,https://cdn.grofers.com/app/images/products/sliding_image/145447a.jpg?ts=1690814755;https://cdn.grofers.com/app/images/products/sliding_image/145447b.jpg?ts=1690814755,60,0
