platform,search_query,store_id,product_id,variant_id,name,brand,mrp,price,quantity,in_stock,inventory,max_allowed_quantity,category,sub_category,images,organic_rank,rating
blinkit,Vegetables,40589,354997,354997,Potato (Alugadde),,38,30,(0.95-1.05) kg,True,10,10,Fresh Vegetables,Potato,https://cdn.grofers.com/da/cms-assets/cms/product/47aacb59-7ce0-438a-9c8d-208e6901fef4.png;https://cdn.grofers.com/da/cms-assets/cms/product/1f5a6652-25a7-4f56-b0be-e06acd9f2e2f.png;https://cdn.grofers.com/da/cms-assets/cms/product/e46eb1e7-1e0a-4740-b585-bacf3599f196.png;https://cdn.grofers.com/da/cms-assets/cms/product/b125015f-2f3b-47ab-9062-4b2fdc93d691.png;https://cdn.grofers.com/app/images/products/common/customer_care.jpg,1,0
blinkit,Vegetables,40589,3898,3898,Lady Finger (Bendekayi),,19,14,250 g,True,25,25,Fresh Vegetables,Lady Finger,https://cdn.grofers.com/da/cms-assets/cms/product/55b60fb8-ab99-491c-89df-08aa8959f060.png;https://cdn.grofers.com/da/cms-assets/cms/product/0f8d4183-15b8-4b78-9752-0dc4363ef749.png;https://cdn.grofers.com/da/cms-assets/cms/product/d2c5729e-5d37-4132-857b-9ce35b464dc1.png;https://cdn.grofers.com/da/cms-assets/cms/product/fa28da4f-e8f1-4622-a4b8-811189c80da0.png;https://cdn.grofers.com/app/images/products/common/customer_care.jpg,2,0
blinkit,Vegetables,40589,37743,37743,Desi Tomato 500 g (Naati Tomaato),,21,16,500 g,True,48,48,Fresh Vegetables,Tomato,https://cdn.grofers.com/da/cms-assets/cms/product/667ea47a-84c8-4a73-86fc-a0c8c8281170.png;https://cdn.grofers.com/da/cms-assets/cms/product/a9e0176f-04a1-44f2-b814-552e176edae9.png;https://cdn.grofers.com/da/cms-assets/cms/product/6ef75cc4-15ce-4b5d-9e5e-d51ff0349ae9.png;https://cdn.grofers.com/da/cms-assets/cms/product/8e0469aa-6e40-4c7f-879e-f3052ec06773.png;https://cdn.grofers.com/app/images/products/common/customer_care.jpg,3,0
blinkit,Vegetables,40589,438113,438113,Cauliflower (Hoo Kosu),,33,25,1 piece (300-500 g),True,13,13,Fresh Vegetables,Cauliflower,https://cdn.grofers.com/da/cms-assets/cms/product/c2b29fc5-ea91-406f-b97e-4c430504e19f.png;https://cdn.grofers.com/da/cms-assets/cms/product/1d3b3354-e24f-4032-b594-631faa0b00a3.png;https://cdn.grofers.com/da/cms-assets/cms/product/7b2f2fb2-e927-4c93-b634-5592affe05f7.png;https://cdn.grofers.com/da/cms-assets/cms/product/fc65e212-78df-49f6-a4ec-3886423af1ca.png;https://cdn.grofers.com/app/images/products/common/customer_care.jpg,4,0
blinkit,Vegetables,40589,565122,565122,Yu 100% Natural Coconut Water,Yu,360,180,6 x 200 ml,True,1,1,Coconut Water,Coconut Water,https://cdn.grofers.com/da/cms-assets/cms/product/2ec38df6-909a-4bce-bf2a-e109c867e927.png;https://cdn.grofers.com/da/cms-assets/cms/product/bebca609-aafe-48e9-b96e-6ab23592776e.png;https://cdn.grofers.com/da/cms-assets/cms/product/a2cecceb-8e72-418a-9e63-e73d55b38c27.png;https://cdn.grofers.com/da/cms-assets/cms/product/127c06d3-9334-4cd8-b09b-b1f9fb036f59.png;https://cdn.grofers.com/da/cms-assets/cms/product/22997980-189b-4cab-82b6-179a49dd995a.png;https://cdn.grofers.com/da/cms-assets/cms/product/a011903c-cef6-4fec-b7df-123716a77260.png;https://cdn.grofers.com/da/cms-assets/cms/product/16d08378-0b65-442d-9f3c-399315af63a5.png;https://cdn.grofers.com/da/cms-assets/cms/product/b8988b39-523b-482e-b8e8-cd0f8c03f22d.png;https://cdn.grofers.com/da/cms-assets/cms/product/758f4fda-845c-4109-b68d-a7944dfa3022.png;https://cdn.grofers.com/da/cms-assets/cms/product/093da5d8-f8d4-46f3-98bb-9348c1d06fcc.png;https://cdn.grofers.com/da/cms-assets/cms/product/c8d461de-272f-4e63-9584-76db64457a40.png;https://cdn.grofers.com/da/cms-assets/cms/product/34515689-2e37-4763-b29e-57df93b1ced3.png;https://cdn.grofers.com/app/images/products/common/customer_care.jpg,5,4.465000
blinkit,Vegetables,40589,565123,565123,Yu 100% Natural Coconut Water,Yu,60,47,200 ml,True,1,1,Coconut Water,Coconut Water,https://cdn.grofers.com/da/cms-assets/cms/product/af0ae945-04ea-4be2-ae46-455559329852.png;https://cdn.grofers.com/da/cms-assets/cms/product/8f529f4a-f182-45cb-8821-7dc986b358f5.png;https://cdn.grofers.com/da/cms-assets/cms/product/a9ff7715-7621-4eca-be31-e02dd94f70ca.png;https://cdn.grofers.com/da/cms-assets/cms/product/f0818187-30f4-4db4-849e-35be7d703891.png;https://cdn.grofers.com/da/cms-assets/cms/product/91162fe7-773b-4393-91d0-36d5cac5e660.png;https://cdn.grofers.com/da/cms-assets/cms/product/107bf52c-2437-4cfa-86b9-95f5db941beb.png;https://cdn.grofers.com/da/cms-assets/cms/product/15ba14eb-dc25-47b6-a9c8-c30ceb6f013d.png;https://cdn.grofers.com/da/cms-assets/cms/product/a1df600f-714b-41d4-a2c1-569bf2206e5f.png;https://cdn.grofers.com/da/cms-assets/cms/product/d32ef1f8-8e4c-4ffc-a0c8-e0abbd1965e0.png;https://cdn.grofers.com/da/cms-assets/cms/product/5b14c0a6-0f6c-43fe-8fd7-4f16e2994789.png;https://cdn.grofers.com/da/cms-assets/cms/product/604ab573-9d0b-4998-9af6-9d0de0a4ca78.png;https://cdn.grofers.com/da/cms-assets/cms/product/c823b2fc-0c4a-45c1-82eb-0a5326d60b77.png;https://cdn.grofers.com/app/images/products/common/customer_care.jpg,5,4.248000
blinkit,Vegetables,40589,3881,3881,Hybrid Tomato 500 g,,22,16,500 g,True,48,48,Fresh Vegetables,Tomato,https://cdn.grofers.com/da/cms-assets/cms/product/4cd11feb-f6df-4830-9fa1-a5f39f08fc3f.png;https://cdn.grofers.com/da/cms-assets/cms/product/47cf3540-65a7-4500-a54e-7a6a183f2a75.png;https://cdn.grofers.com/da/cms-assets/cms/product/19fae49e-2d12-4e23-abde-e60f08182ad0.png;https://cdn.grofers.com/da/cms-assets/cms/product/ba669458-bf4e-4427-b2c3-7467d8c5e649.png;https://cdn.grofers.com/app/images/products/common/customer_care.jpg,6,0
blinkit,Vegetables,40589,421706,421706,Coccinea (Thondekaayi),,23,18,250 g,True,12,12,Fresh Vegetables,Coccinea,https://cdn.grofers.com/da/cms-assets/cms/product/2347d68f-12ce-44af-bb0f-c4b81de589f4.png;https://cdn.grofers.com/da/cms-assets/cms/product/584fc195-ea94-4cb6-a20f-0626f692c9c6.jpg;https://cdn.grofers.com/app/images/products/common/customer_care.jpg,7,0
blinkit,Vegetables,40589,327916,327916,Orange Carrot,,44,35,500 g,True,24,24,Fresh Vegetables,Carrot,https://cdn.grofers.com/da/cms-assets/cms/product/3de12ff4-882f-40c0-98d8-ff082ecdcf58.png;https://cdn.grofers.com/da/cms-assets/cms/product/70b9642b-ddb9-424d-bf71-b63909f3bbb4.png;https://cdn.grofers.com/app/images/products/common/customer_care.jpg,8,0
blinkit,Vegetables,40589,530158,530158,Onion (Eerulli),,37,27,(0.95-1.05) kg,True,50,50,Fresh Vegetables,Onion,https://cdn.grofers.com/da/cms-assets/cms/product/f53c1ea1-cfa0-438b-a14c-b4f5ebeed7dd.png;https://cdn.grofers.com/da/cms-assets/cms/product/7dbba89e-1c58-44f1-b22e-8c9c59e828d6.png;https://cdn.grofers.com/da/cms-assets/cms/product/c9491304-1b82-4298-87d7-ef1d83afc76b.png;https://cdn.grofers.com/da/cms-assets/cms/product/255664b8-a4fc-46e4-b310-9de57e71295f.png;https://cdn.grofers.com/app/images/products/common/customer_care.jpg,9,0
blinkit,Vegetables,40589,532987,532987,Onion - Pack of 2 (Eerulli),,78,60,2 x (0.95-1.05) kg,True,43,43,Fresh Vegetables,Onion,https://cdn.grofers.com/da/cms-assets/cms/product/4e24f749-8a65-4a87-a562-7bc4bf49351f.png;https://cdn.grofers.com/da/cms-assets/cms/product/9bfb8b42-7dc2-4220-b73e-e23d1f1b64b7.png;https://cdn.grofers.com/da/cms-assets/cms/product/6c391373-d378-4a4f-9caf-a5d303ab8631.png;https://cdn.grofers.com/da/cms-assets/cms/product/3f28b9f5-bfef-4d3f-aabf-db79fc377863.png;https://cdn.grofers.com/app/images/products/common/customer_care.jpg,9,0
blinkit,Vegetables,40589,10088,10088,Green Cucumber (Southekayi),,19,15,(500-700) g,True,15,15,Fresh Vegetables,Cucumber,https://cdn.grofers.com/da/cms-assets/cms/product/e29ff4ab-7a96-4b90-b251-0489fa0416a2.png;https://cdn.grofers.com/da/cms-assets/cms/product/ed8ea455-3f4c-48f7-bd52-dde21ddcd32b.png;https://cdn.grofers.com/da/cms-assets/cms/product/cea59d69-bb21-4318-9eb3-703c6a14c757.png;https://cdn.grofers.com/da/cms-assets/cms/product/6334bed8-fd00-4a86-838a-1029af68d1d4.png;https://cdn.grofers.com/app/images/products/common/customer_care.jpg,10,0
blinkit,Vegetables,40589,339151,339151,Beetroot,,17,14,(250-350) g,True,12,12,Fresh Vegetables,Beetroot,https://cdn.grofers.com/da/cms-assets/cms/product/c407473e-e0fb-448c-8488-1eb576effae9.png;https://cdn.grofers.com/da/cms-assets/cms/product/0ef0472a-3464-433c-a78c-cb0db9308f6b.png;https://cdn.grofers.com/da/cms-assets/cms/product/d23b9cee-7ba6-4758-b193-3a019d962a3d.png;https://cdn.grofers.com/da/cms-assets/cms/product/c0ce6b62-3720-4d44-8b9e-d0ea5a0f5469.png;https://cdn.grofers.com/app/images/products/common/customer_care.jpg,11,0
blinkit,Vegetables,40589,3889,3889,Coriander Bunch (Kottambari Soppu),,11,9,100 g,True,17,17,Leafies & Herbs,Coriander,https://cdn.grofers.com/da/cms-assets/cms/product/1d1beb79-3747-411f-b199-eaf7f9ad8a4f.png;https://cdn.grofers.com/da/cms-assets/cms/product/8f5e3271-f021-4f27-bc81-7deea6b59f31.png;https://cdn.grofers.com/da/cms-assets/cms/product/87b0ee27-668e-46ad-a1ec-36b2d19273ba.png;https://cdn.grofers.com/app/images/products/common/customer_care.jpg,12,0
blinkit,Vegetables,40589,607308,607308,Coriander Bunch - Pack of 2 (Kottambari Soppu),,30,23,2 x 100 g,True,8,8,Leafies & Herbs,Coriander,https://cdn.grofers.com/da/cms-assets/cms/product/3d39450c-fe9e-4fb1-8d79-aadb3284a641.png;https://cdn.grofers.com/da/cms-assets/cms/product/47e67f87-7294-4929-a557-7074fb64c7db.jpg;https://cdn.grofers.com/da/cms-assets/cms/product/81cab939-2b1d-4e98-8041-f51ebebd8f60.png;https://cdn.grofers.com/da/cms-assets/cms/product/fe2ee6ff-7bbd-464f-b9ab-0d0d3bcc3915.jpg;https://cdn.grofers.com/app/images/products/common/customer_care.jpg,12,0
blinkit,Vegetables,40589,423735,423735,Green Chilli 100 g (Menasinakayi),,11,9,100 g,True,50,50,Fresh Vegetables,Chilli,https://cdn.grofers.com/app/assets/products/sliding_images/jpeg/27055af4-f9ca-49f5-a84b-cf407583be43.jpg?ts=1711019907;https://cdn.grofers.com/app/assets/products/sliding_images/jpeg/e8f3f700-5127-4d6b-826e-301bf6cdbfa6.jpg?ts=1711019907;https://cdn.grofers.com/app/assets/products/sliding_images/jpeg/669b8658-52de-4583-bfe4-b84d31e34ea5.jpg?ts=1711019907;https://cdn.grofers.com/app/assets/products/sliding_images/jpeg/96315cd0-d465-4f3a-b44f-404265c3742f.jpg?ts=1711019907,13,0
blinkit,Vegetables,40589,607309,607309,Green Chilli 100 g - Pack of 2 (Menasinakayi),,26,19,2 x 100 g,True,25,25,Fresh Vegetables,Chilli,https://cdn.grofers.com/da/cms-assets/cms/product/3c97b38f-1aa9-455c-a780-4decba07502d.jpg?ts=1737093005;https://cdn.grofers.com/app/assets/products/sliding_images/jpeg/0f4616f1-3180-4031-9952-77dadcd8b4fd.jpg;https://cdn.grofers.com/da/cms-assets/cms/product/b3e17eb6-45e4-4b08-a263-5fe67789f174.jpg?ts=1737093005;https://cdn.grofers.com/app/assets/products/sliding_images/jpeg/008a6de5-e6fa-4cd7-9166-60f23e07a08b.jpg,13,0
blinkit,Vegetables,40589,229627,229627,Lemon (Nimbe),,36,28,(220-250) g,True,44,44,Fresh Vegetables,Lemon,https://cdn.grofers.com/app/assets/products/sliding_images/jpeg/c655faa5-2b29-4714-8411-c98b67f4ef51.jpg?ts=1741346719;https://cdn.grofers.com/app/assets/products/sliding_images/jpeg/6dcf7bcc-a4a3-4d3a-88cd-ce59c472abb8.jpg?ts=1741346719;https://cdn.grofers.com/app/assets/products/sliding_images/jpeg/1d8d48f9-cdac-463c-9da0-1a2991f18cc8.jpg?ts=1741346719;https://cdn.grofers.com/app/assets/products/sliding_images/jpeg/4964a43b-a9d6-44f8-aadb-4d737b4255b5.jpg?ts=1741346719,14,0
blinkit,Vegetables,40589,365421,365421,Coriander (Without Roots) (Kottambari Soppu),,89,12,100 g,True,28,28,Leafies & Herbs,Coriander,https://cdn.grofers.com/da/cms-assets/cms/product/d1a28a56-0f92-4794-98c6-685e3a2a0185.jpg?ts=1750397347;https://cdn.grofers.com/da/cms-assets/cms/product/01a36c1c-626d-457e-88e1-f47c24bdf17f.jpg?ts=1750071080;https://cdn.grofers.com/da/cms-assets/cms/product/08127336-ac07-4c07-be27-50c1f5d9e99a.jpg?ts=1750071080,15,0
blinkit,Vegetables,40589,242284,242284,Ooty Carrot,,28,22,250 g,True,11,11,Fresh Vegetables,Carrot,https://cdn.grofers.com/app/assets/products/sliding_images/jpeg/e6cddd32-537f-4822-b2b9-4bbbb1aeaa27.jpg?ts=1718267335;https://cdn.grofers.com/app/images/products/sliding_image/242284b.jpg?ts=1690831060,16,0
blinkit,Vegetables,40589,355004,355004,Garlic (Bellulli),,28,21,100 g,True,26,26,Fresh Vegetables,Garlic,https://cdn.grofers.com/app/assets/products/sliding_images/jpeg/c94ce8fe-8a5c-4ba3-9277-6b988ad42a50.jpg?ts=1711473367;https://cdn.grofers.com/app/assets/products/sliding_images/jpeg/69fdf69a-b941-420e-a02b-febaae593f77.jpg?ts=1711473367;https://cdn.grofers.com/da/cms-assets/cms/product/e32ba356-5e3e-4a96-ab11-75238b42d50f.jpg?ts=1740114830;https://cdn.grofers.com/app/assets/products/sliding_images/jpeg/45ebcfc0-a889-4c2f-8583-6a7d3ec56b13.jpg?ts=1711473367,17,0
blinkit,Vegetables,40589,184269,184269,Jamun,,61,48,(250-280) g,True,9,9,Fresh Fruits,Jamun,https://cdn.grofers.com/app/assets/products/sliding_images/jpeg/876b89b9-9c7d-4f7d-9fc3-974de0ac65af.jpg?ts=1714125339;https://cdn.grofers.com/app/assets/products/sliding_images/jpeg/d78a4af7-dcc6-4019-9d52-b60291b251e7.jpg?ts=1714125339;https://cdn.grofers.com/app/assets/products/sliding_images/jpeg/e732e5ab-b716-49be-8ed0-0bc8524ced31.jpg;https://cdn.grofers.com/app/assets/products/sliding_images/jpeg/3716e7dc-5fd9-4bdf-bf2f-bbb6bc8eaefd.jpg,18,0
blinkit,Vegetables,40589,95032,95032,Ginger (Shunti),,20,16,200 g,True,19,19,Fresh Vegetables,Ginger,https://cdn.grofers.com/app/assets/products/sliding_images/jpeg/1a3564c0-b467-4a8e-90f2-fe5bec7c613b.jpg?ts=1722935025;https://cdn.grofers.com/app/assets/products/sliding_images/jpeg/92f94032-2a10-4511-93cf-9a0bd333eba8.jpg?ts=1722935027;https://cdn.grofers.com/app/assets/products/sliding_images/jpeg/a4f15ad9-7010-46d5-bfcd-e0e495cd8de2.jpg?ts=1722935028;https://cdn.grofers.com/app/assets/products/sliding_images/jpeg/604a0beb-b474-45b7-a57e-a76261e05296.jpg?ts=1722935030,19,0
blinkit,Vegetables,40589,23343,23343,English Cucumber (Southekayi),,32,25,(500-600) g,True,11,11,Fresh Vegetables,Cucumber,https://cdn.grofers.com/app/assets/products/sliding_images/jpeg/4a7cbdcc-d74d-403f-a0cb-b130572ad296.jpg?ts=1711022176;https://cdn.grofers.com/app/assets/products/sliding_images/jpeg/2598d366-b897-4532-8b31-496c91e2572a.jpg?ts=1711022176;https://cdn.grofers.com/app/assets/products/sliding_images/jpeg/d0fa3bb9-f859-4712-a180-dc0d9adf8574.jpg?ts=1711022176;https://cdn.grofers.com/app/assets/products/sliding_images/jpeg/419b37ea-f2cb-4b36-b3b1-7254f2e79953.jpg,20,0
blinkit,Vegetables,40589,253317,253317,Button Mushroom (Anabe),,62,49,(180-200) g,True,32,32,Fresh Vegetables,Mushroom,https://cdn.grofers.com/app/assets/products/sliding_images/jpeg/ee1b5a5a-5c29-4060-93a6-60a794600cd1.jpg?ts=1716344812;https://cdn.grofers.com/app/assets/products/sliding_images/jpeg/11a2e041-c3ba-40e2-be3a-1181620b4108.jpg?ts=1716344813;https://cdn.grofers.com/app/assets/products/sliding_images/jpeg/86bb0196-2030-439e-af61-31aac914d5df.jpg?ts=1716344813;https://cdn.grofers.com/app/assets/products/sliding_images/jpeg/2f73bc09-6e7d-4d23-91b5-0be628e191fe.jpg?ts=1716344814;https://cdn.grofers.com/app/assets/products/sliding_images/jpeg/bcdb0636-6e44-4f2b-b1c4-b80bb20a50b3.jpg,21,0
blinkit,Vegetables,40589,17643,17643,Curry Leaves (Karibevina Soppu),,19,14,100 g,True,22,22,Leafies & Herbs,Curry Leaves,https://cdn.grofers.com/app/images/products/sliding_image/17643a.jpg?ts=1690813684;https://cdn.grofers.com/app/images/products/sliding_image/17643b.jpg?ts=1690813684,22,0
blinkit,Vegetables,40589,22982,22982,Haricot Beans (Hurulikayi),,36,28,250 g,True,12,12,Fresh Vegetables,Beans,https://cdn.grofers.com/app/assets/products/sliding_images/jpeg/57535480-3faa-4725-9621-63555cd9035b.jpg?ts=1707557500;https://cdn.grofers.com/app/images/products/sliding_image/22982b.jpg?ts=1690813550,23,0
blinkit,Vegetables,40589,217614,217614,Bottle Gourd (Sore Kayi),,38,28,1 piece (400-600 g),True,15,15,Fresh Vegetables,Bottle Gourd,https://cdn.grofers.com/da/cms-assets/cms/product/ed7caf57-c3cd-4268-b5f8-753a744233e4.jpg?ts=1745410335;https://cdn.grofers.com/da/cms-assets/cms/product/b14a8373-d01b-455b-a1de-d63a6b5d9d85.jpg?ts=1745410335;https://cdn.grofers.com/da/cms-assets/cms/product/4f7457d9-b290-4bcc-87d5-4c530772069c.jpg?ts=1745410336;https://cdn.grofers.com/da/cms-assets/cms/product/d64d2112-ab0c-4e59-a177-3fb2a47c94ab.jpg?ts=1745410336;https://cdn.grofers.com/da/cms-assets/cms/product/2f2cbdde-db6f-483b-bc10-91768d25c109.jpg?ts=1745410337,24,0
