platform,search_query,store_id,product_id,variant_id,name,brand,mrp,price,quantity,in_stock,inventory,max_allowed_quantity,category,sub_category,images,organic_rank,rating
blinkit,Vegetables,33992,354997,354997,Potato (Alugadde),,39,30,(0.95-1.05) kg,True,10,10,Fresh Vegetables,Potato,https://cdn.grofers.com/da/cms-assets/cms/product/2d053159-1d80-479e-9d0a-8c76d37c9af4.jpg?ts=1744719578;https://cdn.grofers.com/da/cms-assets/cms/product/67d0d903-36d7-431f-a6c7-7c925dd9cac7.jpg?ts=1744719578;https://cdn.grofers.com/da/cms-assets/cms/product/48607637-f2f0-4403-8cdd-36f25531c9cd.jpg?ts=1744719578;https://cdn.grofers.com/da/cms-assets/cms/product/97f9eb63-a0ea-466d-bace-784ea4c43fe9.jpg?ts=1744719578,1,0
blinkit,Vegetables,33992,3898,3898,Lady Finger (Bendekayi),,18,14,250 g,True,41,41,Fresh Vegetables,Lady Finger,https://cdn.grofers.com/app/assets/products/sliding_images/jpeg/1d455f4c-48df-4228-8fdb-51129f10491d.jpg?ts=1711016007;https://cdn.grofers.com/app/assets/products/sliding_images/jpeg/fcfe265a-4c50-4494-845d-819619e3101e.jpg?ts=1711016007;https://cdn.grofers.com/app/assets/products/sliding_images/jpeg/98e6da32-223b-4bb8-b550-fd6e8ebc1b3d.jpg?ts=1711016007;https://cdn.grofers.com/app/assets/products/sliding_images/jpeg/731a4545-f6f4-4296-ad80-63f9757f297a.jpg,2,0
blinkit,Vegetables,33992,37743,37743,Desi Tomato 500 g (Naati Tomaato),,21,16,500 g,True,50,50,Fresh Vegetables,Tomato,https://cdn.grofers.com/da/cms-assets/cms/product/667ea47a-84c8-4a73-86fc-a0c8c8281170.jpg?ts=1748187119;https://cdn.grofers.com/da/cms-assets/cms/product/a9e0176f-04a1-44f2-b814-552e176edae9.jpg?ts=1748187120;https://cdn.grofers.com/da/cms-assets/cms/product/6ef75cc4-15ce-4b5d-9e5e-d51ff0349ae9.jpg?ts=1748187120;https://cdn.grofers.com/da/cms-assets/cms/product/8e0469aa-6e40-4c7f-879e-f3052ec06773.jpg,3,0
blinkit,Vegetables,33992,421741,421741,Varikatri Brinjal (Badanekayi),,19,15,250 g,True,18,18,Fresh Vegetables,Brinjal,https://cdn.grofers.com/app/assets/products/sliding_images/jpeg/54081dc4-99f4-4201-8eb6-e36c05f9ad99.jpg?ts=1710840665;https://cdn.grofers.com/app/assets/products/sliding_images/jpeg/825e208d-fb4b-46ea-97ac-b57ac899a951.jpg?ts=1714039581,4,0
blinkit,Vegetables,33992,565122,565122,Yu 100% Natural Coconut Water,Yu,360,180,6 x 200 ml,True,4,4,Coconut Water,Coconut Water,https://cdn.grofers.com/da/cms-assets/cms/product/318bc5dc-a17a-4233-a528-3ff9948489b1.jpg?ts=1746519691;https://cdn.grofers.com/da/cms-assets/cms/product/e9344803-054f-438b-a51a-4e9d94ec0fab.jpg?ts=1746100528;https://cdn.grofers.com/da/cms-assets/cms/product/93ad0066-57c3-4f8e-8090-c58996561f1f.jpg?ts=1746100529;https://cdn.grofers.com/da/cms-assets/cms/product/6e3b5cf8-aef8-456f-bd3d-ca232764f2da.jpg?ts=1746100529;https://cdn.grofers.com/da/cms-assets/cms/product/26ea01d4-7d30-426e-87c3-22dae750c6df.jpg?ts=1746100530;https://cdn.grofers.com/da/cms-assets/cms/product/aa93395d-3b28-4f77-be0f-4976ac055248.jpg?ts=1746100530;https://cdn.grofers.com/da/cms-assets/cms/product/c732048d-8131-4d73-b08a-fe4dcaaf3bbd.jpg?ts=1746100531;https://cdn.grofers.com/da/cms-assets/cms/product/aac1ca9c-66ed-4f4e-95e6-a07a243313a2.jpg?ts=1746100531;https://cdn.grofers.com/da/cms-assets/cms/product/10f36153-b462-405b-8b5e-fbd256f61df5.jpg?ts=1746100532;https://cdn.grofers.com/da/cms-assets/cms/product/9d8202bf-c34a-4c75-b9bc-29c03e0e9398.jpg?ts=1746100532;https://cdn.grofers.com/da/cms-assets/cms/product/d7a3560e-252b-45c6-a8ea-114c07448bd1.jpg;https://cdn.grofers.com/da/cms-assets/cms/product/5b135930-09ec-4990-8ca9-b8cc42c71de0.jpg,5,4.465000
blinkit,Vegetables,33992,565123,565123,Yu 100% Natural Coconut Water,Yu,60,47,200 ml,True,6,6,Coconut Water,Coconut Water,https://cdn.grofers.com/da/cms-assets/cms/product/c8de8ce5-41d1-4786-9cc3-5fcb7e81b1f1.jpg?ts=1746100542;https://cdn.grofers.com/da/cms-assets/cms/product/996a5171-a787-44d8-9761-2863716e8334.jpg?ts=1746100542;https://cdn.grofers.com/da/cms-assets/cms/product/4039daa0-68ce-472a-8bee-1bae7633e506.jpg?ts=1746100543;https://cdn.grofers.com/da/cms-assets/cms/product/adfb0a35-2ccb-47e2-a2fe-4495ccd4927f.jpg?ts=1746100543;https://cdn.grofers.com/da/cms-assets/cms/product/2c0ae66e-af1f-40e9-b47f-0b83a52de584.jpg?ts=1746100544;https://cdn.grofers.com/da/cms-assets/cms/product/95ba7a94-51ad-4407-8089-af49d373fe52.jpg?ts=1746100544;https://cdn.grofers.com/da/cms-assets/cms/product/70bc1d80-345a-41ef-b8f1-ca62f643b5f9.jpg?ts=1746100545;https://cdn.grofers.com/da/cms-assets/cms/product/c4d8e64a-b302-4b07-8136-7646583ad0ca.jpg?ts=1746100545;https://cdn.grofers.com/da/cms-assets/cms/product/fa04524d-7fc6-4752-b42a-ec39451debfc.jpg?ts=1746100546;https://cdn.grofers.com/da/cms-assets/cms/product/53cf4cc0-1fa4-4bf5-8319-af5ab785c185.jpg?ts=1746100546;https://cdn.grofers.com/da/cms-assets/cms/product/74714324-41e5-4346-9a74-f8773a8fe92e.jpg;https://cdn.grofers.com/da/cms-assets/cms/product/215d50e8-150a-4bfc-a811-f756bef4de9d.jpg,5,4.290000
blinkit,Vegetables,33992,438113,438113,Cauliflower (Hoo Kosu),,36,26,1 piece (300-500 g),True,29,29,Fresh Vegetables,Cauliflower,https://cdn.grofers.com/da/cms-assets/cms/product/c2b29fc5-ea91-406f-b97e-4c430504e19f.jpg?ts=1750140111;https://cdn.grofers.com/da/cms-assets/cms/product/1d3b3354-e24f-4032-b594-631faa0b00a3.jpg?ts=1750140111;https://cdn.grofers.com/da/cms-assets/cms/product/7b2f2fb2-e927-4c93-b634-5592affe05f7.jpg?ts=1750140112;https://cdn.grofers.com/app/assets/products/sliding_images/jpeg/ec131822-a14d-44fd-89b1-377133dfd02d.jpg?ts=1713868644,6,0
blinkit,Vegetables,33992,603498,603498,Organically Grown Bottle Gourd - 1 Piece 600 g (Sore Kayi),Green Earth,54,41,1 piece,True,1,1,Certified Organic,Bottle Gourd,https://cdn.grofers.com/da/cms-assets/cms/product/af689336-5896-440b-b2d6-a8178400cae2.jpg?ts=1736427590;https://cdn.grofers.com/da/cms-assets/cms/product/5be1b5f9-caa1-43d3-b7c1-9f483abd0f97.jpg?ts=1736427590,7,0
blinkit,Vegetables,33992,3881,3881,Hybrid Tomato 500 g,,20,16,500 g,True,50,50,Fresh Vegetables,Tomato,https://cdn.grofers.com/da/cms-assets/cms/product/4cd11feb-f6df-4830-9fa1-a5f39f08fc3f.jpg?ts=1748161073;https://cdn.grofers.com/da/cms-assets/cms/product/47cf3540-65a7-4500-a54e-7a6a183f2a75.jpg?ts=1748161074;https://cdn.grofers.com/da/cms-assets/cms/product/19fae49e-2d12-4e23-abde-e60f08182ad0.jpg?ts=1748161074;https://cdn.grofers.com/da/cms-assets/cms/product/ba669458-bf4e-4427-b2c3-7467d8c5e649.jpg,8,0
blinkit,Vegetables,33992,629704,629704,Organically Grown Bottle Gourd,Bhoomi Farms,63,48,1 piece (400-600 g),True,1,1,Certified Organic,Bottle Gourd,https://cdn.grofers.com/da/cms-assets/cms/product/9697d906-cf7c-4b5a-acee-b6f4110fe5c8.jpg;https://cdn.grofers.com/da/cms-assets/cms/product/ce17182f-d446-4539-b49e-fb8d32565e0b.jpg,9,0
blinkit,Vegetables,33992,421706,421706,Coccinea (Thondekaayi),,36,27,250 g,True,15,15,Fresh Vegetables,Coccinea,https://cdn.grofers.com/app/images/products/sliding_image/421706a.jpg?ts=1690817507;https://cdn.grofers.com/app/images/products/sliding_image/421706b.jpg?ts=1690817507,10,0
blinkit,Vegetables,33992,327916,327916,Orange Carrot,,48,35,500 g,True,43,43,Fresh Vegetables,Carrot,https://cdn.grofers.com/app/images/products/sliding_image/327916a.jpg?ts=1690813169;https://cdn.grofers.com/app/images/products/sliding_image/327916b.jpg?ts=1690813169,11,0
blinkit,Vegetables,33992,530158,530158,Onion (Eerulli),,35,27,(0.95-1.05) kg,True,50,50,Fresh Vegetables,Onion,https://cdn.grofers.com/app/assets/products/sliding_images/jpeg/a1ba074a-c085-4dd1-b4a4-2f247d6f211d.jpg?ts=1711010249;https://cdn.grofers.com/app/assets/products/sliding_images/jpeg/3e73bfa7-1dfc-4a53-983c-59a95366b8dc.jpg?ts=1711010249;https://cdn.grofers.com/app/assets/products/sliding_images/jpeg/d104419e-e128-405a-ae42-13794e50858d.jpg?ts=1711010249;https://cdn.grofers.com/app/assets/products/sliding_images/jpeg/40c2925c-9832-49ae-b2d8-08481466e448.jpg,12,0
blinkit,Vegetables,33992,532987,532987,Onion - Pack of 2 (Eerulli),,70,54,2 x (0.95-1.05) kg,True,50,50,Fresh Vegetables,Onion,https://cdn.grofers.com/app/assets/products/sliding_images/jpeg/a4683389-4d48-4cb9-8c96-2175cad90111.jpg?ts=1710495574;https://cdn.grofers.com/app/assets/products/sliding_images/jpeg/6a91b796-be03-448d-80ab-ef08f28bebbe.jpg?ts=1710495574;https://cdn.grofers.com/app/assets/products/sliding_images/jpeg/2dfc8f9d-363f-475c-9999-e9c9c0c8ff3b.jpg?ts=1710495574;https://cdn.grofers.com/da/cms-assets/cms/product/d9780bd2-85bc-415d-b037-c7e8118cbd26.jpg?ts=1741278776,12,0
blinkit,Vegetables,33992,10088,10088,Green Cucumber (Southekayi),,19,15,(500-700) g,True,50,50,Fresh Vegetables,Cucumber,https://cdn.grofers.com/app/assets/products/sliding_images/jpeg/861fd2fe-69e6-4651-8ee2-b2425a89af74.jpg?ts=1711022175;https://cdn.grofers.com/app/assets/products/sliding_images/jpeg/10a01878-fd70-4751-90fe-e719fe212445.jpg?ts=1711022175;https://cdn.grofers.com/app/assets/products/sliding_images/jpeg/29fa3433-3af0-49ee-b704-f56114545fd7.jpg?ts=1711022175;https://cdn.grofers.com/app/assets/products/sliding_images/jpeg/ea8a06c3-55ca-431b-ac0a-143d6b27856f.jpg?ts=1711022175,13,0
blinkit,Vegetables,33992,339151,339151,Beetroot,,24,18,(250-350) g,True,28,28,Fresh Vegetables,Beetroot,https://cdn.grofers.com/app/assets/products/sliding_images/jpeg/f953c34a-7e85-4b3f-a8f3-ceddbb206df4.jpg?ts=1711473225;https://cdn.grofers.com/app/assets/products/sliding_images/jpeg/3b649137-18dd-451c-b859-1500301fda91.jpg?ts=1711473225;https://cdn.grofers.com/app/assets/products/sliding_images/jpeg/c55c6223-da60-445d-a96b-87260a418399.jpg?ts=1711473225;https://cdn.grofers.com/app/assets/products/sliding_images/jpeg/e7bcab9e-a367-407b-aafa-2b20c313e6a2.jpg?ts=1711473225,14,0
blinkit,Vegetables,33992,607308,607308,Coriander Bunch - Pack of 2 (Kottambari Soppu),,24,17,2 x 100 g,True,50,50,Leafies & Herbs,Coriander,https://cdn.grofers.com/da/cms-assets/cms/product/9650bea9-b471-498e-abc1-3fc95085da44.jpg?ts=1737093001;https://cdn.grofers.com/app/assets/products/sliding_images/jpeg/80f2e43f-da5f-422f-ac23-7ffbe7728c38.jpg;https://cdn.grofers.com/da/cms-assets/cms/product/cb46c61d-a2e4-46f3-98b4-cf66a4ed479a.jpg?ts=1737093002;https://cdn.grofers.com/app/assets/products/sliding_images/jpeg/54b5361b-2b25-45ff-b91c-d2865a0e9d0c.jpg,15,0
blinkit,Vegetables,33992,3889,3889,Coriander Bunch (Kottambari Soppu),,12,9,100 g,True,50,50,Leafies & Herbs,Coriander,https://cdn.grofers.com/da/cms-assets/cms/product/1d1beb79-3747-411f-b199-eaf7f9ad8a4f.jpg?ts=1750069208;https://cdn.grofers.com/da/cms-assets/cms/product/8f5e3271-f021-4f27-bc81-7deea6b59f31.jpg?ts=1750069208;https://cdn.grofers.com/da/cms-assets/cms/product/87b0ee27-668e-46ad-a1ec-36b2d19273ba.jpg?ts=1750069208,15,0
blinkit,Vegetables,33992,423735,423735,Green Chilli 100 g (Menasinakayi),,11,9,100 g,True,50,50,Fresh Vegetables,Chilli,https://cdn.grofers.com/app/assets/products/sliding_images/jpeg/27055af4-f9ca-49f5-a84b-cf407583be43.jpg?ts=1711019907;https://cdn.grofers.com/app/assets/products/sliding_images/jpeg/e8f3f700-5127-4d6b-826e-301bf6cdbfa6.jpg?ts=1711019907;https://cdn.grofers.com/app/assets/products/sliding_images/jpeg/669b8658-52de-4583-bfe4-b84d31e34ea5.jpg?ts=1711019907;https://cdn.grofers.com/app/assets/products/sliding_images/jpeg/96315cd0-d465-4f3a-b44f-404265c3742f.jpg?ts=1711019907,16,0
blinkit,Vegetables,33992,607309,607309,Green Chilli 100 g - Pack of 2 (Menasinakayi),,22,17,2 x 100 g,True,50,50,Fresh Vegetables,Chilli,https://cdn.grofers.com/da/cms-assets/cms/product/3c97b38f-1aa9-455c-a780-4decba07502d.jpg?ts=1737093005;https://cdn.grofers.com/app/assets/products/sliding_images/jpeg/0f4616f1-3180-4031-9952-77dadcd8b4fd.jpg;https://cdn.grofers.com/da/cms-assets/cms/product/b3e17eb6-45e4-4b08-a263-5fe67789f174.jpg?ts=1737093005;https://cdn.grofers.com/app/assets/products/sliding_images/jpeg/008a6de5-e6fa-4cd7-9166-60f23e07a08b.jpg,16,0
blinkit,Vegetables,33992,229627,229627,Lemon (Nimbe),,35,28,(220-250) g,True,50,50,Fresh Vegetables,Lemon,https://cdn.grofers.com/app/assets/products/sliding_images/jpeg/c655faa5-2b29-4714-8411-c98b67f4ef51.jpg?ts=1741346719;https://cdn.grofers.com/app/assets/products/sliding_images/jpeg/6dcf7bcc-a4a3-4d3a-88cd-ce59c472abb8.jpg?ts=1741346719;https://cdn.grofers.com/app/assets/products/sliding_images/jpeg/1d8d48f9-cdac-463c-9da0-1a2991f18cc8.jpg?ts=1741346719;https://cdn.grofers.com/app/assets/products/sliding_images/jpeg/4964a43b-a9d6-44f8-aadb-4d737b4255b5.jpg?ts=1741346719,17,0
blinkit,Vegetables,33992,365421,365421,Coriander (Without Roots) (Kottambari Soppu),,89,12,100 g,True,50,50,Leafies & Herbs,Coriander,https://cdn.grofers.com/da/cms-assets/cms/product/d1a28a56-0f92-4794-98c6-685e3a2a0185.jpg?ts=1750397347;https://cdn.grofers.com/da/cms-assets/cms/product/01a36c1c-626d-457e-88e1-f47c24bdf17f.jpg?ts=1750071080;https://cdn.grofers.com/da/cms-assets/cms/product/08127336-ac07-4c07-be27-50c1f5d9e99a.jpg?ts=1750071080,18,0
blinkit,Vegetables,33992,355004,355004,Garlic (Bellulli),,27,21,100 g,True,50,50,Fresh Vegetables,Garlic,https://cdn.grofers.com/app/assets/products/sliding_images/jpeg/c94ce8fe-8a5c-4ba3-9277-6b988ad42a50.jpg?ts=1711473367;https://cdn.grofers.com/app/assets/products/sliding_images/jpeg/69fdf69a-b941-420e-a02b-febaae593f77.jpg?ts=1711473367;https://cdn.grofers.com/da/cms-assets/cms/product/e32ba356-5e3e-4a96-ab11-75238b42d50f.jpg?ts=1740114830;https://cdn.grofers.com/app/assets/products/sliding_images/jpeg/45ebcfc0-a889-4c2f-8583-6a7d3ec56b13.jpg?ts=1711473367,19,0
blinkit,Vegetables,33992,242284,242284,Ooty Carrot,,30,22,250 g,True,48,48,Fresh Vegetables,Carrot,https://cdn.grofers.com/app/assets/products/sliding_images/jpeg/e6cddd32-537f-4822-b2b9-4bbbb1aeaa27.jpg?ts=1718267335;https://cdn.grofers.com/app/images/products/sliding_image/242284b.jpg?ts=1690831060,20,0
blinkit,Vegetables,33992,17643,17643,Curry Leaves (Karibevina Soppu),,19,14,100 g,True,44,44,Leafies & Herbs,Curry Leaves,https://cdn.grofers.com/app/images/products/sliding_image/17643a.jpg?ts=1690813684;https://cdn.grofers.com/app/images/products/sliding_image/17643b.jpg?ts=1690813684,21,0
blinkit,Vegetables,33992,95032,95032,Ginger (Shunti),,22,16,200 g,True,33,33,Fresh Vegetables,Ginger,https://cdn.grofers.com/app/assets/products/sliding_images/jpeg/1a3564c0-b467-4a8e-90f2-fe5bec7c613b.jpg?ts=1722935025;https://cdn.grofers.com/app/assets/products/sliding_images/jpeg/92f94032-2a10-4511-93cf-9a0bd333eba8.jpg?ts=1722935027;https://cdn.grofers.com/app/assets/products/sliding_images/jpeg/a4f15ad9-7010-46d5-bfcd-e0e495cd8de2.jpg?ts=1722935028;https://cdn.grofers.com/app/assets/products/sliding_images/jpeg/604a0beb-b474-45b7-a57e-a76261e05296.jpg?ts=1722935030,22,0
blinkit,Vegetables,33992,23343,23343,English Cucumber (Southekayi),,33,25,(500-600) g,True,47,47,Fresh Vegetables,Cucumber,https://cdn.grofers.com/app/assets/products/sliding_images/jpeg/4a7cbdcc-d74d-403f-a0cb-b130572ad296.jpg?ts=1711022176;https://cdn.grofers.com/app/assets/products/sliding_images/jpeg/2598d366-b897-4532-8b31-496c91e2572a.jpg?ts=1711022176;https://cdn.grofers.com/app/assets/products/sliding_images/jpeg/d0fa3bb9-f859-4712-a180-dc0d9adf8574.jpg?ts=1711022176;https://cdn.grofers.com/app/assets/products/sliding_images/jpeg/419b37ea-f2cb-4b36-b3b1-7254f2e79953.jpg,23,0
blinkit,Vegetables,33992,253317,253317,Button Mushroom (Anabe),,62,49,(180-200) g,True,27,27,Fresh Vegetables,Mushroom,https://cdn.grofers.com/app/assets/products/sliding_images/jpeg/ee1b5a5a-5c29-4060-93a6-60a794600cd1.jpg?ts=1716344812;https://cdn.grofers.com/app/assets/products/sliding_images/jpeg/11a2e041-c3ba-40e2-be3a-1181620b4108.jpg?ts=1716344813;https://cdn.grofers.com/app/assets/products/sliding_images/jpeg/86bb0196-2030-439e-af61-31aac914d5df.jpg?ts=1716344813;https://cdn.grofers.com/app/assets/products/sliding_images/jpeg/2f73bc09-6e7d-4d23-91b5-0be628e191fe.jpg?ts=1716344814;https://cdn.grofers.com/app/assets/products/sliding_images/jpeg/bcdb0636-6e44-4f2b-b1c4-b80bb20a50b3.jpg,24,0
blinkit,Vegetables,33992,22982,22982,Haricot Beans (Hurulikayi),,35,28,250 g,True,18,18,Fresh Vegetables,Beans,https://cdn.grofers.com/app/assets/products/sliding_images/jpeg/57535480-3faa-4725-9621-63555cd9035b.jpg?ts=1707557500;https://cdn.grofers.com/app/images/products/sliding_image/22982b.jpg?ts=1690813550,25,0
blinkit,Vegetables,33992,184269,184269,Jamun,,61,47,(250-280) g,True,50,50,Fresh Fruits,Jamun,https://cdn.grofers.com/app/assets/products/sliding_images/jpeg/876b89b9-9c7d-4f7d-9fc3-974de0ac65af.jpg?ts=1714125339;https://cdn.grofers.com/app/assets/products/sliding_images/jpeg/d78a4af7-dcc6-4019-9d52-b60291b251e7.jpg?ts=1714125339;https://cdn.grofers.com/app/assets/products/sliding_images/jpeg/e732e5ab-b716-49be-8ed0-0bc8524ced31.jpg;https://cdn.grofers.com/app/assets/products/sliding_images/jpeg/3716e7dc-5fd9-4bdf-bf2f-bbb6bc8eaefd.jpg,26,0
blinkit,Vegetables,33992,217595,217595,Green Capsicum 500 g (Dappa Menasinakayi),,41,33,500 g,True,20,20,Fresh Vegetables,Capsicum,https://cdn.grofers.com/app/assets/products/sliding_images/jpeg/55a3d8d4-4234-4ff5-a7cd-25df6e2dccde.jpg?ts=1711024454;https://cdn.grofers.com/app/assets/products/sliding_images/jpeg/2d046cb3-edeb-4b1e-b73b-72b6be896a4f.jpg?ts=1711024454;https://cdn.grofers.com/app/assets/products/sliding_images/jpeg/e1412336-3663-49d0-a06a-31421bc49caa.jpg?ts=1711024454;https://cdn.grofers.com/app/assets/products/sliding_images/jpeg/30b1836c-6fe0-46e0-81ac-d7baa7710608.jpg,27,0
blinkit,Vegetables,33992,217614,217614,Bottle Gourd (Sore Kayi),,37,28,1 piece (400-600 g),True,28,28,Fresh Vegetables,Bottle Gourd,https://cdn.grofers.com/da/cms-assets/cms/product/ed7caf57-c3cd-4268-b5f8-753a744233e4.jpg?ts=1745410335;https://cdn.grofers.com/da/cms-assets/cms/product/b14a8373-d01b-455b-a1de-d63a6b5d9d85.jpg?ts=1745410335;https://cdn.grofers.com/da/cms-assets/cms/product/4f7457d9-b290-4bcc-87d5-4c530772069c.jpg?ts=1745410336;https://cdn.grofers.com/da/cms-assets/cms/product/d64d2112-ab0c-4e59-a177-3fb2a47c94ab.jpg?ts=1745410336;https://cdn.grofers.com/da/cms-assets/cms/product/2f2cbdde-db6f-483b-bc10-91768d25c109.jpg?ts=1745410337,28,0
blinkit,Vegetables,33992,365431,365431,Mint Leaves (Without Roots) (Pudina Soppu),,89,15,100 g,True,17,17,Leafies & Herbs,Mint Leaves,https://cdn.grofers.com/app/assets/products/sliding_images/jpeg/b2a44efa-f3e4-4db8-8b1a-a1e10c9da956.jpg?ts=1711473368;https://cdn.grofers.com/app/assets/products/sliding_images/jpeg/f0538322-4e64-483b-9845-fcbcf54df43c.jpg?ts=1711473368;https://cdn.grofers.com/app/assets/products/sliding_images/jpeg/e61b44f6-9035-4078-8978-bb905fcc8263.jpg?ts=1711473368;https://cdn.grofers.com/app/assets/products/sliding_images/jpeg/3463d04d-2136-4d3b-bbd3-e5597a650d00.jpg,29,0
blinkit,Vegetables,33992,602584,602584,Organically Grown Ginger - 100 g (Shunti),Green Earth,24,18,100 g,True,18,18,Certified Organic,Ginger,https://cdn.grofers.com/da/cms-assets/cms/product/8393ee7e-808b-40dc-bd75-b656241105ed.jpg?ts=1750933767;https://cdn.grofers.com/da/cms-assets/cms/product/717d6b2b-6f65-4151-8545-e64884477129.jpg?ts=1750933767;https://cdn.grofers.com/da/cms-assets/cms/product/21bae393-77ed-4007-b1cc-46641069622b.jpg?ts=1750933767,30,0
blinkit,Vegetables,33992,332744,332744,Spinach (Basale Soppu / Palak Soppu),,23,18,200 g,True,22,22,Leafies & Herbs,Spinach,https://cdn.grofers.com/da/cms-assets/cms/product/205bdf41-3adb-4dbe-80d9-cd5a20a72390.jpg?ts=1745410346;https://cdn.grofers.com/da/cms-assets/cms/product/ee6c9c5a-2c2e-4902-a9fa-fe9051f42808.jpg?ts=1745410347;https://cdn.grofers.com/da/cms-assets/cms/product/eec36d73-da5f-4358-a8b1-63a183cf1a98.jpg?ts=1745410347;https://cdn.grofers.com/da/cms-assets/cms/product/7e3ca75a-0b9a-4a5e-bb15-825254b90943.jpg?ts=1745410348,31,0
blinkit,Vegetables,33992,312160,312160,Spinach (without roots) (Basale Soppu / Palak Soppu),,35,25,200 g,True,50,50,Leafies & Herbs,Spinach,https://cdn.grofers.com/da/cms-assets/cms/product/837f0b93-1b9d-4322-b7be-dbf3930c72f5.jpg?ts=1745410340;https://cdn.grofers.com/da/cms-assets/cms/product/7d3077f6-3b4b-483e-9c40-3eb5cb1de271.jpg?ts=1745410341;https://cdn.grofers.com/da/cms-assets/cms/product/742a3a48-9d3b-4d4d-9de1-b3cc092a37d7.jpg?ts=1745410342;https://cdn.grofers.com/da/cms-assets/cms/product/f969d32b-ca95-4966-81b7-3624a22096a6.jpg?ts=1745410342;https://cdn.grofers.com/da/cms-assets/cms/product/05dd3df9-e5f6-4a20-aa57-f1f164daad1e.jpg?ts=1745410343,32,0
blinkit,Vegetables,33992,339152,339152,Cabbage (Yele Kosu),,27,21,1 piece (400-600 g),True,21,21,Fresh Vegetables,Cabbage,https://cdn.grofers.com/app/assets/products/sliding_images/jpeg/9a806b4f-1793-465f-a3ae-b3b221acbfb9.jpg?ts=1711016570;https://cdn.grofers.com/app/assets/products/sliding_images/jpeg/f6289139-b590-40a2-b294-34ae1eca2e77.jpg?ts=1711016570;https://cdn.grofers.com/app/assets/products/sliding_images/jpeg/9e61ed60-d76c-4ff3-a922-b5ddbdd7ad43.jpg?ts=1711016570;https://cdn.grofers.com/app/assets/products/sliding_images/jpeg/23c9fbf0-2e44-43ba-8ae4-e0db65d007d9.jpg,33,0
blinkit,Vegetables,33992,271992,271992,Broccoli (Kosugadde),,109,79,1 piece (200-300 g),True,15,15,Exotics,Broccoli,https://cdn.grofers.com/da/cms-assets/cms/product/df72484d-9e10-4db0-b4d9-8fa55049aeac.jpg?ts=1750059773;https://cdn.grofers.com/da/cms-assets/cms/product/0adb9c60-0f21-49bf-b410-ac66492ba0f5.jpg?ts=1750059773,34,0
blinkit,Vegetables,33992,425780,425780,Pointed Gourd (250 g) (Thondekaayi),,54,40,250 g,True,15,15,Fresh Vegetables,Pointed Gourd,https://cdn.grofers.com/app/assets/products/sliding_images/jpeg/a920aeec-b81e-48b2-b456-47f2c899eada.jpg?ts=1714120677;https://cdn.grofers.com/app/assets/products/sliding_images/jpeg/63cc79df-8948-4aaa-b61d-f0833c2a126d.jpg?ts=1714120678;https://cdn.grofers.com/app/assets/products/sliding_images/jpeg/3cad0f6c-1cd0-4649-a666-750d8b69b4e6.jpg;https://cdn.grofers.com/app/assets/products/sliding_images/jpeg/37d19bb9-f4cd-40f4-8955-7554e117f513.jpg,35,0
blinkit,Vegetables,33992,23376,23376,Drumstick (Nuggekaayi),,26,20,2 pieces,True,30,30,Fresh Vegetables,Drumstick,https://cdn.grofers.com/app/assets/products/sliding_images/jpeg/39f745ca-3bb3-49fe-8bd4-2b3fd65a1a31.jpg?ts=1707557501;https://cdn.grofers.com/app/images/products/sliding_image/23376b.jpg?ts=1691671086,36,0
blinkit,Vegetables,33992,14784,14784,Green Pumpkin (Kumbalakayi),,39,31,1 piece (400-600 g),True,10,10,Fresh Vegetables,Pumpkin,https://cdn.grofers.com/app/assets/products/sliding_images/jpeg/f3e6a9cd-0799-43a7-bfe9-051b3dec5848.jpg?ts=1711961201;https://cdn.grofers.com/app/assets/products/sliding_images/jpeg/18a2a0e8-b045-4c97-9c64-8932b10f8b19.jpg?ts=1711961201,37,0
blinkit,Vegetables,33992,3952,3952,Sweet Potato (450-600) g (Hasi Genasu),,30,23,(450-600) g,True,2,2,Fresh Vegetables,Sweet Potato,https://cdn.grofers.com/app/assets/products/sliding_images/jpeg/185bc66d-57f1-4d60-818c-3ad4a52e09f3.jpg?ts=1732710610;https://cdn.grofers.com/da/cms-assets/cms/product/ce96c37f-b00c-4a44-a098-a9b806e5306c.jpg?ts=1732711399;https://cdn.grofers.com/app/assets/products/sliding_images/jpeg/af1bbd1b-89e0-4925-91e1-54c8c780ac18.jpg?ts=1732710610;https://cdn.grofers.com/app/assets/products/sliding_images/jpeg/fce3a6b8-8978-4c2f-b35a-4d2c607410ef.jpg?ts=1732710610;https://cdn.grofers.com/da/cms-assets/cms/product/eec14baa-1401-42c4-badc-c29b3ffcfaa0.jpg?ts=1732710610;https://cdn.grofers.com/app/assets/products/sliding_images/jpeg/99599118-2063-4e56-ae32-a65067706a27.jpg?ts=1732710610,38,0
blinkit,Vegetables,33992,602184,602184,Organically Grown Chilli - 100 g (Menasinakayi),Green Earth,28,22,100 g,True,14,14,Certified Organic,Chilli,https://cdn.grofers.com/da/cms-assets/cms/product/69fb216e-cff9-4c94-81d3-8005c34b772e.jpg?ts=1737027090;https://cdn.grofers.com/da/cms-assets/cms/product/071166b6-5234-4afd-afb1-f36935c516e3.jpg?ts=1737027090;https://cdn.grofers.com/da/cms-assets/cms/product/6dc2bcbc-b800-42b0-9145-60e08f663bc8.jpg?ts=1737027090,39,0
blinkit,Vegetables,33992,4916,4916,French Beans - 250 g (Hurulikayi),,29,23,250 g,True,20,20,Fresh Vegetables,Beans,https://cdn.grofers.com/app/assets/products/sliding_images/jpeg/8f6c6e3a-91de-4469-b685-eb25289650fc.jpg?ts=1711100796;https://cdn.grofers.com/app/assets/products/sliding_images/jpeg/28b8a86a-c772-4412-af90-e5ed1d395e09.jpg?ts=1711100796;https://cdn.grofers.com/da/cms-assets/cms/product/7b69aa79-81f1-483e-8b9f-bf3aadc17c25.jpg?ts=1745059828;https://cdn.grofers.com/app/assets/products/sliding_images/jpeg/f1494dee-b445-4586-9be2-7d0420f2ff1d.jpg,40,0
blinkit,Vegetables,33992,428608,428608,Amla (Nelli Kai),,36,29,250 g,True,7,7,Fresh Vegetables,Amla,https://cdn.grofers.com/da/cms-assets/cms/product/55bf4825-4b46-47b1-a35f-eb4c48cc9413.jpg?ts=1737976294;https://cdn.grofers.com/da/cms-assets/cms/product/512fa447-c25c-48aa-a52c-064e14cfd2ec.jpg?ts=1737976295;https://cdn.grofers.com/da/cms-assets/cms/product/bd5ea2f4-8054-409b-8a8f-e2ea74d28a12.jpg?ts=1737976295;https://cdn.grofers.com/da/cms-assets/cms/product/67262943-b586-470e-afe1-2b78ae018765.jpg?ts=1737976296,41,0
blinkit,Vegetables,33992,9098,9098,Brinjal Bharta (Badanekayi),,51,39,(500-700) g,True,16,16,Fresh Vegetables,Brinjal,https://cdn.grofers.com/app/assets/products/sliding_images/jpeg/8f60b208-3cfc-4b72-8209-477fb69412f6.jpg?ts=1711440867;https://cdn.grofers.com/app/assets/products/sliding_images/jpeg/cd4c1f2d-e905-486b-b0b8-be2b79c7f9c8.jpg?ts=1711440867;https://cdn.grofers.com/app/assets/products/sliding_images/jpeg/889d5554-c7d0-4fa4-b16f-2885561a5cea.jpg;https://cdn.grofers.com/app/assets/products/sliding_images/jpeg/530894ca-dc02-48f2-bba0-5fc86f518b32.jpg,42,0
blinkit,Vegetables,33992,355012,355012,Spring Onion (Eerulli Soppu),,34,27,250 g,True,11,11,Leafies & Herbs,Spring Onion,https://cdn.grofers.com/app/assets/products/sliding_images/jpeg/16dd1505-d734-4f0b-815b-e87180621a6c.jpg?ts=1711473367;https://cdn.grofers.com/app/assets/products/sliding_images/jpeg/14664e37-d731-41c0-9b76-03a3ea897f42.jpg?ts=1711473367;https://cdn.grofers.com/app/assets/products/sliding_images/jpeg/d7f11d15-0a6c-4584-a574-14e3c0d77ae1.jpg?ts=1711473367;https://cdn.grofers.com/app/assets/products/sliding_images/jpeg/1a288fa5-e457-4406-b2ec-1c8bfa8809d2.jpg?ts=1711473367,43,0
blinkit,Vegetables,33992,632536,632536,Organically Grown Green Capsicum - 250 g,Green Earth,48,38,250 g,True,14,14,Certified Organic,Capsicum,https://cdn.grofers.com/da/cms-assets/cms/product/dea6d48d-536f-43c8-b272-e55ed43791e5.jpg;https://cdn.grofers.com/da/cms-assets/cms/product/411bb114-202b-4179-862f-cc983becee95.jpg;https://cdn.grofers.com/da/cms-assets/cms/product/37be82ce-0f66-43d7-bfe6-19dcfc8675ad.jpg,44,0
blinkit,Vegetables,33992,341330,341330,Totapuri Raw Mango (Mavina Kaayi),,21,15,(700-900) g,True,26,26,Fresh Fruits,Raw Mango,https://cdn.grofers.com/app/assets/products/sliding_images/jpeg/63640875-c8a1-4ff2-b5cf-f6146376710c.jpg?ts=1713943885;https://cdn.grofers.com/app/assets/products/sliding_images/jpeg/3bb2fa0a-2f6a-49c0-9639-d17743a2ed02.jpg?ts=1713943886;https://cdn.grofers.com/app/assets/products/sliding_images/jpeg/fd036046-581b-4cd7-8ebe-fa3eeca0e90d.jpg;https://cdn.grofers.com/app/assets/products/sliding_images/jpeg/3cf08028-51a0-4c48-a93b-eb9f4c3c1b96.jpg;https://cdn.grofers.com/app/assets/products/sliding_images/jpeg/d4a8ed1f-6dcb-4afe-b5f7-8bebd646b73c.jpg,45,0
blinkit,Vegetables,33992,3916,3916,Fenugreek (Menthe Kalu),,34,25,250 g,True,15,15,Leafies & Herbs,Fenugreek,https://cdn.grofers.com/app/assets/products/sliding_images/jpeg/6efe6e43-354e-46c3-9fdf-c29a9898f652.jpg?ts=1711695628;https://cdn.grofers.com/app/assets/products/sliding_images/jpeg/67e5482f-e7b9-4079-959b-6d10cb8e9fa9.jpg?ts=1711695628,46,0
blinkit,Vegetables,33992,587638,587638,Fenugreek - Pack of 2 (Menthe Kalu),,68,49,2 x 250 g,True,7,7,Leafies & Herbs,Fenugreek,https://cdn.grofers.com/da/cms-assets/cms/product/67bd7ab0-4b20-43db-90e2-1556e31b9eec.jpg?ts=1732280186;https://cdn.grofers.com/app/assets/products/sliding_images/jpeg/a3f4087b-6ebe-4488-9b86-fd5880241604.jpg,46,0
blinkit,Vegetables,33992,28390,28390,Safal Frozen Green Peas,Safal,135,135,500 g,True,33,33,Frozen Peas & Corn,Frozen Green Peas,https://cdn.grofers.com/app/assets/products/sliding_images/jpeg/78b2ad59-e240-4a53-8e9d-10d0fbebf575.jpg?ts=1723098387;https://cdn.grofers.com/app/images/products/sliding_image/28390b.jpg?ts=1690814036;https://cdn.grofers.com/app/images/products/sliding_image/28390c.jpg?ts=1690814036;https://cdn.grofers.com/app/images/products/sliding_image/28390d.jpg?ts=1690814036;https://cdn.grofers.com/app/images/products/sliding_image/28390e.jpg?ts=1690814036,47,4.653000
blinkit,Vegetables,33992,369013,369013,Ridge Gourd (Heerekayi),,38,30,(500-600) g,True,19,19,Fresh Vegetables,Ridge Gourd,https://cdn.grofers.com/app/assets/products/sliding_images/jpeg/6a5b2806-bdf1-489f-a31b-6581c5a2a0a0.jpg?ts=1726553710;https://cdn.grofers.com/app/assets/products/sliding_images/jpeg/b72c4506-d381-49f2-93ea-b011595fbed8.jpg?ts=1726553711;https://cdn.grofers.com/app/assets/products/sliding_images/jpeg/e205232f-1045-4f60-93a1-71573ed80638.jpg?ts=1726553712;https://cdn.grofers.com/app/assets/products/sliding_images/jpeg/75c4eee0-4ae2-4439-bbed-e1583cec385d.jpg?ts=1726553713,48,0
blinkit,Vegetables,33992,508001,508001,Peeled Garlic (Bellulli),,150,50,100 g,True,13,13,Freshly Cut & Sprouts,Garlic,https://cdn.grofers.com/app/assets/products/sliding_images/jpeg/557e0dd1-5cc7-44cc-b89d-7bf646c3c9aa.jpg?ts=1712255454;https://cdn.grofers.com/app/assets/products/sliding_images/jpeg/8dd5c00b-f962-4d19-946a-e8b6f3f644a7.jpg?ts=1712255455;https://cdn.grofers.com/app/assets/products/sliding_images/jpeg/fdc71e1a-bde8-4340-b538-ac31db7585ce.jpg?ts=1712255457;https://cdn.grofers.com/app/assets/products/sliding_images/jpeg/7fa1c2d3-00d7-4949-893c-06f9b06f876a.jpg,49,0
blinkit,Vegetables,33992,421747,421747,Radish (Moolangi),,24,19,(500-600) g,True,8,8,Fresh Vegetables,Radish,https://cdn.grofers.com/app/assets/products/sliding_images/jpeg/74094d0b-b147-46ff-bd8f-3c9a64dc66ec.jpg?ts=1726561108;https://cdn.grofers.com/app/assets/products/sliding_images/jpeg/df1586b0-2cf1-4bd8-b049-a145cde6fe00.jpg?ts=1726561109;https://cdn.grofers.com/app/assets/products/sliding_images/jpeg/102753b3-c5e5-4bc8-9b26-404784f6bf6c.jpg?ts=1726561111;https://cdn.grofers.com/app/assets/products/sliding_images/jpeg/d2ca12f7-3f54-4d4d-9693-2e1abfda81e5.jpg?ts=1726561112;https://cdn.grofers.com/app/assets/products/sliding_images/jpeg/7cdda660-6a8e-4c77-b233-c013c02acdf7.jpg,50,0
blinkit,Vegetables,33992,602591,602591,Organically Grown Green Cucumber - 500 g (Southekayi),Green Earth,52,39,500 g,True,7,7,Certified Organic,Cucumber,https://cdn.grofers.com/da/cms-assets/cms/product/10b777db-c806-4043-a630-3b3ffa4d173f.jpg?ts=1737027097;https://cdn.grofers.com/da/cms-assets/cms/product/1a7fde56-c306-48c8-9d2a-6d8531be7947.jpg?ts=1737027097;https://cdn.grofers.com/da/cms-assets/cms/product/6b70ec64-4140-43f0-ab5b-6cb68ac421d5.jpg?ts=1737027098,51,0
blinkit,Vegetables,33992,39394,39394,Red Bell Pepper (Kempu Dappa Menasina Kaayi),,45,36,1 piece (125-175 g),True,6,6,Exotics,Bell Pepper,https://cdn.grofers.com/app/assets/products/sliding_images/jpeg/2cf767f3-867a-4330-a319-b9c6ebc81613.jpg?ts=1711472824;https://cdn.grofers.com/app/assets/products/sliding_images/jpeg/c6a26c6e-aa10-4032-8aaa-901e304b4c9f.jpg?ts=1711472824;https://cdn.grofers.com/app/assets/products/sliding_images/jpeg/0fb1fcaa-7147-4e69-9724-cc1a59601ced.jpg?ts=1711472824;https://cdn.grofers.com/app/assets/products/sliding_images/jpeg/ff2113a6-baf7-414a-8696-af721db56b7b.jpg;https://cdn.grofers.com/app/assets/products/sliding_images/jpeg/94e0e9bd-40d9-459f-8a6e-6f0dd62470fd.jpg,52,0
blinkit,Vegetables,33992,4926,4926,Baby Potato (Baby Alugadde),,33,24,500 g,True,13,13,Fresh Vegetables,Potato,https://cdn.grofers.com/app/assets/products/sliding_images/jpeg/5ea2c639-9f8d-43dc-964a-6447b1d73320.jpg?ts=1711472718;https://cdn.grofers.com/app/assets/products/sliding_images/jpeg/e526e9fd-36bd-4a6c-ac78-9732ded7010c.jpg?ts=1711472718;https://cdn.grofers.com/app/assets/products/sliding_images/jpeg/5c739f13-ff99-46cf-ad93-dfb95e1cb0f9.jpg?ts=1711472718;https://cdn.grofers.com/app/assets/products/sliding_images/jpeg/3a6f2e76-af0f-4a7c-b77b-150cd489d645.jpg?ts=1711472719,53,0
blinkit,Vegetables,33992,446707,446707,Mint Leaves (Pudina Soppu),,16,12,100 g,True,12,12,Leafies & Herbs,Mint Leaves,https://cdn.grofers.com/app/assets/products/sliding_images/jpeg/8b529be1-a5e6-4134-a59f-e84e5b1fa456.jpg?ts=1712320351;https://cdn.grofers.com/app/assets/products/sliding_images/jpeg/15b1660e-17de-4d78-b75a-50ba2f83fdba.jpg?ts=1712320351;https://cdn.grofers.com/app/assets/products/sliding_images/jpeg/691bb7ae-07c0-4eaf-bec9-985c70ce8f14.jpg?ts=1712320351;https://cdn.grofers.com/app/assets/products/sliding_images/jpeg/bdb126ae-aa42-468b-977d-5f0aa3482921.jpg?ts=1712320351,54,0
blinkit,Vegetables,33992,10095,10095,Cowpea Beans (Alasande Kayi),,22,17,250 g,True,16,16,Fresh Vegetables,Beans,https://cdn.grofers.com/app/assets/products/sliding_images/jpeg/8c806814-9fa7-418f-95b5-403a621518f4.jpg?ts=1717607558;https://cdn.grofers.com/app/assets/products/sliding_images/jpeg/d1d4e712-4051-4ed9-ba86-b47b4a03ecea.jpg?ts=1717607559;https://cdn.grofers.com/app/assets/products/sliding_images/jpeg/5039bdd1-4013-4059-ac5f-d8f756185c0e.jpg;https://cdn.grofers.com/app/assets/products/sliding_images/jpeg/497c3211-6a08-466a-922f-e2f203411da6.jpg,55,0
blinkit,Vegetables,33992,3928,3928,Broad Beans 250 g (Avarekai),,26,20,250 g,True,7,7,Fresh Vegetables,Beans,https://cdn.grofers.com/app/assets/products/sliding_images/jpeg/4988a375-ccc1-41ca-98d1-effd698f8a76.jpg?ts=1708587809;https://cdn.grofers.com/da/cms-assets/cms/product/2b2d9dbe-b9e6-4b06-9d23-431b75466038.jpg?ts=1730913698;https://cdn.grofers.com/da/cms-assets/cms/product/f66f89de-c1c9-498b-9b53-14be3477d5e2.jpg?ts=1730913699,56,0
blinkit,Vegetables,33992,602593,602593,Organically Grown Kadi Patta Curry Leaves (Karibevina Soppu),Green Earth,20,15,50 g,True,13,13,Certified Organic,Curry Leaves,https://cdn.grofers.com/da/cms-assets/cms/product/e69d1fa8-07df-4984-84e7-f9a4f7906cdf.jpg?ts=1750934015;https://cdn.grofers.com/da/cms-assets/cms/product/0e6b8b07-9707-444e-b179-60bc50d40315.jpg?ts=1750934015;https://cdn.grofers.com/da/cms-assets/cms/product/2c466fa8-510d-47dc-b0ef-a1d686668e57.jpg?ts=1750934015,57,0
blinkit,Vegetables,33992,162320,162320,Raw Banana (Baale Kayi),,63,47,3 pieces,True,7,7,Fresh Vegetables,Raw Banana,https://cdn.grofers.com/app/assets/products/sliding_images/jpeg/1a19848c-f447-4a7b-b195-d8b026c4a24e.jpg?ts=1711472827;https://cdn.grofers.com/app/assets/products/sliding_images/jpeg/e5cca315-a845-430a-9327-685e37caf861.jpg?ts=1711472827;https://cdn.grofers.com/app/assets/products/sliding_images/jpeg/c5cf5cc4-a831-46e0-b3f6-0fe5f0ca1918.jpg?ts=1711472827;https://cdn.grofers.com/app/assets/products/sliding_images/jpeg/9080b6e3-4282-4196-b29c-d5683fdd8444.jpg,58,0
blinkit,Vegetables,33992,145447,145447,Sambhar Onion (Eerulli),,37,27,250 g,True,4,4,Fresh Vegetables,Onion,https://cdn.grofers.com/app/images/products/sliding_image/145447a.jpg?ts=1690814755;https://cdn.grofers.com/app/images/products/sliding_image/145447b.jpg?ts=1690814755,59,0
blinkit,Vegetables,33992,445188,445188,Corn Cob (Jola),,33,24,1 piece,True,25,25,Fresh Vegetables,Corn,https://cdn.grofers.com/da/cms-assets/cms/product/13960315-9d25-4de8-b476-d5b736b72175.jpg?ts=1751283791;https://cdn.grofers.com/da/cms-assets/cms/product/d247e538-d37c-4186-bb8e-e5a3dfca3ece.jpg?ts=1751283791;https://cdn.grofers.com/da/cms-assets/cms/product/3d2a77dc-ed1d-4a11-aada-0522ad9f1901.jpg?ts=1751283791;https://cdn.grofers.com/da/cms-assets/cms/product/edf0d237-ba67-4cbf-989c-271f659059ad.jpg?ts=1751283791;https://cdn.grofers.com/da/cms-assets/cms/product/17d6d8da-3781-4ad1-b471-464f839073e5.jpg,60,0
