platform,search_query,store_id,product_id,variant_id,name,brand,mrp,price,quantity,in_stock,inventory,max_allowed_quantity,category,sub_category,images,organic_rank,rating
blinkit,Vegetables,33666,354997,354997,Potato (Alugadde),,39,30,(0.95-1.05) kg,True,10,10,Fresh Vegetables,Potato,https://cdn.grofers.com/da/cms-assets/cms/product/2d053159-1d80-479e-9d0a-8c76d37c9af4.jpg?ts=1744719578;https://cdn.grofers.com/da/cms-assets/cms/product/67d0d903-36d7-431f-a6c7-7c925dd9cac7.jpg?ts=1744719578;https://cdn.grofers.com/da/cms-assets/cms/product/48607637-f2f0-4403-8cdd-36f25531c9cd.jpg?ts=1744719578;https://cdn.grofers.com/da/cms-assets/cms/product/97f9eb63-a0ea-466d-bace-784ea4c43fe9.jpg?ts=1744719578,1,0
blinkit,Vegetables,33666,3898,3898,Lady Finger (Bendekayi),,17,14,250 g,True,48,48,Fresh Vegetables,Lady Finger,https://cdn.grofers.com/app/assets/products/sliding_images/jpeg/1d455f4c-48df-4228-8fdb-51129f10491d.jpg?ts=1711016007;https://cdn.grofers.com/app/assets/products/sliding_images/jpeg/fcfe265a-4c50-4494-845d-819619e3101e.jpg?ts=1711016007;https://cdn.grofers.com/app/assets/products/sliding_images/jpeg/98e6da32-223b-4bb8-b550-fd6e8ebc1b3d.jpg?ts=1711016007;https://cdn.grofers.com/app/assets/products/sliding_images/jpeg/731a4545-f6f4-4296-ad80-63f9757f297a.jpg,2,0
blinkit,Vegetables,33666,37743,37743,Desi Tomato 500 g (Naati Tomaato),,22,16,500 g,True,50,50,Fresh Vegetables,Tomato,https://cdn.grofers.com/da/cms-assets/cms/product/667ea47a-84c8-4a73-86fc-a0c8c8281170.jpg?ts=1748187119;https://cdn.grofers.com/da/cms-assets/cms/product/a9e0176f-04a1-44f2-b814-552e176edae9.jpg?ts=1748187120;https://cdn.grofers.com/da/cms-assets/cms/product/6ef75cc4-15ce-4b5d-9e5e-d51ff0349ae9.jpg?ts=1748187120;https://cdn.grofers.com/da/cms-assets/cms/product/8e0469aa-6e40-4c7f-879e-f3052ec06773.jpg,3,0
blinkit,Vegetables,33666,421741,421741,Varikatri Brinjal (Badanekayi),,18,14,250 g,True,6,6,Fresh Vegetables,Brinjal,https://cdn.grofers.com/app/assets/products/sliding_images/jpeg/54081dc4-99f4-4201-8eb6-e36c05f9ad99.jpg?ts=1710840665;https://cdn.grofers.com/app/assets/products/sliding_images/jpeg/825e208d-fb4b-46ea-97ac-b57ac899a951.jpg?ts=1714039581,4,0
blinkit,Vegetables,33666,565122,565122,Yu 100% Natural Coconut Water,Yu,360,180,6 x 200 ml,True,6,6,Coconut Water,Coconut Water,https://cdn.grofers.com/da/cms-assets/cms/product/318bc5dc-a17a-4233-a528-3ff9948489b1.jpg?ts=1746519691;https://cdn.grofers.com/da/cms-assets/cms/product/e9344803-054f-438b-a51a-4e9d94ec0fab.jpg?ts=1746100528;https://cdn.grofers.com/da/cms-assets/cms/product/93ad0066-57c3-4f8e-8090-c58996561f1f.jpg?ts=1746100529;https://cdn.grofers.com/da/cms-assets/cms/product/6e3b5cf8-aef8-456f-bd3d-ca232764f2da.jpg?ts=1746100529;https://cdn.grofers.com/da/cms-assets/cms/product/26ea01d4-7d30-426e-87c3-22dae750c6df.jpg?ts=1746100530;https://cdn.grofers.com/da/cms-assets/cms/product/aa93395d-3b28-4f77-be0f-4976ac055248.jpg?ts=1746100530;https://cdn.grofers.com/da/cms-assets/cms/product/c732048d-8131-4d73-b08a-fe4dcaaf3bbd.jpg?ts=1746100531;https://cdn.grofers.com/da/cms-assets/cms/product/aac1ca9c-66ed-4f4e-95e6-a07a243313a2.jpg?ts=1746100531;https://cdn.grofers.com/da/cms-assets/cms/product/10f36153-b462-405b-8b5e-fbd256f61df5.jpg?ts=1746100532;https://cdn.grofers.com/da/cms-assets/cms/product/9d8202bf-c34a-4c75-b9bc-29c03e0e9398.jpg?ts=1746100532;https://cdn.grofers.com/da/cms-assets/cms/product/d7a3560e-252b-45c6-a8ea-114c07448bd1.jpg;https://cdn.grofers.com/da/cms-assets/cms/product/5b135930-09ec-4990-8ca9-b8cc42c71de0.jpg,5,4.465000
blinkit,Vegetables,33666,565123,565123,Yu 100% Natural Coconut Water,Yu,60,47,200 ml,True,3,3,Coconut Water,Coconut Water,https://cdn.grofers.com/da/cms-assets/cms/product/c8de8ce5-41d1-4786-9cc3-5fcb7e81b1f1.jpg?ts=1746100542;https://cdn.grofers.com/da/cms-assets/cms/product/996a5171-a787-44d8-9761-2863716e8334.jpg?ts=1746100542;https://cdn.grofers.com/da/cms-assets/cms/product/4039daa0-68ce-472a-8bee-1bae7633e506.jpg?ts=1746100543;https://cdn.grofers.com/da/cms-assets/cms/product/adfb0a35-2ccb-47e2-a2fe-4495ccd4927f.jpg?ts=1746100543;https://cdn.grofers.com/da/cms-assets/cms/product/2c0ae66e-af1f-40e9-b47f-0b83a52de584.jpg?ts=1746100544;https://cdn.grofers.com/da/cms-assets/cms/product/95ba7a94-51ad-4407-8089-af49d373fe52.jpg?ts=1746100544;https://cdn.grofers.com/da/cms-assets/cms/product/70bc1d80-345a-41ef-b8f1-ca62f643b5f9.jpg?ts=1746100545;https://cdn.grofers.com/da/cms-assets/cms/product/c4d8e64a-b302-4b07-8136-7646583ad0ca.jpg?ts=1746100545;https://cdn.grofers.com/da/cms-assets/cms/product/fa04524d-7fc6-4752-b42a-ec39451debfc.jpg?ts=1746100546;https://cdn.grofers.com/da/cms-assets/cms/product/53cf4cc0-1fa4-4bf5-8319-af5ab785c185.jpg?ts=1746100546;https://cdn.grofers.com/da/cms-assets/cms/product/74714324-41e5-4346-9a74-f8773a8fe92e.jpg;https://cdn.grofers.com/da/cms-assets/cms/product/215d50e8-150a-4bfc-a811-f756bef4de9d.jpg,5,4.290000
blinkit,Vegetables,33666,438113,438113,Cauliflower (Hoo Kosu),,33,26,1 piece (300-500 g),True,11,11,Fresh Vegetables,Cauliflower,https://cdn.grofers.com/da/cms-assets/cms/product/c2b29fc5-ea91-406f-b97e-4c430504e19f.jpg?ts=1750140111;https://cdn.grofers.com/da/cms-assets/cms/product/1d3b3354-e24f-4032-b594-631faa0b00a3.jpg?ts=1750140111;https://cdn.grofers.com/da/cms-assets/cms/product/7b2f2fb2-e927-4c93-b634-5592affe05f7.jpg?ts=1750140112;https://cdn.grofers.com/app/assets/products/sliding_images/jpeg/ec131822-a14d-44fd-89b1-377133dfd02d.jpg?ts=1713868644,6,0
blinkit,Vegetables,33666,602448,602448,Organically Grown Brinjal Bharta - 500 g (Badanekayi),Healthy Buddha,96,74,500 g,True,1,1,Certified Organic,Brinjal,https://cdn.grofers.com/da/cms-assets/cms/product/4b22154c-3f99-4711-bcee-56b645df6c49.jpg?ts=1736246550;https://cdn.grofers.com/da/cms-assets/cms/product/f0a966fc-229c-4d9c-b1a7-b78816998fa6.jpg?ts=1736246550;https://cdn.grofers.com/da/cms-assets/cms/product/2ec63648-8235-46dc-babf-fdb28957db8b.jpg?ts=1736246551,7,0
blinkit,Vegetables,33666,3881,3881,Hybrid Tomato 500 g,,21,16,500 g,True,50,50,Fresh Vegetables,Tomato,https://cdn.grofers.com/da/cms-assets/cms/product/4cd11feb-f6df-4830-9fa1-a5f39f08fc3f.jpg?ts=1748161073;https://cdn.grofers.com/da/cms-assets/cms/product/47cf3540-65a7-4500-a54e-7a6a183f2a75.jpg?ts=1748161074;https://cdn.grofers.com/da/cms-assets/cms/product/19fae49e-2d12-4e23-abde-e60f08182ad0.jpg?ts=1748161074;https://cdn.grofers.com/da/cms-assets/cms/product/ba669458-bf4e-4427-b2c3-7467d8c5e649.jpg,8,0
blinkit,Vegetables,33666,602801,602801,Organically Grown Bottle Gourd - 1 Piece 600 g (Sore Kayi),Healthy Buddha,71,55,1 piece,True,1,1,Certified Organic,Bottle Gourd,https://cdn.grofers.com/da/cms-assets/cms/product/da066515-73df-420f-80a1-991904aac40d.jpg;https://cdn.grofers.com/da/cms-assets/cms/product/bee10c60-ae8e-45b1-91ee-4931d83eed4a.jpg,9,0
blinkit,Vegetables,33666,421706,421706,Coccinea (Thondekaayi),,34,27,250 g,True,17,17,Fresh Vegetables,Coccinea,https://cdn.grofers.com/app/images/products/sliding_image/421706a.jpg?ts=1690817507;https://cdn.grofers.com/app/images/products/sliding_image/421706b.jpg?ts=1690817507,10,0
blinkit,Vegetables,33666,327916,327916,Orange Carrot,,46,35,500 g,True,42,42,Fresh Vegetables,Carrot,https://cdn.grofers.com/app/images/products/sliding_image/327916a.jpg?ts=1690813169;https://cdn.grofers.com/app/images/products/sliding_image/327916b.jpg?ts=1690813169,11,0
blinkit,Vegetables,33666,532987,532987,Onion - Pack of 2 (Eerulli),,68,54,2 x (0.95-1.05) kg,True,50,50,Fresh Vegetables,Onion,https://cdn.grofers.com/app/assets/products/sliding_images/jpeg/a4683389-4d48-4cb9-8c96-2175cad90111.jpg?ts=1710495574;https://cdn.grofers.com/app/assets/products/sliding_images/jpeg/6a91b796-be03-448d-80ab-ef08f28bebbe.jpg?ts=1710495574;https://cdn.grofers.com/app/assets/products/sliding_images/jpeg/2dfc8f9d-363f-475c-9999-e9c9c0c8ff3b.jpg?ts=1710495574;https://cdn.grofers.com/da/cms-assets/cms/product/d9780bd2-85bc-415d-b037-c7e8118cbd26.jpg?ts=1741278776,12,0
blinkit,Vegetables,33666,530158,530158,Onion (Eerulli),,34,27,(0.95-1.05) kg,True,50,50,Fresh Vegetables,Onion,https://cdn.grofers.com/app/assets/products/sliding_images/jpeg/a1ba074a-c085-4dd1-b4a4-2f247d6f211d.jpg?ts=1711010249;https://cdn.grofers.com/app/assets/products/sliding_images/jpeg/3e73bfa7-1dfc-4a53-983c-59a95366b8dc.jpg?ts=1711010249;https://cdn.grofers.com/app/assets/products/sliding_images/jpeg/d104419e-e128-405a-ae42-13794e50858d.jpg?ts=1711010249;https://cdn.grofers.com/app/assets/products/sliding_images/jpeg/40c2925c-9832-49ae-b2d8-08481466e448.jpg,12,0
blinkit,Vegetables,33666,10088,10088,Green Cucumber (Southekayi),,18,15,(500-700) g,True,50,50,Fresh Vegetables,Cucumber,https://cdn.grofers.com/app/assets/products/sliding_images/jpeg/861fd2fe-69e6-4651-8ee2-b2425a89af74.jpg?ts=1711022175;https://cdn.grofers.com/app/assets/products/sliding_images/jpeg/10a01878-fd70-4751-90fe-e719fe212445.jpg?ts=1711022175;https://cdn.grofers.com/app/assets/products/sliding_images/jpeg/29fa3433-3af0-49ee-b704-f56114545fd7.jpg?ts=1711022175;https://cdn.grofers.com/app/assets/products/sliding_images/jpeg/ea8a06c3-55ca-431b-ac0a-143d6b27856f.jpg?ts=1711022175,13,0
blinkit,Vegetables,33666,339151,339151,Beetroot,,23,18,(250-350) g,True,23,23,Fresh Vegetables,Beetroot,https://cdn.grofers.com/app/assets/products/sliding_images/jpeg/f953c34a-7e85-4b3f-a8f3-ceddbb206df4.jpg?ts=1711473225;https://cdn.grofers.com/app/assets/products/sliding_images/jpeg/3b649137-18dd-451c-b859-1500301fda91.jpg?ts=1711473225;https://cdn.grofers.com/app/assets/products/sliding_images/jpeg/c55c6223-da60-445d-a96b-87260a418399.jpg?ts=1711473225;https://cdn.grofers.com/app/assets/products/sliding_images/jpeg/e7bcab9e-a367-407b-aafa-2b20c313e6a2.jpg?ts=1711473225,14,0
blinkit,Vegetables,33666,3889,3889,Coriander Bunch (Kottambari Soppu),,11,9,100 g,True,50,50,Leafies & Herbs,Coriander,https://cdn.grofers.com/da/cms-assets/cms/product/1d1beb79-3747-411f-b199-eaf7f9ad8a4f.jpg?ts=1750069208;https://cdn.grofers.com/da/cms-assets/cms/product/8f5e3271-f021-4f27-bc81-7deea6b59f31.jpg?ts=1750069208;https://cdn.grofers.com/da/cms-assets/cms/product/87b0ee27-668e-46ad-a1ec-36b2d19273ba.jpg?ts=1750069208,15,0
blinkit,Vegetables,33666,607308,607308,Coriander Bunch - Pack of 2 (Kottambari Soppu),,22,17,2 x 100 g,True,50,50,Leafies & Herbs,Coriander,https://cdn.grofers.com/da/cms-assets/cms/product/9650bea9-b471-498e-abc1-3fc95085da44.jpg?ts=1737093001;https://cdn.grofers.com/app/assets/products/sliding_images/jpeg/80f2e43f-da5f-422f-ac23-7ffbe7728c38.jpg;https://cdn.grofers.com/da/cms-assets/cms/product/cb46c61d-a2e4-46f3-98b4-cf66a4ed479a.jpg?ts=1737093002;https://cdn.grofers.com/app/assets/products/sliding_images/jpeg/54b5361b-2b25-45ff-b91c-d2865a0e9d0c.jpg,15,0
blinkit,Vegetables,33666,229627,229627,Lemon (Nimbe),,36,28,(220-250) g,True,50,50,Fresh Vegetables,Lemon,https://cdn.grofers.com/app/assets/products/sliding_images/jpeg/c655faa5-2b29-4714-8411-c98b67f4ef51.jpg?ts=1741346719;https://cdn.grofers.com/app/assets/products/sliding_images/jpeg/6dcf7bcc-a4a3-4d3a-88cd-ce59c472abb8.jpg?ts=1741346719;https://cdn.grofers.com/app/assets/products/sliding_images/jpeg/1d8d48f9-cdac-463c-9da0-1a2991f18cc8.jpg?ts=1741346719;https://cdn.grofers.com/app/assets/products/sliding_images/jpeg/4964a43b-a9d6-44f8-aadb-4d737b4255b5.jpg?ts=1741346719,16,0
blinkit,Vegetables,33666,423735,423735,Green Chilli 100 g (Menasinakayi),,11,9,100 g,True,50,50,Fresh Vegetables,Chilli,https://cdn.grofers.com/app/assets/products/sliding_images/jpeg/27055af4-f9ca-49f5-a84b-cf407583be43.jpg?ts=1711019907;https://cdn.grofers.com/app/assets/products/sliding_images/jpeg/e8f3f700-5127-4d6b-826e-301bf6cdbfa6.jpg?ts=1711019907;https://cdn.grofers.com/app/assets/products/sliding_images/jpeg/669b8658-52de-4583-bfe4-b84d31e34ea5.jpg?ts=1711019907;https://cdn.grofers.com/app/assets/products/sliding_images/jpeg/96315cd0-d465-4f3a-b44f-404265c3742f.jpg?ts=1711019907,17,0
blinkit,Vegetables,33666,607309,607309,Green Chilli 100 g - Pack of 2 (Menasinakayi),,22,17,2 x 100 g,True,49,49,Fresh Vegetables,Chilli,https://cdn.grofers.com/da/cms-assets/cms/product/3c97b38f-1aa9-455c-a780-4decba07502d.jpg?ts=1737093005;https://cdn.grofers.com/app/assets/products/sliding_images/jpeg/0f4616f1-3180-4031-9952-77dadcd8b4fd.jpg;https://cdn.grofers.com/da/cms-assets/cms/product/b3e17eb6-45e4-4b08-a263-5fe67789f174.jpg?ts=1737093005;https://cdn.grofers.com/app/assets/products/sliding_images/jpeg/008a6de5-e6fa-4cd7-9166-60f23e07a08b.jpg,17,0
blinkit,Vegetables,33666,23343,23343,English Cucumber (Southekayi),,33,25,(500-600) g,True,50,50,Fresh Vegetables,Cucumber,https://cdn.grofers.com/app/assets/products/sliding_images/jpeg/4a7cbdcc-d74d-403f-a0cb-b130572ad296.jpg?ts=1711022176;https://cdn.grofers.com/app/assets/products/sliding_images/jpeg/2598d366-b897-4532-8b31-496c91e2572a.jpg?ts=1711022176;https://cdn.grofers.com/app/assets/products/sliding_images/jpeg/d0fa3bb9-f859-4712-a180-dc0d9adf8574.jpg?ts=1711022176;https://cdn.grofers.com/app/assets/products/sliding_images/jpeg/419b37ea-f2cb-4b36-b3b1-7254f2e79953.jpg,18,0
blinkit,Vegetables,33666,242284,242284,Ooty Carrot,,29,22,250 g,True,36,36,Fresh Vegetables,Carrot,https://cdn.grofers.com/app/assets/products/sliding_images/jpeg/e6cddd32-537f-4822-b2b9-4bbbb1aeaa27.jpg?ts=1718267335;https://cdn.grofers.com/app/images/products/sliding_image/242284b.jpg?ts=1690831060,19,0
blinkit,Vegetables,33666,17643,17643,Curry Leaves (Karibevina Soppu),,21,15,100 g,True,30,30,Leafies & Herbs,Curry Leaves,https://cdn.grofers.com/app/images/products/sliding_image/17643a.jpg?ts=1690813684;https://cdn.grofers.com/app/images/products/sliding_image/17643b.jpg?ts=1690813684,20,0
blinkit,Vegetables,33666,365421,365421,Coriander (Without Roots) (Kottambari Soppu),,89,12,100 g,True,38,38,Leafies & Herbs,Coriander,https://cdn.grofers.com/da/cms-assets/cms/product/d1a28a56-0f92-4794-98c6-685e3a2a0185.jpg?ts=1750397347;https://cdn.grofers.com/da/cms-assets/cms/product/01a36c1c-626d-457e-88e1-f47c24bdf17f.jpg?ts=1750071080;https://cdn.grofers.com/da/cms-assets/cms/product/08127336-ac07-4c07-be27-50c1f5d9e99a.jpg?ts=1750071080,21,0
blinkit,Vegetables,33666,253317,253317,Button Mushroom (Anabe),,62,49,(180-200) g,True,35,35,Fresh Vegetables,Mushroom,https://cdn.grofers.com/app/assets/products/sliding_images/jpeg/ee1b5a5a-5c29-4060-93a6-60a794600cd1.jpg?ts=1716344812;https://cdn.grofers.com/app/assets/products/sliding_images/jpeg/11a2e041-c3ba-40e2-be3a-1181620b4108.jpg?ts=1716344813;https://cdn.grofers.com/app/assets/products/sliding_images/jpeg/86bb0196-2030-439e-af61-31aac914d5df.jpg?ts=1716344813;https://cdn.grofers.com/app/assets/products/sliding_images/jpeg/2f73bc09-6e7d-4d23-91b5-0be628e191fe.jpg?ts=1716344814;https://cdn.grofers.com/app/assets/products/sliding_images/jpeg/bcdb0636-6e44-4f2b-b1c4-b80bb20a50b3.jpg,22,0
blinkit,Vegetables,33666,355004,355004,Garlic (Bellulli),,27,21,100 g,True,43,43,Fresh Vegetables,Garlic,https://cdn.grofers.com/app/assets/products/sliding_images/jpeg/c94ce8fe-8a5c-4ba3-9277-6b988ad42a50.jpg?ts=1711473367;https://cdn.grofers.com/app/assets/products/sliding_images/jpeg/69fdf69a-b941-420e-a02b-febaae593f77.jpg?ts=1711473367;https://cdn.grofers.com/da/cms-assets/cms/product/e32ba356-5e3e-4a96-ab11-75238b42d50f.jpg?ts=1740114830;https://cdn.grofers.com/app/assets/products/sliding_images/jpeg/45ebcfc0-a889-4c2f-8583-6a7d3ec56b13.jpg?ts=1711473367,23,0
blinkit,Vegetables,33666,22982,22982,Haricot Beans (Hurulikayi),,36,28,250 g,True,28,28,Fresh Vegetables,Beans,https://cdn.grofers.com/app/assets/products/sliding_images/jpeg/57535480-3faa-4725-9621-63555cd9035b.jpg?ts=1707557500;https://cdn.grofers.com/app/images/products/sliding_image/22982b.jpg?ts=1690813550,24,0
blinkit,Vegetables,33666,365431,365431,Mint Leaves (Without Roots) (Pudina Soppu),,89,15,100 g,True,9,9,Leafies & Herbs,Mint Leaves,https://cdn.grofers.com/da/cms-assets/cms/product/a70de6e5-25ef-41e9-bb7e-69c870df6831.png;https://cdn.grofers.com/da/cms-assets/cms/product/0f48a9a9-e3c4-4368-9e94-9a474a1fb9e5.png;https://cdn.grofers.com/da/cms-assets/cms/product/885e47e2-d8a6-4528-bf3e-8afdb5f5ffb4.png;https://cdn.grofers.com/da/cms-assets/cms/product/1bf06285-b730-48de-bed0-d0f5417933a7.png;https://cdn.grofers.com/app/images/products/common/customer_care.jpg,25,0
blinkit,Vegetables,33666,184269,184269,Jamun,,62,47,(250-280) g,True,50,50,Fresh Fruits,Jamun,https://cdn.grofers.com/da/cms-assets/cms/product/a502d084-9722-497a-82f9-4996e19eab67.png;https://cdn.grofers.com/da/cms-assets/cms/product/d7df98e5-b601-4791-9e2a-acc2b72676f0.png;https://cdn.grofers.com/da/cms-assets/cms/product/ecc1b60c-7050-4fc4-a379-ef74d0c32db6.png;https://cdn.grofers.com/da/cms-assets/cms/product/60fc6bfa-ba7e-4e19-b225-3896ae515267.png;https://cdn.grofers.com/app/images/products/common/customer_care.jpg,26,0
blinkit,Vegetables,33666,95032,95032,Ginger (Shunti),,22,16,200 g,True,30,30,Fresh Vegetables,Ginger,https://cdn.grofers.com/da/cms-assets/cms/product/e7c9461c-4a81-46cc-8215-5f9155026a6e.png;https://cdn.grofers.com/da/cms-assets/cms/product/ff1baf59-9c58-40a9-92a1-6063eae3027b.png;https://cdn.grofers.com/da/cms-assets/cms/product/35d21e9b-f60e-45c9-a84e-43b1859bcb3f.png;https://cdn.grofers.com/da/cms-assets/cms/product/6400da7b-7d67-48c4-a641-196b1953d974.png;https://cdn.grofers.com/app/images/products/common/customer_care.jpg,27,0
blinkit,Vegetables,33666,217595,217595,Green Capsicum 500 g (Dappa Menasinakayi),,41,30,500 g,True,24,24,Fresh Vegetables,Capsicum,https://cdn.grofers.com/da/cms-assets/cms/product/2f37a9f5-5109-4033-9b43-d5a7686d332f.png;https://cdn.grofers.com/da/cms-assets/cms/product/d0d40426-68dc-430a-97f0-330ef3dd4e97.png;https://cdn.grofers.com/da/cms-assets/cms/product/ea8cf6f6-53aa-4659-9c20-e191b10dddb4.png;https://cdn.grofers.com/da/cms-assets/cms/product/ab8506ed-aac1-4a02-b8e9-7a54b9740e59.png;https://cdn.grofers.com/app/images/products/common/customer_care.jpg,28,0
blinkit,Vegetables,33666,23376,23376,Drumstick (Nuggekaayi),,27,21,2 pieces,True,29,29,Fresh Vegetables,Drumstick,https://cdn.grofers.com/da/cms-assets/cms/product/ae735401-33ec-49a2-b420-76c71b86b8dd.png;https://cdn.grofers.com/da/cms-assets/cms/product/e720090e-cb19-4bb2-8f12-fc0207637f75.png;https://cdn.grofers.com/app/images/products/common/customer_care.jpg,29,0
blinkit,Vegetables,33666,332744,332744,Spinach (Basale Soppu / Palak Soppu),,24,18,200 g,True,17,17,Leafies & Herbs,Spinach,https://cdn.grofers.com/da/cms-assets/cms/product/dba73755-f17a-4a2b-994a-df32990c149b.png;https://cdn.grofers.com/da/cms-assets/cms/product/68c75d67-7e45-45e4-ad16-5abb4053f69d.png;https://cdn.grofers.com/da/cms-assets/cms/product/36d84ec8-6ea3-497c-9385-4ef77a9303ea.png;https://cdn.grofers.com/da/cms-assets/cms/product/aa631f4a-e21a-4c50-a24b-8c3d255e4fd6.png;https://cdn.grofers.com/app/images/products/common/customer_care.jpg,30,0
blinkit,Vegetables,33666,3952,3952,Sweet Potato (450-600) g (Hasi Genasu),,28,23,(450-600) g,True,29,29,Fresh Vegetables,Sweet Potato,https://cdn.grofers.com/da/cms-assets/cms/product/ace455d8-8133-4a03-9d7b-d65795b005ed.png;https://cdn.grofers.com/da/cms-assets/cms/product/4a0f4f48-1745-44e2-932e-ac88919eaeeb.png;https://cdn.grofers.com/da/cms-assets/cms/product/4c190339-82ca-4c28-92ea-e7f64048d839.png;https://cdn.grofers.com/da/cms-assets/cms/product/16f617ee-e017-464c-a2fc-1dfd009afe67.png;https://cdn.grofers.com/da/cms-assets/cms/product/55e31230-7f54-4a70-89bd-d93f374477ab.png;https://cdn.grofers.com/da/cms-assets/cms/product/4bd274f5-68ea-4980-aad4-8beaba31ee75.png;https://cdn.grofers.com/app/images/products/common/customer_care.jpg,31,0
blinkit,Vegetables,33666,508001,508001,Peeled Garlic (Bellulli),,150,50,100 g,True,23,23,Freshly Cut & Sprouts,Garlic,https://cdn.grofers.com/da/cms-assets/cms/product/d3dc6f2b-7d67-4e41-8da8-40d08967796e.png;https://cdn.grofers.com/da/cms-assets/cms/product/10db4d6d-d281-4900-85ee-fdfdffb5069d.png;https://cdn.grofers.com/da/cms-assets/cms/product/408b50a2-d6b5-4411-a51d-9849e37f48f5.png;https://cdn.grofers.com/da/cms-assets/cms/product/52c4efb6-aa3a-45b0-b4e2-7bc8070f4df7.png;https://cdn.grofers.com/app/images/products/common/customer_care.jpg,32,0
blinkit,Vegetables,33666,271992,271992,Broccoli (Kosugadde),,105,79,1 piece (200-300 g),True,11,11,Exotics,Broccoli,https://cdn.grofers.com/da/cms-assets/cms/product/df72484d-9e10-4db0-b4d9-8fa55049aeac.png;https://cdn.grofers.com/da/cms-assets/cms/product/0adb9c60-0f21-49bf-b410-ac66492ba0f5.png;https://cdn.grofers.com/app/images/products/common/customer_care.jpg,33,0
blinkit,Vegetables,33666,446707,446707,Mint Leaves (Pudina Soppu),,16,12,100 g,True,23,23,Leafies & Herbs,Mint Leaves,https://cdn.grofers.com/da/cms-assets/cms/product/f20bf9d3-fe3b-4339-a25d-c8ce092280e2.png;https://cdn.grofers.com/da/cms-assets/cms/product/4f95532d-465e-4263-81f4-b0da7bd40859.png;https://cdn.grofers.com/da/cms-assets/cms/product/d564a4ba-3d18-47f3-a78d-12cdca279cf5.png;https://cdn.grofers.com/da/cms-assets/cms/product/96b73b46-4a89-475a-af19-9bf73f9ce8a9.png;https://cdn.grofers.com/app/images/products/common/customer_care.jpg,34,0
blinkit,Vegetables,33666,602584,602584,Organically Grown Ginger - 100 g (Shunti),Green Earth,23,18,100 g,True,25,25,Certified Organic,Ginger,https://cdn.grofers.com/da/cms-assets/cms/product/104cd997-0b71-4da2-b883-0ec4f9020c3f.png;https://cdn.grofers.com/da/cms-assets/cms/product/4510e8a3-b01a-4546-bd9e-0e4350834e6a.png;https://cdn.grofers.com/da/cms-assets/cms/product/36b027ce-12ee-4ed7-8fdf-526fe07c946b.png;https://cdn.grofers.com/app/images/products/common/customer_care.jpg,35,0
blinkit,Vegetables,33666,339152,339152,Cabbage (Yele Kosu),,27,21,1 piece (400-600 g),True,14,14,Fresh Vegetables,Cabbage,https://cdn.grofers.com/da/cms-assets/cms/product/af44ec08-3e9d-442e-8f7d-17ff2a2b260b.png;https://cdn.grofers.com/da/cms-assets/cms/product/f0a65737-6e16-4d8e-a57e-2dca16c07f41.png;https://cdn.grofers.com/da/cms-assets/cms/product/3b9dfbc5-6e3e-4f32-91e4-97dc473b140c.png;https://cdn.grofers.com/da/cms-assets/cms/product/a8e7f496-a688-488a-9e2b-959fdfe6ad95.png;https://cdn.grofers.com/app/images/products/common/customer_care.jpg,36,0
blinkit,Vegetables,33666,355012,355012,Spring Onion (Eerulli Soppu),,34,27,250 g,True,26,26,Leafies & Herbs,Spring Onion,https://cdn.grofers.com/app/assets/products/sliding_images/jpeg/16dd1505-d734-4f0b-815b-e87180621a6c.jpg?ts=1711473367;https://cdn.grofers.com/app/assets/products/sliding_images/jpeg/14664e37-d731-41c0-9b76-03a3ea897f42.jpg?ts=1711473367;https://cdn.grofers.com/app/assets/products/sliding_images/jpeg/d7f11d15-0a6c-4584-a574-14e3c0d77ae1.jpg?ts=1711473367;https://cdn.grofers.com/app/assets/products/sliding_images/jpeg/1a288fa5-e457-4406-b2ec-1c8bfa8809d2.jpg?ts=1711473367,37,0
blinkit,Vegetables,33666,217614,217614,Bottle Gourd (Sore Kayi),,36,29,1 piece (400-600 g),True,12,12,Fresh Vegetables,Bottle Gourd,https://cdn.grofers.com/da/cms-assets/cms/product/ed7caf57-c3cd-4268-b5f8-753a744233e4.jpg?ts=1745410335;https://cdn.grofers.com/da/cms-assets/cms/product/b14a8373-d01b-455b-a1de-d63a6b5d9d85.jpg?ts=1745410335;https://cdn.grofers.com/da/cms-assets/cms/product/4f7457d9-b290-4bcc-87d5-4c530772069c.jpg?ts=1745410336;https://cdn.grofers.com/da/cms-assets/cms/product/d64d2112-ab0c-4e59-a177-3fb2a47c94ab.jpg?ts=1745410336;https://cdn.grofers.com/da/cms-assets/cms/product/2f2cbdde-db6f-483b-bc10-91768d25c109.jpg?ts=1745410337,38,0
blinkit,Vegetables,33666,312160,312160,Spinach (without roots) (Basale Soppu / Palak Soppu),,31,25,200 g,True,14,14,Leafies & Herbs,Spinach,https://cdn.grofers.com/da/cms-assets/cms/product/837f0b93-1b9d-4322-b7be-dbf3930c72f5.jpg?ts=1745410340;https://cdn.grofers.com/da/cms-assets/cms/product/7d3077f6-3b4b-483e-9c40-3eb5cb1de271.jpg?ts=1745410341;https://cdn.grofers.com/da/cms-assets/cms/product/742a3a48-9d3b-4d4d-9de1-b3cc092a37d7.jpg?ts=1745410342;https://cdn.grofers.com/da/cms-assets/cms/product/f969d32b-ca95-4966-81b7-3624a22096a6.jpg?ts=1745410342;https://cdn.grofers.com/da/cms-assets/cms/product/05dd3df9-e5f6-4a20-aa57-f1f164daad1e.jpg?ts=1745410343,39,0
blinkit,Vegetables,33666,341330,341330,Totapuri Raw Mango (Mavina Kaayi),,20,15,(700-900) g,True,35,35,Fresh Fruits,Raw Mango,https://cdn.grofers.com/app/assets/products/sliding_images/jpeg/63640875-c8a1-4ff2-b5cf-f6146376710c.jpg?ts=1713943885;https://cdn.grofers.com/app/assets/products/sliding_images/jpeg/3bb2fa0a-2f6a-49c0-9639-d17743a2ed02.jpg?ts=1713943886;https://cdn.grofers.com/app/assets/products/sliding_images/jpeg/fd036046-581b-4cd7-8ebe-fa3eeca0e90d.jpg;https://cdn.grofers.com/app/assets/products/sliding_images/jpeg/3cf08028-51a0-4c48-a93b-eb9f4c3c1b96.jpg;https://cdn.grofers.com/app/assets/products/sliding_images/jpeg/d4a8ed1f-6dcb-4afe-b5f7-8bebd646b73c.jpg,40,0
blinkit,Vegetables,33666,428608,428608,Amla (Nelli Kai),,35,28,250 g,True,12,12,Fresh Vegetables,Amla,https://cdn.grofers.com/da/cms-assets/cms/product/55bf4825-4b46-47b1-a35f-eb4c48cc9413.jpg?ts=1737976294;https://cdn.grofers.com/da/cms-assets/cms/product/512fa447-c25c-48aa-a52c-064e14cfd2ec.jpg?ts=1737976295;https://cdn.grofers.com/da/cms-assets/cms/product/bd5ea2f4-8054-409b-8a8f-e2ea74d28a12.jpg?ts=1737976295;https://cdn.grofers.com/da/cms-assets/cms/product/67262943-b586-470e-afe1-2b78ae018765.jpg?ts=1737976296,41,0
blinkit,Vegetables,33666,14784,14784,Green Pumpkin (Kumbalakayi),,43,31,1 piece (400-600 g),True,12,12,Fresh Vegetables,Pumpkin,https://cdn.grofers.com/app/assets/products/sliding_images/jpeg/f3e6a9cd-0799-43a7-bfe9-051b3dec5848.jpg?ts=1711961201;https://cdn.grofers.com/app/assets/products/sliding_images/jpeg/18a2a0e8-b045-4c97-9c64-8932b10f8b19.jpg?ts=1711961201,42,0
blinkit,Vegetables,33666,602184,602184,Organically Grown Chilli - 100 g (Menasinakayi),Green Earth,30,22,100 g,True,14,14,Certified Organic,Chilli,https://cdn.grofers.com/da/cms-assets/cms/product/69fb216e-cff9-4c94-81d3-8005c34b772e.jpg?ts=1737027090;https://cdn.grofers.com/da/cms-assets/cms/product/071166b6-5234-4afd-afb1-f36935c516e3.jpg?ts=1737027090;https://cdn.grofers.com/da/cms-assets/cms/product/6dc2bcbc-b800-42b0-9145-60e08f663bc8.jpg?ts=1737027090,43,0
blinkit,Vegetables,33666,145447,145447,Sambhar Onion (Eerulli),,35,27,250 g,True,17,17,Fresh Vegetables,Onion,https://cdn.grofers.com/app/images/products/sliding_image/145447a.jpg?ts=1690814755;https://cdn.grofers.com/app/images/products/sliding_image/145447b.jpg?ts=1690814755,44,0
blinkit,Vegetables,33666,3916,3916,Fenugreek (Menthe Kalu),,31,25,250 g,True,17,17,Leafies & Herbs,Fenugreek,https://cdn.grofers.com/app/assets/products/sliding_images/jpeg/6efe6e43-354e-46c3-9fdf-c29a9898f652.jpg?ts=1711695628;https://cdn.grofers.com/app/assets/products/sliding_images/jpeg/67e5482f-e7b9-4079-959b-6d10cb8e9fa9.jpg?ts=1711695628,45,0
blinkit,Vegetables,33666,587638,587638,Fenugreek - Pack of 2 (Menthe Kalu),,62,49,2 x 250 g,True,8,8,Leafies & Herbs,Fenugreek,https://cdn.grofers.com/da/cms-assets/cms/product/67bd7ab0-4b20-43db-90e2-1556e31b9eec.jpg?ts=1732280186;https://cdn.grofers.com/app/assets/products/sliding_images/jpeg/a3f4087b-6ebe-4488-9b86-fd5880241604.jpg,45,0
blinkit,Vegetables,33666,4916,4916,French Beans - 250 g (Hurulikayi),,29,23,250 g,True,11,11,Fresh Vegetables,Beans,https://cdn.grofers.com/app/assets/products/sliding_images/jpeg/8f6c6e3a-91de-4469-b685-eb25289650fc.jpg?ts=1711100796;https://cdn.grofers.com/app/assets/products/sliding_images/jpeg/28b8a86a-c772-4412-af90-e5ed1d395e09.jpg?ts=1711100796;https://cdn.grofers.com/da/cms-assets/cms/product/7b69aa79-81f1-483e-8b9f-bf3aadc17c25.jpg?ts=1745059828;https://cdn.grofers.com/app/assets/products/sliding_images/jpeg/f1494dee-b445-4586-9be2-7d0420f2ff1d.jpg,46,0
blinkit,Vegetables,33666,39394,39394,Red Bell Pepper (Kempu Dappa Menasina Kaayi),,45,35,1 piece (125-175 g),True,8,8,Exotics,Bell Pepper,https://cdn.grofers.com/app/assets/products/sliding_images/jpeg/2cf767f3-867a-4330-a319-b9c6ebc81613.jpg?ts=1711472824;https://cdn.grofers.com/app/assets/products/sliding_images/jpeg/c6a26c6e-aa10-4032-8aaa-901e304b4c9f.jpg?ts=1711472824;https://cdn.grofers.com/app/assets/products/sliding_images/jpeg/0fb1fcaa-7147-4e69-9724-cc1a59601ced.jpg?ts=1711472824;https://cdn.grofers.com/app/assets/products/sliding_images/jpeg/ff2113a6-baf7-414a-8696-af721db56b7b.jpg;https://cdn.grofers.com/app/assets/products/sliding_images/jpeg/94e0e9bd-40d9-459f-8a6e-6f0dd62470fd.jpg,47,0
blinkit,Vegetables,33666,443549,443549,Iceberg Lettuce (Letis Soppu),,63,49,(250-350) g,True,9,9,Exotics,Lettuce,https://cdn.grofers.com/da/cms-assets/cms/product/8a04791f-8d78-493a-9d69-1348466b9b54.jpg?ts=1742015669;https://cdn.grofers.com/da/cms-assets/cms/product/a6a98bfa-6c16-484e-bc28-e6f1b4389dd5.jpg?ts=1742015669;https://cdn.grofers.com/da/cms-assets/cms/product/c794aecb-bebc-4546-9883-7c482f7934be.jpg?ts=1742015669;https://cdn.grofers.com/da/cms-assets/cms/product/7ec30974-aaca-42e5-a8e9-6611d37ad6d3.jpg?ts=1742015669;https://cdn.grofers.com/da/cms-assets/cms/product/54ce1a34-2c96-46e3-b7ee-ef6b65479195.jpg?ts=1742015669,48,0
