platform,search_query,store_id,product_id,variant_id,name,brand,mrp,price,quantity,in_stock,inventory,max_allowed_quantity,category,sub_category,images,organic_rank,rating
blinkit,Vegetables,37414,354997,354997,Potato (Alugadde),,39,30,(0.95-1.05) kg,True,10,10,Fresh Vegetables,Potato,https://cdn.grofers.com/da/cms-assets/cms/product/2d053159-1d80-479e-9d0a-8c76d37c9af4.jpg?ts=1744719578;https://cdn.grofers.com/da/cms-assets/cms/product/67d0d903-36d7-431f-a6c7-7c925dd9cac7.jpg?ts=1744719578;https://cdn.grofers.com/da/cms-assets/cms/product/48607637-f2f0-4403-8cdd-36f25531c9cd.jpg?ts=1744719578;https://cdn.grofers.com/da/cms-assets/cms/product/97f9eb63-a0ea-466d-bace-784ea4c43fe9.jpg?ts=1744719578,1,0
blinkit,Vegetables,37414,3898,3898,Lady Finger (Bendekayi),,18,14,250 g,True,23,23,Fresh Vegetables,Lady Finger,https://cdn.grofers.com/app/assets/products/sliding_images/jpeg/1d455f4c-48df-4228-8fdb-51129f10491d.jpg?ts=1711016007;https://cdn.grofers.com/app/assets/products/sliding_images/jpeg/fcfe265a-4c50-4494-845d-819619e3101e.jpg?ts=1711016007;https://cdn.grofers.com/app/assets/products/sliding_images/jpeg/98e6da32-223b-4bb8-b550-fd6e8ebc1b3d.jpg?ts=1711016007;https://cdn.grofers.com/app/assets/products/sliding_images/jpeg/731a4545-f6f4-4296-ad80-63f9757f297a.jpg,2,0
blinkit,Vegetables,37414,37743,37743,Desi Tomato 500 g (Naati Tomaato),,20,16,500 g,True,50,50,Fresh Vegetables,Tomato,https://cdn.grofers.com/da/cms-assets/cms/product/667ea47a-84c8-4a73-86fc-a0c8c8281170.jpg?ts=1748187119;https://cdn.grofers.com/da/cms-assets/cms/product/a9e0176f-04a1-44f2-b814-552e176edae9.jpg?ts=1748187120;https://cdn.grofers.com/da/cms-assets/cms/product/6ef75cc4-15ce-4b5d-9e5e-d51ff0349ae9.jpg?ts=1748187120;https://cdn.grofers.com/da/cms-assets/cms/product/8e0469aa-6e40-4c7f-879e-f3052ec06773.jpg,3,0
blinkit,Vegetables,37414,421741,421741,Varikatri Brinjal (Badanekayi),,19,14,250 g,True,8,8,Fresh Vegetables,Brinjal,https://cdn.grofers.com/app/assets/products/sliding_images/jpeg/54081dc4-99f4-4201-8eb6-e36c05f9ad99.jpg?ts=1710840665;https://cdn.grofers.com/app/assets/products/sliding_images/jpeg/825e208d-fb4b-46ea-97ac-b57ac899a951.jpg?ts=1714039581,4,0
blinkit,Vegetables,37414,565122,565122,Yu 100% Natural Coconut Water,Yu,360,180,6 x 200 ml,True,3,3,Coconut Water,Coconut Water,https://cdn.grofers.com/da/cms-assets/cms/product/318bc5dc-a17a-4233-a528-3ff9948489b1.jpg?ts=1746519691;https://cdn.grofers.com/da/cms-assets/cms/product/e9344803-054f-438b-a51a-4e9d94ec0fab.jpg?ts=1746100528;https://cdn.grofers.com/da/cms-assets/cms/product/93ad0066-57c3-4f8e-8090-c58996561f1f.jpg?ts=1746100529;https://cdn.grofers.com/da/cms-assets/cms/product/6e3b5cf8-aef8-456f-bd3d-ca232764f2da.jpg?ts=1746100529;https://cdn.grofers.com/da/cms-assets/cms/product/26ea01d4-7d30-426e-87c3-22dae750c6df.jpg?ts=1746100530;https://cdn.grofers.com/da/cms-assets/cms/product/aa93395d-3b28-4f77-be0f-4976ac055248.jpg?ts=1746100530;https://cdn.grofers.com/da/cms-assets/cms/product/c732048d-8131-4d73-b08a-fe4dcaaf3bbd.jpg?ts=1746100531;https://cdn.grofers.com/da/cms-assets/cms/product/aac1ca9c-66ed-4f4e-95e6-a07a243313a2.jpg?ts=1746100531;https://cdn.grofers.com/da/cms-assets/cms/product/10f36153-b462-405b-8b5e-fbd256f61df5.jpg?ts=1746100532;https://cdn.grofers.com/da/cms-assets/cms/product/9d8202bf-c34a-4c75-b9bc-29c03e0e9398.jpg?ts=1746100532;https://cdn.grofers.com/da/cms-assets/cms/product/d7a3560e-252b-45c6-a8ea-114c07448bd1.jpg;https://cdn.grofers.com/da/cms-assets/cms/product/5b135930-09ec-4990-8ca9-b8cc42c71de0.jpg,5,4.465000
blinkit,Vegetables,37414,565123,565123,Yu 100% Natural Coconut Water,Yu,60,47,200 ml,True,2,2,Coconut Water,Coconut Water,https://cdn.grofers.com/da/cms-assets/cms/product/c8de8ce5-41d1-4786-9cc3-5fcb7e81b1f1.jpg?ts=1746100542;https://cdn.grofers.com/da/cms-assets/cms/product/996a5171-a787-44d8-9761-2863716e8334.jpg?ts=1746100542;https://cdn.grofers.com/da/cms-assets/cms/product/4039daa0-68ce-472a-8bee-1bae7633e506.jpg?ts=1746100543;https://cdn.grofers.com/da/cms-assets/cms/product/adfb0a35-2ccb-47e2-a2fe-4495ccd4927f.jpg?ts=1746100543;https://cdn.grofers.com/da/cms-assets/cms/product/2c0ae66e-af1f-40e9-b47f-0b83a52de584.jpg?ts=1746100544;https://cdn.grofers.com/da/cms-assets/cms/product/95ba7a94-51ad-4407-8089-af49d373fe52.jpg?ts=1746100544;https://cdn.grofers.com/da/cms-assets/cms/product/70bc1d80-345a-41ef-b8f1-ca62f643b5f9.jpg?ts=1746100545;https://cdn.grofers.com/da/cms-assets/cms/product/c4d8e64a-b302-4b07-8136-7646583ad0ca.jpg?ts=1746100545;https://cdn.grofers.com/da/cms-assets/cms/product/fa04524d-7fc6-4752-b42a-ec39451debfc.jpg?ts=1746100546;https://cdn.grofers.com/da/cms-assets/cms/product/53cf4cc0-1fa4-4bf5-8319-af5ab785c185.jpg?ts=1746100546;https://cdn.grofers.com/da/cms-assets/cms/product/74714324-41e5-4346-9a74-f8773a8fe92e.jpg;https://cdn.grofers.com/da/cms-assets/cms/product/215d50e8-150a-4bfc-a811-f756bef4de9d.jpg,5,4.290000
blinkit,Vegetables,37414,438113,438113,Cauliflower (Hoo Kosu),,35,26,1 piece (300-500 g),True,15,15,Fresh Vegetables,Cauliflower,https://cdn.grofers.com/da/cms-assets/cms/product/c2b29fc5-ea91-406f-b97e-4c430504e19f.jpg?ts=1750140111;https://cdn.grofers.com/da/cms-assets/cms/product/1d3b3354-e24f-4032-b594-631faa0b00a3.jpg?ts=1750140111;https://cdn.grofers.com/da/cms-assets/cms/product/7b2f2fb2-e927-4c93-b634-5592affe05f7.jpg?ts=1750140112;https://cdn.grofers.com/app/assets/products/sliding_images/jpeg/ec131822-a14d-44fd-89b1-377133dfd02d.jpg?ts=1713868644,6,0
blinkit,Vegetables,37414,449124,449124,ITC Master Chef Farmland Frozen Green Peas,ITC Master Chef,320,151,1 kg,True,3,3,Frozen Peas & Corn,Frozen Green Peas,https://cdn.grofers.com/app/assets/products/sliding_images/jpeg/4c81c1f4-434e-4a9c-b11b-161a0ae44adb.jpg?ts=1723098574;https://cdn.grofers.com/app/images/products/sliding_image/449124b.jpg?ts=1676009530;https://cdn.grofers.com/app/images/products/sliding_image/449124c.jpg?ts=1676009530;https://cdn.grofers.com/app/images/products/sliding_image/449124d.jpg?ts=1676009530;https://cdn.grofers.com/app/images/products/sliding_image/449124e.jpg?ts=1676009530;https://cdn.grofers.com/app/images/products/sliding_image/449124f.jpg?ts=1676009530;https://cdn.grofers.com/app/images/products/sliding_image/449124g.jpg?ts=1676009530;https://cdn.grofers.com/app/images/products/sliding_image/449124h.jpg?ts=1676009530;https://cdn.grofers.com/app/images/products/sliding_image/449124i.jpg,7,4.525000
blinkit,Vegetables,37414,3881,3881,Hybrid Tomato 500 g,,22,16,500 g,True,50,50,Fresh Vegetables,Tomato,https://cdn.grofers.com/da/cms-assets/cms/product/4cd11feb-f6df-4830-9fa1-a5f39f08fc3f.jpg?ts=1748161073;https://cdn.grofers.com/da/cms-assets/cms/product/47cf3540-65a7-4500-a54e-7a6a183f2a75.jpg?ts=1748161074;https://cdn.grofers.com/da/cms-assets/cms/product/19fae49e-2d12-4e23-abde-e60f08182ad0.jpg?ts=1748161074;https://cdn.grofers.com/da/cms-assets/cms/product/ba669458-bf4e-4427-b2c3-7467d8c5e649.jpg,8,0
blinkit,Vegetables,37414,69054,69054,Red Amaranthus Leaves (without roots) (Dantu Soppu),,34,27,200 g,True,4,4,Leafies & Herbs,Amaranthus Leaves,https://cdn.grofers.com/app/images/products/sliding_image/69054a.jpg?ts=1691138339;https://cdn.grofers.com/app/images/products/sliding_image/69054b.jpg?ts=1691138339,9,0
blinkit,Vegetables,37414,421706,421706,Coccinea (Thondekaayi),,28,22,250 g,True,10,10,Fresh Vegetables,Coccinea,https://cdn.grofers.com/app/images/products/sliding_image/421706a.jpg?ts=1690817507;https://cdn.grofers.com/app/images/products/sliding_image/421706b.jpg?ts=1690817507,10,0
blinkit,Vegetables,37414,327916,327916,Orange Carrot,,44,35,500 g,True,27,27,Fresh Vegetables,Carrot,https://cdn.grofers.com/app/images/products/sliding_image/327916a.jpg?ts=1690813169;https://cdn.grofers.com/app/images/products/sliding_image/327916b.jpg?ts=1690813169,11,0
blinkit,Vegetables,37414,530158,530158,Onion (Eerulli),,34,27,(0.95-1.05) kg,True,46,46,Fresh Vegetables,Onion,https://cdn.grofers.com/app/assets/products/sliding_images/jpeg/a1ba074a-c085-4dd1-b4a4-2f247d6f211d.jpg?ts=1711010249;https://cdn.grofers.com/app/assets/products/sliding_images/jpeg/3e73bfa7-1dfc-4a53-983c-59a95366b8dc.jpg?ts=1711010249;https://cdn.grofers.com/app/assets/products/sliding_images/jpeg/d104419e-e128-405a-ae42-13794e50858d.jpg?ts=1711010249;https://cdn.grofers.com/app/assets/products/sliding_images/jpeg/40c2925c-9832-49ae-b2d8-08481466e448.jpg,12,0
blinkit,Vegetables,37414,532987,532987,Onion - Pack of 2 (Eerulli),,68,54,2 x (0.95-1.05) kg,True,23,23,Fresh Vegetables,Onion,https://cdn.grofers.com/app/assets/products/sliding_images/jpeg/a4683389-4d48-4cb9-8c96-2175cad90111.jpg?ts=1710495574;https://cdn.grofers.com/app/assets/products/sliding_images/jpeg/6a91b796-be03-448d-80ab-ef08f28bebbe.jpg?ts=1710495574;https://cdn.grofers.com/app/assets/products/sliding_images/jpeg/2dfc8f9d-363f-475c-9999-e9c9c0c8ff3b.jpg?ts=1710495574;https://cdn.grofers.com/da/cms-assets/cms/product/d9780bd2-85bc-415d-b037-c7e8118cbd26.jpg?ts=1741278776,12,0
blinkit,Vegetables,37414,10088,10088,Green Cucumber (Southekayi),,20,15,(500-700) g,True,36,36,Fresh Vegetables,Cucumber,https://cdn.grofers.com/app/assets/products/sliding_images/jpeg/861fd2fe-69e6-4651-8ee2-b2425a89af74.jpg?ts=1711022175;https://cdn.grofers.com/app/assets/products/sliding_images/jpeg/10a01878-fd70-4751-90fe-e719fe212445.jpg?ts=1711022175;https://cdn.grofers.com/app/assets/products/sliding_images/jpeg/29fa3433-3af0-49ee-b704-f56114545fd7.jpg?ts=1711022175;https://cdn.grofers.com/app/assets/products/sliding_images/jpeg/ea8a06c3-55ca-431b-ac0a-143d6b27856f.jpg?ts=1711022175,13,0
blinkit,Vegetables,37414,339151,339151,Beetroot,,23,18,(250-350) g,True,16,16,Fresh Vegetables,Beetroot,https://cdn.grofers.com/app/assets/products/sliding_images/jpeg/f953c34a-7e85-4b3f-a8f3-ceddbb206df4.jpg?ts=1711473225;https://cdn.grofers.com/app/assets/products/sliding_images/jpeg/3b649137-18dd-451c-b859-1500301fda91.jpg?ts=1711473225;https://cdn.grofers.com/app/assets/products/sliding_images/jpeg/c55c6223-da60-445d-a96b-87260a418399.jpg?ts=1711473225;https://cdn.grofers.com/app/assets/products/sliding_images/jpeg/e7bcab9e-a367-407b-aafa-2b20c313e6a2.jpg?ts=1711473225,14,0
blinkit,Vegetables,37414,3889,3889,Coriander Bunch (Kottambari Soppu),,12,9,100 g,True,50,50,Leafies & Herbs,Coriander,https://cdn.grofers.com/da/cms-assets/cms/product/1d1beb79-3747-411f-b199-eaf7f9ad8a4f.jpg?ts=1750069208;https://cdn.grofers.com/da/cms-assets/cms/product/8f5e3271-f021-4f27-bc81-7deea6b59f31.jpg?ts=1750069208;https://cdn.grofers.com/da/cms-assets/cms/product/87b0ee27-668e-46ad-a1ec-36b2d19273ba.jpg?ts=1750069208,15,0
blinkit,Vegetables,37414,607308,607308,Coriander Bunch - Pack of 2 (Kottambari Soppu),,24,17,2 x 100 g,True,34,34,Leafies & Herbs,Coriander,https://cdn.grofers.com/da/cms-assets/cms/product/9650bea9-b471-498e-abc1-3fc95085da44.jpg?ts=1737093001;https://cdn.grofers.com/app/assets/products/sliding_images/jpeg/80f2e43f-da5f-422f-ac23-7ffbe7728c38.jpg;https://cdn.grofers.com/da/cms-assets/cms/product/cb46c61d-a2e4-46f3-98b4-cf66a4ed479a.jpg?ts=1737093002;https://cdn.grofers.com/app/assets/products/sliding_images/jpeg/54b5361b-2b25-45ff-b91c-d2865a0e9d0c.jpg,15,0
blinkit,Vegetables,37414,423735,423735,Green Chilli 100 g (Menasinakayi),,11,9,100 g,True,50,50,Fresh Vegetables,Chilli,https://cdn.grofers.com/app/assets/products/sliding_images/jpeg/27055af4-f9ca-49f5-a84b-cf407583be43.jpg?ts=1711019907;https://cdn.grofers.com/app/assets/products/sliding_images/jpeg/e8f3f700-5127-4d6b-826e-301bf6cdbfa6.jpg?ts=1711019907;https://cdn.grofers.com/app/assets/products/sliding_images/jpeg/669b8658-52de-4583-bfe4-b84d31e34ea5.jpg?ts=1711019907;https://cdn.grofers.com/app/assets/products/sliding_images/jpeg/96315cd0-d465-4f3a-b44f-404265c3742f.jpg?ts=1711019907,16,0
blinkit,Vegetables,37414,607309,607309,Green Chilli 100 g - Pack of 2 (Menasinakayi),,22,17,2 x 100 g,True,40,40,Fresh Vegetables,Chilli,https://cdn.grofers.com/da/cms-assets/cms/product/3c97b38f-1aa9-455c-a780-4decba07502d.jpg?ts=1737093005;https://cdn.grofers.com/app/assets/products/sliding_images/jpeg/0f4616f1-3180-4031-9952-77dadcd8b4fd.jpg;https://cdn.grofers.com/da/cms-assets/cms/product/b3e17eb6-45e4-4b08-a263-5fe67789f174.jpg?ts=1737093005;https://cdn.grofers.com/app/assets/products/sliding_images/jpeg/008a6de5-e6fa-4cd7-9166-60f23e07a08b.jpg,16,0
blinkit,Vegetables,37414,229627,229627,Lemon (Nimbe),,35,28,(220-250) g,True,30,30,Fresh Vegetables,Lemon,https://cdn.grofers.com/app/assets/products/sliding_images/jpeg/c655faa5-2b29-4714-8411-c98b67f4ef51.jpg?ts=1741346719;https://cdn.grofers.com/app/assets/products/sliding_images/jpeg/6dcf7bcc-a4a3-4d3a-88cd-ce59c472abb8.jpg?ts=1741346719;https://cdn.grofers.com/app/assets/products/sliding_images/jpeg/1d8d48f9-cdac-463c-9da0-1a2991f18cc8.jpg?ts=1741346719;https://cdn.grofers.com/app/assets/products/sliding_images/jpeg/4964a43b-a9d6-44f8-aadb-4d737b4255b5.jpg?ts=1741346719,17,0
blinkit,Vegetables,37414,17643,17643,Curry Leaves (Karibevina Soppu),,18,14,100 g,True,24,24,Leafies & Herbs,Curry Leaves,https://cdn.grofers.com/app/images/products/sliding_image/17643a.jpg?ts=1690813684;https://cdn.grofers.com/app/images/products/sliding_image/17643b.jpg?ts=1690813684,18,0
blinkit,Vegetables,37414,365421,365421,Coriander (Without Roots) (Kottambari Soppu),,89,12,100 g,True,25,25,Leafies & Herbs,Coriander,https://cdn.grofers.com/da/cms-assets/cms/product/d1a28a56-0f92-4794-98c6-685e3a2a0185.jpg?ts=1750397347;https://cdn.grofers.com/da/cms-assets/cms/product/01a36c1c-626d-457e-88e1-f47c24bdf17f.jpg?ts=1750071080;https://cdn.grofers.com/da/cms-assets/cms/product/08127336-ac07-4c07-be27-50c1f5d9e99a.jpg?ts=1750071080,19,0
blinkit,Vegetables,37414,355004,355004,Garlic (Bellulli),,28,21,100 g,True,22,22,Fresh Vegetables,Garlic,https://cdn.grofers.com/app/assets/products/sliding_images/jpeg/c94ce8fe-8a5c-4ba3-9277-6b988ad42a50.jpg?ts=1711473367;https://cdn.grofers.com/app/assets/products/sliding_images/jpeg/69fdf69a-b941-420e-a02b-febaae593f77.jpg?ts=1711473367;https://cdn.grofers.com/da/cms-assets/cms/product/e32ba356-5e3e-4a96-ab11-75238b42d50f.jpg?ts=1740114830;https://cdn.grofers.com/app/assets/products/sliding_images/jpeg/45ebcfc0-a889-4c2f-8583-6a7d3ec56b13.jpg?ts=1711473367,20,0
blinkit,Vegetables,37414,95032,95032,Ginger (Shunti),,20,16,200 g,True,15,15,Fresh Vegetables,Ginger,https://cdn.grofers.com/app/assets/products/sliding_images/jpeg/1a3564c0-b467-4a8e-90f2-fe5bec7c613b.jpg?ts=1722935025;https://cdn.grofers.com/app/assets/products/sliding_images/jpeg/92f94032-2a10-4511-93cf-9a0bd333eba8.jpg?ts=1722935027;https://cdn.grofers.com/app/assets/products/sliding_images/jpeg/a4f15ad9-7010-46d5-bfcd-e0e495cd8de2.jpg?ts=1722935028;https://cdn.grofers.com/app/assets/products/sliding_images/jpeg/604a0beb-b474-45b7-a57e-a76261e05296.jpg?ts=1722935030,21,0
blinkit,Vegetables,37414,242284,242284,Ooty Carrot,,27,22,250 g,True,10,10,Fresh Vegetables,Carrot,https://cdn.grofers.com/app/assets/products/sliding_images/jpeg/e6cddd32-537f-4822-b2b9-4bbbb1aeaa27.jpg?ts=1718267335;https://cdn.grofers.com/app/images/products/sliding_image/242284b.jpg?ts=1690831060,22,0
blinkit,Vegetables,37414,184269,184269,Jamun,,65,47,(250-280) g,True,23,23,Fresh Fruits,Jamun,https://cdn.grofers.com/app/assets/products/sliding_images/jpeg/876b89b9-9c7d-4f7d-9fc3-974de0ac65af.jpg?ts=1714125339;https://cdn.grofers.com/app/assets/products/sliding_images/jpeg/d78a4af7-dcc6-4019-9d52-b60291b251e7.jpg?ts=1714125339;https://cdn.grofers.com/app/assets/products/sliding_images/jpeg/e732e5ab-b716-49be-8ed0-0bc8524ced31.jpg;https://cdn.grofers.com/app/assets/products/sliding_images/jpeg/3716e7dc-5fd9-4bdf-bf2f-bbb6bc8eaefd.jpg,23,0
blinkit,Vegetables,37414,22982,22982,Haricot Beans (Hurulikayi),,37,28,250 g,True,18,18,Fresh Vegetables,Beans,https://cdn.grofers.com/app/assets/products/sliding_images/jpeg/57535480-3faa-4725-9621-63555cd9035b.jpg?ts=1707557500;https://cdn.grofers.com/app/images/products/sliding_image/22982b.jpg?ts=1690813550,24,0
blinkit,Vegetables,37414,253317,253317,Button Mushroom (Anabe),,67,49,(180-200) g,True,19,19,Fresh Vegetables,Mushroom,https://cdn.grofers.com/app/assets/products/sliding_images/jpeg/ee1b5a5a-5c29-4060-93a6-60a794600cd1.jpg?ts=1716344812;https://cdn.grofers.com/app/assets/products/sliding_images/jpeg/11a2e041-c3ba-40e2-be3a-1181620b4108.jpg?ts=1716344813;https://cdn.grofers.com/app/assets/products/sliding_images/jpeg/86bb0196-2030-439e-af61-31aac914d5df.jpg?ts=1716344813;https://cdn.grofers.com/app/assets/products/sliding_images/jpeg/2f73bc09-6e7d-4d23-91b5-0be628e191fe.jpg?ts=1716344814;https://cdn.grofers.com/app/assets/products/sliding_images/jpeg/bcdb0636-6e44-4f2b-b1c4-b80bb20a50b3.jpg,25,0
blinkit,Vegetables,37414,23343,23343,English Cucumber (Southekayi),,32,25,(500-600) g,True,25,25,Fresh Vegetables,Cucumber,https://cdn.grofers.com/app/assets/products/sliding_images/jpeg/4a7cbdcc-d74d-403f-a0cb-b130572ad296.jpg?ts=1711022176;https://cdn.grofers.com/app/assets/products/sliding_images/jpeg/2598d366-b897-4532-8b31-496c91e2572a.jpg?ts=1711022176;https://cdn.grofers.com/app/assets/products/sliding_images/jpeg/d0fa3bb9-f859-4712-a180-dc0d9adf8574.jpg?ts=1711022176;https://cdn.grofers.com/app/assets/products/sliding_images/jpeg/419b37ea-f2cb-4b36-b3b1-7254f2e79953.jpg,26,0
blinkit,Vegetables,37414,365431,365431,Mint Leaves (Without Roots) (Pudina Soppu),,89,15,100 g,True,1,1,Leafies & Herbs,Mint Leaves,https://cdn.grofers.com/app/assets/products/sliding_images/jpeg/b2a44efa-f3e4-4db8-8b1a-a1e10c9da956.jpg?ts=1711473368;https://cdn.grofers.com/app/assets/products/sliding_images/jpeg/f0538322-4e64-483b-9845-fcbcf54df43c.jpg?ts=1711473368;https://cdn.grofers.com/app/assets/products/sliding_images/jpeg/e61b44f6-9035-4078-8978-bb905fcc8263.jpg?ts=1711473368;https://cdn.grofers.com/app/assets/products/sliding_images/jpeg/3463d04d-2136-4d3b-bbd3-e5597a650d00.jpg,27,0
blinkit,Vegetables,37414,23376,23376,Drumstick (Nuggekaayi),,26,20,2 pieces,True,19,19,Fresh Vegetables,Drumstick,https://cdn.grofers.com/app/assets/products/sliding_images/jpeg/39f745ca-3bb3-49fe-8bd4-2b3fd65a1a31.jpg?ts=1707557501;https://cdn.grofers.com/app/images/products/sliding_image/23376b.jpg?ts=1691671086,28,0
blinkit,Vegetables,37414,217595,217595,Green Capsicum 500 g (Dappa Menasinakayi),,39,31,500 g,True,10,10,Fresh Vegetables,Capsicum,https://cdn.grofers.com/app/assets/products/sliding_images/jpeg/55a3d8d4-4234-4ff5-a7cd-25df6e2dccde.jpg?ts=1711024454;https://cdn.grofers.com/app/assets/products/sliding_images/jpeg/2d046cb3-edeb-4b1e-b73b-72b6be896a4f.jpg?ts=1711024454;https://cdn.grofers.com/app/assets/products/sliding_images/jpeg/e1412336-3663-49d0-a06a-31421bc49caa.jpg?ts=1711024454;https://cdn.grofers.com/app/assets/products/sliding_images/jpeg/30b1836c-6fe0-46e0-81ac-d7baa7710608.jpg,29,0
blinkit,Vegetables,37414,3952,3952,Sweet Potato (450-600) g (Hasi Genasu),,27,22,(450-600) g,True,9,9,Fresh Vegetables,Sweet Potato,https://cdn.grofers.com/app/assets/products/sliding_images/jpeg/185bc66d-57f1-4d60-818c-3ad4a52e09f3.jpg?ts=1732710610;https://cdn.grofers.com/da/cms-assets/cms/product/ce96c37f-b00c-4a44-a098-a9b806e5306c.jpg?ts=1732711399;https://cdn.grofers.com/app/assets/products/sliding_images/jpeg/af1bbd1b-89e0-4925-91e1-54c8c780ac18.jpg?ts=1732710610;https://cdn.grofers.com/app/assets/products/sliding_images/jpeg/fce3a6b8-8978-4c2f-b35a-4d2c607410ef.jpg?ts=1732710610;https://cdn.grofers.com/da/cms-assets/cms/product/eec14baa-1401-42c4-badc-c29b3ffcfaa0.jpg?ts=1732710610;https://cdn.grofers.com/app/assets/products/sliding_images/jpeg/99599118-2063-4e56-ae32-a65067706a27.jpg?ts=1732710610,30,0
blinkit,Vegetables,37414,4916,4916,French Beans - 250 g (Hurulikayi),,30,23,250 g,True,6,6,Fresh Vegetables,Beans,https://cdn.grofers.com/app/assets/products/sliding_images/jpeg/8f6c6e3a-91de-4469-b685-eb25289650fc.jpg?ts=1711100796;https://cdn.grofers.com/app/assets/products/sliding_images/jpeg/28b8a86a-c772-4412-af90-e5ed1d395e09.jpg?ts=1711100796;https://cdn.grofers.com/da/cms-assets/cms/product/7b69aa79-81f1-483e-8b9f-bf3aadc17c25.jpg?ts=1745059828;https://cdn.grofers.com/app/assets/products/sliding_images/jpeg/f1494dee-b445-4586-9be2-7d0420f2ff1d.jpg,31,0
blinkit,Vegetables,37414,332744,332744,Spinach (Basale Soppu / Palak Soppu),,23,18,200 g,True,11,11,Leafies & Herbs,Spinach,https://cdn.grofers.com/da/cms-assets/cms/product/205bdf41-3adb-4dbe-80d9-cd5a20a72390.jpg?ts=1745410346;https://cdn.grofers.com/da/cms-assets/cms/product/ee6c9c5a-2c2e-4902-a9fa-fe9051f42808.jpg?ts=1745410347;https://cdn.grofers.com/da/cms-assets/cms/product/eec36d73-da5f-4358-a8b1-63a183cf1a98.jpg?ts=1745410347;https://cdn.grofers.com/da/cms-assets/cms/product/7e3ca75a-0b9a-4a5e-bb15-825254b90943.jpg?ts=1745410348,32,0
blinkit,Vegetables,37414,271992,271992,Broccoli (Kosugadde),,108,79,1 piece (200-300 g),True,6,6,Exotics,Broccoli,https://cdn.grofers.com/da/cms-assets/cms/product/df72484d-9e10-4db0-b4d9-8fa55049aeac.jpg?ts=1750059773;https://cdn.grofers.com/da/cms-assets/cms/product/0adb9c60-0f21-49bf-b410-ac66492ba0f5.jpg?ts=1750059773,33,0
blinkit,Vegetables,37414,339152,339152,Cabbage (Yele Kosu),,26,21,1 piece (400-600 g),True,11,11,Fresh Vegetables,Cabbage,https://cdn.grofers.com/app/assets/products/sliding_images/jpeg/9a806b4f-1793-465f-a3ae-b3b221acbfb9.jpg?ts=1711016570;https://cdn.grofers.com/app/assets/products/sliding_images/jpeg/f6289139-b590-40a2-b294-34ae1eca2e77.jpg?ts=1711016570;https://cdn.grofers.com/app/assets/products/sliding_images/jpeg/9e61ed60-d76c-4ff3-a922-b5ddbdd7ad43.jpg?ts=1711016570;https://cdn.grofers.com/app/assets/products/sliding_images/jpeg/23c9fbf0-2e44-43ba-8ae4-e0db65d007d9.jpg,34,0
blinkit,Vegetables,37414,341330,341330,Totapuri Raw Mango (Mavina Kaayi),,19,15,(700-900) g,True,19,19,Fresh Fruits,Raw Mango,https://cdn.grofers.com/app/assets/products/sliding_images/jpeg/63640875-c8a1-4ff2-b5cf-f6146376710c.jpg?ts=1713943885;https://cdn.grofers.com/app/assets/products/sliding_images/jpeg/3bb2fa0a-2f6a-49c0-9639-d17743a2ed02.jpg?ts=1713943886;https://cdn.grofers.com/app/assets/products/sliding_images/jpeg/fd036046-581b-4cd7-8ebe-fa3eeca0e90d.jpg;https://cdn.grofers.com/app/assets/products/sliding_images/jpeg/3cf08028-51a0-4c48-a93b-eb9f4c3c1b96.jpg;https://cdn.grofers.com/app/assets/products/sliding_images/jpeg/d4a8ed1f-6dcb-4afe-b5f7-8bebd646b73c.jpg,35,0
blinkit,Vegetables,37414,421747,421747,Radish (Moolangi),,24,18,(500-600) g,True,8,8,Fresh Vegetables,Radish,https://cdn.grofers.com/app/assets/products/sliding_images/jpeg/74094d0b-b147-46ff-bd8f-3c9a64dc66ec.jpg?ts=1726561108;https://cdn.grofers.com/app/assets/products/sliding_images/jpeg/df1586b0-2cf1-4bd8-b049-a145cde6fe00.jpg?ts=1726561109;https://cdn.grofers.com/app/assets/products/sliding_images/jpeg/102753b3-c5e5-4bc8-9b26-404784f6bf6c.jpg?ts=1726561111;https://cdn.grofers.com/app/assets/products/sliding_images/jpeg/d2ca12f7-3f54-4d4d-9693-2e1abfda81e5.jpg?ts=1726561112;https://cdn.grofers.com/app/assets/products/sliding_images/jpeg/7cdda660-6a8e-4c77-b233-c013c02acdf7.jpg,36,0
