platform,search_query,store_id,product_id,variant_id,name,brand,mrp,price,quantity,in_stock,inventory,max_allowed_quantity,category,sub_category,images,organic_rank,rating
blinkit,Vegetables,34754,354997,354997,Potato (Alugadde),,38,30,(0.95-1.05) kg,True,10,10,Fresh Vegetables,Potato,https://cdn.grofers.com/da/cms-assets/cms/product/47aacb59-7ce0-438a-9c8d-208e6901fef4.png;https://cdn.grofers.com/da/cms-assets/cms/product/1f5a6652-25a7-4f56-b0be-e06acd9f2e2f.png;https://cdn.grofers.com/da/cms-assets/cms/product/e46eb1e7-1e0a-4740-b585-bacf3599f196.png;https://cdn.grofers.com/da/cms-assets/cms/product/b125015f-2f3b-47ab-9062-4b2fdc93d691.png;https://cdn.grofers.com/app/images/products/common/customer_care.jpg,1,0
blinkit,Vegetables,34754,3898,3898,Lady Finger (Bendekayi),,20,15,250 g,True,50,50,Fresh Vegetables,Lady Finger,https://cdn.grofers.com/da/cms-assets/cms/product/55b60fb8-ab99-491c-89df-08aa8959f060.png;https://cdn.grofers.com/da/cms-assets/cms/product/0f8d4183-15b8-4b78-9752-0dc4363ef749.png;https://cdn.grofers.com/da/cms-assets/cms/product/d2c5729e-5d37-4132-857b-9ce35b464dc1.png;https://cdn.grofers.com/da/cms-assets/cms/product/fa28da4f-e8f1-4622-a4b8-811189c80da0.png;https://cdn.grofers.com/app/images/products/common/customer_care.jpg,2,0
blinkit,Vegetables,34754,37743,37743,Desi Tomato 500 g (Naati Tomaato),,20,16,500 g,True,50,50,Fresh Vegetables,Tomato,https://cdn.grofers.com/da/cms-assets/cms/product/667ea47a-84c8-4a73-86fc-a0c8c8281170.png;https://cdn.grofers.com/da/cms-assets/cms/product/a9e0176f-04a1-44f2-b814-552e176edae9.png;https://cdn.grofers.com/da/cms-assets/cms/product/6ef75cc4-15ce-4b5d-9e5e-d51ff0349ae9.png;https://cdn.grofers.com/da/cms-assets/cms/product/8e0469aa-6e40-4c7f-879e-f3052ec06773.png;https://cdn.grofers.com/app/images/products/common/customer_care.jpg,3,0
blinkit,Vegetables,34754,421741,421741,Varikatri Brinjal (Badanekayi),,20,15,250 g,True,12,12,Fresh Vegetables,Brinjal,https://cdn.grofers.com/da/cms-assets/cms/product/29cfa5b0-1cb5-4b3d-805e-fe413326aa27.png;https://cdn.grofers.com/da/cms-assets/cms/product/c339521f-0a8f-4086-8b65-c4778a415008.png;https://cdn.grofers.com/app/images/products/common/customer_care.jpg,4,0
blinkit,Vegetables,34754,565122,565122,Yu 100% Natural Coconut Water,Yu,360,180,6 x 200 ml,True,6,6,Coconut Water,Coconut Water,https://cdn.grofers.com/da/cms-assets/cms/product/2ec38df6-909a-4bce-bf2a-e109c867e927.png;https://cdn.grofers.com/da/cms-assets/cms/product/bebca609-aafe-48e9-b96e-6ab23592776e.png;https://cdn.grofers.com/da/cms-assets/cms/product/a2cecceb-8e72-418a-9e63-e73d55b38c27.png;https://cdn.grofers.com/da/cms-assets/cms/product/127c06d3-9334-4cd8-b09b-b1f9fb036f59.png;https://cdn.grofers.com/da/cms-assets/cms/product/22997980-189b-4cab-82b6-179a49dd995a.png;https://cdn.grofers.com/da/cms-assets/cms/product/a011903c-cef6-4fec-b7df-123716a77260.png;https://cdn.grofers.com/da/cms-assets/cms/product/16d08378-0b65-442d-9f3c-399315af63a5.png;https://cdn.grofers.com/da/cms-assets/cms/product/b8988b39-523b-482e-b8e8-cd0f8c03f22d.png;https://cdn.grofers.com/da/cms-assets/cms/product/758f4fda-845c-4109-b68d-a7944dfa3022.png;https://cdn.grofers.com/da/cms-assets/cms/product/093da5d8-f8d4-46f3-98bb-9348c1d06fcc.png;https://cdn.grofers.com/da/cms-assets/cms/product/c8d461de-272f-4e63-9584-76db64457a40.png;https://cdn.grofers.com/da/cms-assets/cms/product/34515689-2e37-4763-b29e-57df93b1ced3.png;https://cdn.grofers.com/app/images/products/common/customer_care.jpg,5,4.465000
blinkit,Vegetables,34754,565123,565123,Yu 100% Natural Coconut Water,Yu,60,47,200 ml,True,3,3,Coconut Water,Coconut Water,https://cdn.grofers.com/da/cms-assets/cms/product/af0ae945-04ea-4be2-ae46-455559329852.png;https://cdn.grofers.com/da/cms-assets/cms/product/8f529f4a-f182-45cb-8821-7dc986b358f5.png;https://cdn.grofers.com/da/cms-assets/cms/product/a9ff7715-7621-4eca-be31-e02dd94f70ca.png;https://cdn.grofers.com/da/cms-assets/cms/product/f0818187-30f4-4db4-849e-35be7d703891.png;https://cdn.grofers.com/da/cms-assets/cms/product/91162fe7-773b-4393-91d0-36d5cac5e660.png;https://cdn.grofers.com/da/cms-assets/cms/product/107bf52c-2437-4cfa-86b9-95f5db941beb.png;https://cdn.grofers.com/da/cms-assets/cms/product/15ba14eb-dc25-47b6-a9c8-c30ceb6f013d.png;https://cdn.grofers.com/da/cms-assets/cms/product/a1df600f-714b-41d4-a2c1-569bf2206e5f.png;https://cdn.grofers.com/da/cms-assets/cms/product/d32ef1f8-8e4c-4ffc-a0c8-e0abbd1965e0.png;https://cdn.grofers.com/da/cms-assets/cms/product/5b14c0a6-0f6c-43fe-8fd7-4f16e2994789.png;https://cdn.grofers.com/da/cms-assets/cms/product/604ab573-9d0b-4998-9af6-9d0de0a4ca78.png;https://cdn.grofers.com/da/cms-assets/cms/product/c823b2fc-0c4a-45c1-82eb-0a5326d60b77.png;https://cdn.grofers.com/app/images/products/common/customer_care.jpg,5,4.290000
blinkit,Vegetables,34754,438113,438113,Cauliflower (Hoo Kosu),,32,26,1 piece (300-500 g),True,36,36,Fresh Vegetables,Cauliflower,https://cdn.grofers.com/da/cms-assets/cms/product/c2b29fc5-ea91-406f-b97e-4c430504e19f.png;https://cdn.grofers.com/da/cms-assets/cms/product/1d3b3354-e24f-4032-b594-631faa0b00a3.png;https://cdn.grofers.com/da/cms-assets/cms/product/7b2f2fb2-e927-4c93-b634-5592affe05f7.png;https://cdn.grofers.com/da/cms-assets/cms/product/fc65e212-78df-49f6-a4ec-3886423af1ca.png;https://cdn.grofers.com/app/images/products/common/customer_care.jpg,6,0
blinkit,Vegetables,34754,604385,604385,Organically Grown Green Cucumber - 500 g (Southekayi),Bhoomi Farms,60,43,500 g,True,1,1,Certified Organic,Cucumber,https://cdn.grofers.com/da/cms-assets/cms/product/d05806cc-84bf-4ac4-b14b-80d9332d2d1e.png;https://cdn.grofers.com/da/cms-assets/cms/product/5f3ab10a-4265-4152-9abb-8e6e6550d8f9.png;https://cdn.grofers.com/da/cms-assets/cms/product/bc3526dd-2484-4574-91c7-578e03b184f7.png;https://cdn.grofers.com/app/images/products/common/customer_care.jpg,7,0
blinkit,Vegetables,34754,3881,3881,Hybrid Tomato 500 g,,21,16,500 g,True,50,50,Fresh Vegetables,Tomato,https://cdn.grofers.com/da/cms-assets/cms/product/4cd11feb-f6df-4830-9fa1-a5f39f08fc3f.png;https://cdn.grofers.com/da/cms-assets/cms/product/47cf3540-65a7-4500-a54e-7a6a183f2a75.png;https://cdn.grofers.com/da/cms-assets/cms/product/19fae49e-2d12-4e23-abde-e60f08182ad0.png;https://cdn.grofers.com/da/cms-assets/cms/product/ba669458-bf4e-4427-b2c3-7467d8c5e649.png;https://cdn.grofers.com/app/images/products/common/customer_care.jpg,8,0
blinkit,Vegetables,34754,602448,602448,Organically Grown Brinjal Bharta - 500 g (Badanekayi),Healthy Buddha,103,74,500 g,True,1,1,Certified Organic,Brinjal,https://cdn.grofers.com/da/cms-assets/cms/product/26685220-0429-4898-835b-e96a157aa394.png;https://cdn.grofers.com/da/cms-assets/cms/product/dd2fe76c-5854-47a4-8065-61615cf532b9.png;https://cdn.grofers.com/da/cms-assets/cms/product/f1240cb1-928a-49be-9125-37c453cdd21e.png;https://cdn.grofers.com/app/images/products/common/customer_care.jpg,9,0
blinkit,Vegetables,34754,421706,421706,Coccinea (Thondekaayi),,37,27,250 g,True,15,15,Fresh Vegetables,Coccinea,https://cdn.grofers.com/da/cms-assets/cms/product/2347d68f-12ce-44af-bb0f-c4b81de589f4.png;https://cdn.grofers.com/da/cms-assets/cms/product/584fc195-ea94-4cb6-a20f-0626f692c9c6.jpg;https://cdn.grofers.com/app/images/products/common/customer_care.jpg,10,0
blinkit,Vegetables,34754,327916,327916,Orange Carrot,,47,35,500 g,True,50,50,Fresh Vegetables,Carrot,https://cdn.grofers.com/da/cms-assets/cms/product/3de12ff4-882f-40c0-98d8-ff082ecdcf58.png;https://cdn.grofers.com/da/cms-assets/cms/product/70b9642b-ddb9-424d-bf71-b63909f3bbb4.png;https://cdn.grofers.com/app/images/products/common/customer_care.jpg,11,0
blinkit,Vegetables,34754,530158,530158,Onion (Eerulli),,36,27,(0.95-1.05) kg,True,50,50,Fresh Vegetables,Onion,https://cdn.grofers.com/da/cms-assets/cms/product/f53c1ea1-cfa0-438b-a14c-b4f5ebeed7dd.png;https://cdn.grofers.com/da/cms-assets/cms/product/7dbba89e-1c58-44f1-b22e-8c9c59e828d6.png;https://cdn.grofers.com/da/cms-assets/cms/product/c9491304-1b82-4298-87d7-ef1d83afc76b.png;https://cdn.grofers.com/da/cms-assets/cms/product/255664b8-a4fc-46e4-b310-9de57e71295f.png;https://cdn.grofers.com/app/images/products/common/customer_care.jpg,12,0
blinkit,Vegetables,34754,532987,532987,Onion - Pack of 2 (Eerulli),,72,54,2 x (0.95-1.05) kg,True,50,50,Fresh Vegetables,Onion,https://cdn.grofers.com/da/cms-assets/cms/product/4e24f749-8a65-4a87-a562-7bc4bf49351f.png;https://cdn.grofers.com/da/cms-assets/cms/product/9bfb8b42-7dc2-4220-b73e-e23d1f1b64b7.png;https://cdn.grofers.com/da/cms-assets/cms/product/6c391373-d378-4a4f-9caf-a5d303ab8631.png;https://cdn.grofers.com/da/cms-assets/cms/product/3f28b9f5-bfef-4d3f-aabf-db79fc377863.png;https://cdn.grofers.com/app/images/products/common/customer_care.jpg,12,0
blinkit,Vegetables,34754,10088,10088,Green Cucumber (Southekayi),,19,15,(500-700) g,True,50,50,Fresh Vegetables,Cucumber,https://cdn.grofers.com/app/assets/products/sliding_images/jpeg/861fd2fe-69e6-4651-8ee2-b2425a89af74.jpg?ts=1711022175;https://cdn.grofers.com/app/assets/products/sliding_images/jpeg/10a01878-fd70-4751-90fe-e719fe212445.jpg?ts=1711022175;https://cdn.grofers.com/app/assets/products/sliding_images/jpeg/29fa3433-3af0-49ee-b704-f56114545fd7.jpg?ts=1711022175;https://cdn.grofers.com/app/assets/products/sliding_images/jpeg/ea8a06c3-55ca-431b-ac0a-143d6b27856f.jpg?ts=1711022175,13,0
blinkit,Vegetables,34754,339151,339151,Beetroot,,22,18,(250-350) g,True,38,38,Fresh Vegetables,Beetroot,https://cdn.grofers.com/app/assets/products/sliding_images/jpeg/f953c34a-7e85-4b3f-a8f3-ceddbb206df4.jpg?ts=1711473225;https://cdn.grofers.com/app/assets/products/sliding_images/jpeg/3b649137-18dd-451c-b859-1500301fda91.jpg?ts=1711473225;https://cdn.grofers.com/app/assets/products/sliding_images/jpeg/c55c6223-da60-445d-a96b-87260a418399.jpg?ts=1711473225;https://cdn.grofers.com/app/assets/products/sliding_images/jpeg/e7bcab9e-a367-407b-aafa-2b20c313e6a2.jpg?ts=1711473225,14,0
blinkit,Vegetables,34754,3889,3889,Coriander Bunch (Kottambari Soppu),,12,9,100 g,True,50,50,Leafies & Herbs,Coriander,https://cdn.grofers.com/da/cms-assets/cms/product/1d1beb79-3747-411f-b199-eaf7f9ad8a4f.jpg?ts=1750069208;https://cdn.grofers.com/da/cms-assets/cms/product/8f5e3271-f021-4f27-bc81-7deea6b59f31.jpg?ts=1750069208;https://cdn.grofers.com/da/cms-assets/cms/product/87b0ee27-668e-46ad-a1ec-36b2d19273ba.jpg?ts=1750069208,15,0
blinkit,Vegetables,34754,607308,607308,Coriander Bunch - Pack of 2 (Kottambari Soppu),,24,17,2 x 100 g,True,50,50,Leafies & Herbs,Coriander,https://cdn.grofers.com/da/cms-assets/cms/product/9650bea9-b471-498e-abc1-3fc95085da44.jpg?ts=1737093001;https://cdn.grofers.com/app/assets/products/sliding_images/jpeg/80f2e43f-da5f-422f-ac23-7ffbe7728c38.jpg;https://cdn.grofers.com/da/cms-assets/cms/product/cb46c61d-a2e4-46f3-98b4-cf66a4ed479a.jpg?ts=1737093002;https://cdn.grofers.com/app/assets/products/sliding_images/jpeg/54b5361b-2b25-45ff-b91c-d2865a0e9d0c.jpg,15,0
blinkit,Vegetables,34754,229627,229627,Lemon (Nimbe),,38,28,(220-250) g,True,50,50,Fresh Vegetables,Lemon,https://cdn.grofers.com/app/assets/products/sliding_images/jpeg/c655faa5-2b29-4714-8411-c98b67f4ef51.jpg?ts=1741346719;https://cdn.grofers.com/app/assets/products/sliding_images/jpeg/6dcf7bcc-a4a3-4d3a-88cd-ce59c472abb8.jpg?ts=1741346719;https://cdn.grofers.com/app/assets/products/sliding_images/jpeg/1d8d48f9-cdac-463c-9da0-1a2991f18cc8.jpg?ts=1741346719;https://cdn.grofers.com/app/assets/products/sliding_images/jpeg/4964a43b-a9d6-44f8-aadb-4d737b4255b5.jpg?ts=1741346719,16,0
blinkit,Vegetables,34754,423735,423735,Green Chilli 100 g (Menasinakayi),,12,9,100 g,True,50,50,Fresh Vegetables,Chilli,https://cdn.grofers.com/app/assets/products/sliding_images/jpeg/27055af4-f9ca-49f5-a84b-cf407583be43.jpg?ts=1711019907;https://cdn.grofers.com/app/assets/products/sliding_images/jpeg/e8f3f700-5127-4d6b-826e-301bf6cdbfa6.jpg?ts=1711019907;https://cdn.grofers.com/app/assets/products/sliding_images/jpeg/669b8658-52de-4583-bfe4-b84d31e34ea5.jpg?ts=1711019907;https://cdn.grofers.com/app/assets/products/sliding_images/jpeg/96315cd0-d465-4f3a-b44f-404265c3742f.jpg?ts=1711019907,17,0
blinkit,Vegetables,34754,607309,607309,Green Chilli 100 g - Pack of 2 (Menasinakayi),,24,17,2 x 100 g,True,50,50,Fresh Vegetables,Chilli,https://cdn.grofers.com/da/cms-assets/cms/product/3c97b38f-1aa9-455c-a780-4decba07502d.jpg?ts=1737093005;https://cdn.grofers.com/app/assets/products/sliding_images/jpeg/0f4616f1-3180-4031-9952-77dadcd8b4fd.jpg;https://cdn.grofers.com/da/cms-assets/cms/product/b3e17eb6-45e4-4b08-a263-5fe67789f174.jpg?ts=1737093005;https://cdn.grofers.com/app/assets/products/sliding_images/jpeg/008a6de5-e6fa-4cd7-9166-60f23e07a08b.jpg,17,0
blinkit,Vegetables,34754,242284,242284,Ooty Carrot,,29,22,250 g,True,50,50,Fresh Vegetables,Carrot,https://cdn.grofers.com/app/assets/products/sliding_images/jpeg/e6cddd32-537f-4822-b2b9-4bbbb1aeaa27.jpg?ts=1718267335;https://cdn.grofers.com/app/images/products/sliding_image/242284b.jpg?ts=1690831060,18,0
blinkit,Vegetables,34754,365421,365421,Coriander (Without Roots) (Kottambari Soppu),,89,12,100 g,True,50,50,Leafies & Herbs,Coriander,https://cdn.grofers.com/da/cms-assets/cms/product/d1a28a56-0f92-4794-98c6-685e3a2a0185.jpg?ts=1750397347;https://cdn.grofers.com/da/cms-assets/cms/product/01a36c1c-626d-457e-88e1-f47c24bdf17f.jpg?ts=1750071080;https://cdn.grofers.com/da/cms-assets/cms/product/08127336-ac07-4c07-be27-50c1f5d9e99a.jpg?ts=1750071080,19,0
blinkit,Vegetables,34754,23343,23343,English Cucumber (Southekayi),,31,25,(500-600) g,True,46,46,Fresh Vegetables,Cucumber,https://cdn.grofers.com/app/assets/products/sliding_images/jpeg/4a7cbdcc-d74d-403f-a0cb-b130572ad296.jpg?ts=1711022176;https://cdn.grofers.com/app/assets/products/sliding_images/jpeg/2598d366-b897-4532-8b31-496c91e2572a.jpg?ts=1711022176;https://cdn.grofers.com/app/assets/products/sliding_images/jpeg/d0fa3bb9-f859-4712-a180-dc0d9adf8574.jpg?ts=1711022176;https://cdn.grofers.com/app/assets/products/sliding_images/jpeg/419b37ea-f2cb-4b36-b3b1-7254f2e79953.jpg,20,0
blinkit,Vegetables,34754,184269,184269,Jamun,,63,48,(250-280) g,True,50,50,Fresh Fruits,Jamun,https://cdn.grofers.com/app/assets/products/sliding_images/jpeg/876b89b9-9c7d-4f7d-9fc3-974de0ac65af.jpg?ts=1714125339;https://cdn.grofers.com/app/assets/products/sliding_images/jpeg/d78a4af7-dcc6-4019-9d52-b60291b251e7.jpg?ts=1714125339;https://cdn.grofers.com/app/assets/products/sliding_images/jpeg/e732e5ab-b716-49be-8ed0-0bc8524ced31.jpg;https://cdn.grofers.com/app/assets/products/sliding_images/jpeg/3716e7dc-5fd9-4bdf-bf2f-bbb6bc8eaefd.jpg,21,0
blinkit,Vegetables,34754,95032,95032,Ginger (Shunti),,21,16,200 g,True,50,50,Fresh Vegetables,Ginger,https://cdn.grofers.com/app/assets/products/sliding_images/jpeg/1a3564c0-b467-4a8e-90f2-fe5bec7c613b.jpg?ts=1722935025;https://cdn.grofers.com/app/assets/products/sliding_images/jpeg/92f94032-2a10-4511-93cf-9a0bd333eba8.jpg?ts=1722935027;https://cdn.grofers.com/app/assets/products/sliding_images/jpeg/a4f15ad9-7010-46d5-bfcd-e0e495cd8de2.jpg?ts=1722935028;https://cdn.grofers.com/app/assets/products/sliding_images/jpeg/604a0beb-b474-45b7-a57e-a76261e05296.jpg?ts=1722935030,22,0
blinkit,Vegetables,34754,355004,355004,Garlic (Bellulli),,28,21,100 g,True,49,49,Fresh Vegetables,Garlic,https://cdn.grofers.com/app/assets/products/sliding_images/jpeg/c94ce8fe-8a5c-4ba3-9277-6b988ad42a50.jpg?ts=1711473367;https://cdn.grofers.com/app/assets/products/sliding_images/jpeg/69fdf69a-b941-420e-a02b-febaae593f77.jpg?ts=1711473367;https://cdn.grofers.com/da/cms-assets/cms/product/e32ba356-5e3e-4a96-ab11-75238b42d50f.jpg?ts=1740114830;https://cdn.grofers.com/app/assets/products/sliding_images/jpeg/45ebcfc0-a889-4c2f-8583-6a7d3ec56b13.jpg?ts=1711473367,23,0
blinkit,Vegetables,34754,253317,253317,Button Mushroom (Anabe),,67,49,(180-200) g,True,35,35,Fresh Vegetables,Mushroom,https://cdn.grofers.com/app/assets/products/sliding_images/jpeg/ee1b5a5a-5c29-4060-93a6-60a794600cd1.jpg?ts=1716344812;https://cdn.grofers.com/app/assets/products/sliding_images/jpeg/11a2e041-c3ba-40e2-be3a-1181620b4108.jpg?ts=1716344813;https://cdn.grofers.com/app/assets/products/sliding_images/jpeg/86bb0196-2030-439e-af61-31aac914d5df.jpg?ts=1716344813;https://cdn.grofers.com/app/assets/products/sliding_images/jpeg/2f73bc09-6e7d-4d23-91b5-0be628e191fe.jpg?ts=1716344814;https://cdn.grofers.com/app/assets/products/sliding_images/jpeg/bcdb0636-6e44-4f2b-b1c4-b80bb20a50b3.jpg,24,0
blinkit,Vegetables,34754,22982,22982,Haricot Beans (Hurulikayi),,37,29,250 g,True,38,38,Fresh Vegetables,Beans,https://cdn.grofers.com/app/assets/products/sliding_images/jpeg/57535480-3faa-4725-9621-63555cd9035b.jpg?ts=1707557500;https://cdn.grofers.com/app/images/products/sliding_image/22982b.jpg?ts=1690813550,25,0
blinkit,Vegetables,34754,217595,217595,Green Capsicum 500 g (Dappa Menasinakayi),,42,33,500 g,True,28,28,Fresh Vegetables,Capsicum,https://cdn.grofers.com/app/assets/products/sliding_images/jpeg/55a3d8d4-4234-4ff5-a7cd-25df6e2dccde.jpg?ts=1711024454;https://cdn.grofers.com/app/assets/products/sliding_images/jpeg/2d046cb3-edeb-4b1e-b73b-72b6be896a4f.jpg?ts=1711024454;https://cdn.grofers.com/app/assets/products/sliding_images/jpeg/e1412336-3663-49d0-a06a-31421bc49caa.jpg?ts=1711024454;https://cdn.grofers.com/app/assets/products/sliding_images/jpeg/30b1836c-6fe0-46e0-81ac-d7baa7710608.jpg,26,0
blinkit,Vegetables,34754,17643,17643,Curry Leaves (Karibevina Soppu),,18,14,100 g,True,50,50,Leafies & Herbs,Curry Leaves,https://cdn.grofers.com/app/images/products/sliding_image/17643a.jpg?ts=1690813684;https://cdn.grofers.com/app/images/products/sliding_image/17643b.jpg?ts=1690813684,27,0
blinkit,Vegetables,34754,217614,217614,Bottle Gourd (Sore Kayi),,34,27,1 piece (400-600 g),True,39,39,Fresh Vegetables,Bottle Gourd,https://cdn.grofers.com/da/cms-assets/cms/product/ed7caf57-c3cd-4268-b5f8-753a744233e4.jpg?ts=1745410335;https://cdn.grofers.com/da/cms-assets/cms/product/b14a8373-d01b-455b-a1de-d63a6b5d9d85.jpg?ts=1745410335;https://cdn.grofers.com/da/cms-assets/cms/product/4f7457d9-b290-4bcc-87d5-4c530772069c.jpg?ts=1745410336;https://cdn.grofers.com/da/cms-assets/cms/product/d64d2112-ab0c-4e59-a177-3fb2a47c94ab.jpg?ts=1745410336;https://cdn.grofers.com/da/cms-assets/cms/product/2f2cbdde-db6f-483b-bc10-91768d25c109.jpg?ts=1745410337,28,0
blinkit,Vegetables,34754,271992,271992,Broccoli (Kosugadde),,110,79,1 piece (200-300 g),True,24,24,Exotics,Broccoli,https://cdn.grofers.com/da/cms-assets/cms/product/df72484d-9e10-4db0-b4d9-8fa55049aeac.jpg?ts=1750059773;https://cdn.grofers.com/da/cms-assets/cms/product/0adb9c60-0f21-49bf-b410-ac66492ba0f5.jpg?ts=1750059773,29,0
blinkit,Vegetables,34754,332744,332744,Spinach (Basale Soppu / Palak Soppu),,23,18,200 g,True,50,50,Leafies & Herbs,Spinach,https://cdn.grofers.com/da/cms-assets/cms/product/205bdf41-3adb-4dbe-80d9-cd5a20a72390.jpg?ts=1745410346;https://cdn.grofers.com/da/cms-assets/cms/product/ee6c9c5a-2c2e-4902-a9fa-fe9051f42808.jpg?ts=1745410347;https://cdn.grofers.com/da/cms-assets/cms/product/eec36d73-da5f-4358-a8b1-63a183cf1a98.jpg?ts=1745410347;https://cdn.grofers.com/da/cms-assets/cms/product/7e3ca75a-0b9a-4a5e-bb15-825254b90943.jpg?ts=1745410348,30,0
blinkit,Vegetables,34754,602584,602584,Organically Grown Ginger - 100 g (Shunti),Green Earth,23,18,100 g,True,36,36,Certified Organic,Ginger,https://cdn.grofers.com/da/cms-assets/cms/product/8393ee7e-808b-40dc-bd75-b656241105ed.jpg?ts=1750933767;https://cdn.grofers.com/da/cms-assets/cms/product/717d6b2b-6f65-4151-8545-e64884477129.jpg?ts=1750933767;https://cdn.grofers.com/da/cms-assets/cms/product/21bae393-77ed-4007-b1cc-46641069622b.jpg?ts=1750933767,31,0
blinkit,Vegetables,34754,14784,14784,Green Pumpkin (Kumbalakayi),,38,31,1 piece (400-600 g),True,16,16,Fresh Vegetables,Pumpkin,https://cdn.grofers.com/app/assets/products/sliding_images/jpeg/f3e6a9cd-0799-43a7-bfe9-051b3dec5848.jpg?ts=1711961201;https://cdn.grofers.com/app/assets/products/sliding_images/jpeg/18a2a0e8-b045-4c97-9c64-8932b10f8b19.jpg?ts=1711961201,32,0
blinkit,Vegetables,34754,312160,312160,Spinach (without roots) (Basale Soppu / Palak Soppu),,34,25,200 g,True,50,50,Leafies & Herbs,Spinach,https://cdn.grofers.com/da/cms-assets/cms/product/837f0b93-1b9d-4322-b7be-dbf3930c72f5.jpg?ts=1745410340;https://cdn.grofers.com/da/cms-assets/cms/product/7d3077f6-3b4b-483e-9c40-3eb5cb1de271.jpg?ts=1745410341;https://cdn.grofers.com/da/cms-assets/cms/product/742a3a48-9d3b-4d4d-9de1-b3cc092a37d7.jpg?ts=1745410342;https://cdn.grofers.com/da/cms-assets/cms/product/f969d32b-ca95-4966-81b7-3624a22096a6.jpg?ts=1745410342;https://cdn.grofers.com/da/cms-assets/cms/product/05dd3df9-e5f6-4a20-aa57-f1f164daad1e.jpg?ts=1745410343,33,0
blinkit,Vegetables,34754,339152,339152,Cabbage (Yele Kosu),,28,21,1 piece (400-600 g),True,20,20,Fresh Vegetables,Cabbage,https://cdn.grofers.com/app/assets/products/sliding_images/jpeg/9a806b4f-1793-465f-a3ae-b3b221acbfb9.jpg?ts=1711016570;https://cdn.grofers.com/app/assets/products/sliding_images/jpeg/f6289139-b590-40a2-b294-34ae1eca2e77.jpg?ts=1711016570;https://cdn.grofers.com/app/assets/products/sliding_images/jpeg/9e61ed60-d76c-4ff3-a922-b5ddbdd7ad43.jpg?ts=1711016570;https://cdn.grofers.com/app/assets/products/sliding_images/jpeg/23c9fbf0-2e44-43ba-8ae4-e0db65d007d9.jpg,34,0
blinkit,Vegetables,34754,365431,365431,Mint Leaves (Without Roots) (Pudina Soppu),,89,15,100 g,True,50,50,Leafies & Herbs,Mint Leaves,https://cdn.grofers.com/app/assets/products/sliding_images/jpeg/b2a44efa-f3e4-4db8-8b1a-a1e10c9da956.jpg?ts=1711473368;https://cdn.grofers.com/app/assets/products/sliding_images/jpeg/f0538322-4e64-483b-9845-fcbcf54df43c.jpg?ts=1711473368;https://cdn.grofers.com/app/assets/products/sliding_images/jpeg/e61b44f6-9035-4078-8978-bb905fcc8263.jpg?ts=1711473368;https://cdn.grofers.com/app/assets/products/sliding_images/jpeg/3463d04d-2136-4d3b-bbd3-e5597a650d00.jpg,35,0
blinkit,Vegetables,34754,23376,23376,Drumstick (Nuggekaayi),,25,20,2 pieces,True,22,22,Fresh Vegetables,Drumstick,https://cdn.grofers.com/app/assets/products/sliding_images/jpeg/39f745ca-3bb3-49fe-8bd4-2b3fd65a1a31.jpg?ts=1707557501;https://cdn.grofers.com/app/images/products/sliding_image/23376b.jpg?ts=1691671086,36,0
blinkit,Vegetables,34754,425780,425780,Pointed Gourd (250 g) (Thondekaayi),,48,39,250 g,True,19,19,Fresh Vegetables,Pointed Gourd,https://cdn.grofers.com/da/cms-assets/cms/product/e882fb56-cd38-4450-b794-7c4d7296513c.png;https://cdn.grofers.com/da/cms-assets/cms/product/e81c95d1-00c5-45ff-8d42-3b65df9d4aab.png;https://cdn.grofers.com/da/cms-assets/cms/product/9a030c7c-164a-48f4-94f4-f4b1586a2cc1.png;https://cdn.grofers.com/da/cms-assets/cms/product/391bb6e9-39d7-42f7-8007-76b754124e70.png;https://cdn.grofers.com/app/images/products/common/customer_care.jpg,37,0
blinkit,Vegetables,34754,508001,508001,Peeled Garlic (Bellulli),,150,50,100 g,True,29,29,Freshly Cut & Sprouts,Garlic,https://cdn.grofers.com/da/cms-assets/cms/product/d3dc6f2b-7d67-4e41-8da8-40d08967796e.png;https://cdn.grofers.com/da/cms-assets/cms/product/10db4d6d-d281-4900-85ee-fdfdffb5069d.png;https://cdn.grofers.com/da/cms-assets/cms/product/408b50a2-d6b5-4411-a51d-9849e37f48f5.png;https://cdn.grofers.com/da/cms-assets/cms/product/52c4efb6-aa3a-45b0-b4e2-7bc8070f4df7.png;https://cdn.grofers.com/app/images/products/common/customer_care.jpg,38,0
blinkit,Vegetables,34754,9098,9098,Brinjal Bharta (Badanekayi),,54,40,(500-700) g,True,19,19,Fresh Vegetables,Brinjal,https://cdn.grofers.com/da/cms-assets/cms/product/49ac30ac-04bd-4e2e-b4bd-84f3594fe2ed.png;https://cdn.grofers.com/da/cms-assets/cms/product/f9d141bf-0683-4cd6-b576-91ce4bb86ea0.png;https://cdn.grofers.com/da/cms-assets/cms/product/2b24d772-09de-4753-b16c-f6b26b7b74d0.png;https://cdn.grofers.com/da/cms-assets/cms/product/3f066e6a-0ca9-4342-8dc9-43af1ed95bac.png;https://cdn.grofers.com/app/images/products/common/customer_care.jpg,39,0
blinkit,Vegetables,34754,28390,28390,Safal Frozen Green Peas,Safal,135,125,500 g,True,42,42,Frozen Peas & Corn,Frozen Green Peas,https://cdn.grofers.com/da/cms-assets/cms/product/ca56153b-29df-46dd-9422-da5f7e282e52.png;https://cdn.grofers.com/da/cms-assets/cms/product/f7096865-1413-4e95-978b-feb6932ed8c0.jpg;https://cdn.grofers.com/da/cms-assets/cms/product/8468a9bc-74ec-4b3d-8147-cef4b9b2fb9d.jpg;https://cdn.grofers.com/da/cms-assets/cms/product/49a48aa9-84db-49cf-bd60-13c697d7f1be.jpg;https://cdn.grofers.com/da/cms-assets/cms/product/95922e00-8533-4a82-b9ad-1da5701c88ac.jpg;https://cdn.grofers.com/app/images/products/common/customer_care.jpg,40,4.653000
blinkit,Vegetables,34754,3916,3916,Fenugreek (Menthe Kalu),,35,26,250 g,True,50,50,Leafies & Herbs,Fenugreek,https://cdn.grofers.com/da/cms-assets/cms/product/c3a2753e-70dc-433b-b1f1-885fdab1d602.png;https://cdn.grofers.com/da/cms-assets/cms/product/b54e3167-e795-485d-99c3-7fad4212ffb4.png;https://cdn.grofers.com/app/images/products/common/customer_care.jpg,41,0
blinkit,Vegetables,34754,587638,587638,Fenugreek - Pack of 2 (Menthe Kalu),,70,51,2 x 250 g,True,45,45,Leafies & Herbs,Fenugreek,https://cdn.grofers.com/da/cms-assets/cms/product/a6ddaf6d-98b0-4ba3-b70e-a3b0e2d52f6f.png;https://cdn.grofers.com/da/cms-assets/cms/product/b62bb948-38c4-4ae2-bc61-8e0982f0b3b4.jpg;https://cdn.grofers.com/app/images/products/common/customer_care.jpg,41,0
blinkit,Vegetables,34754,39394,39394,Red Bell Pepper (Kempu Dappa Menasina Kaayi),,46,37,1 piece (125-175 g),True,10,10,Exotics,Bell Pepper,https://cdn.grofers.com/da/cms-assets/cms/product/b6aa0ba8-3dbc-4d8f-aaf8-1b99ed8911b3.png;https://cdn.grofers.com/da/cms-assets/cms/product/021c928b-a15a-4fbf-a430-765a2182b2cc.png;https://cdn.grofers.com/da/cms-assets/cms/product/c099ee7a-395c-4b37-8bca-661b2b4800cf.png;https://cdn.grofers.com/da/cms-assets/cms/product/b5cc9a2d-2d63-4fa7-8f16-c2ea0ed8a5bb.png;https://cdn.grofers.com/da/cms-assets/cms/product/bbc5786f-3ce4-4b83-b595-56c03ebcb616.png;https://cdn.grofers.com/app/images/products/common/customer_care.jpg,42,0
blinkit,Vegetables,34754,369013,369013,Ridge Gourd (Heerekayi),,34,27,(500-600) g,True,18,18,Fresh Vegetables,Ridge Gourd,https://cdn.grofers.com/da/cms-assets/cms/product/cea04025-a0be-4600-91d4-7b643080f8ec.png;https://cdn.grofers.com/da/cms-assets/cms/product/c7208a5b-2d2e-4745-86b2-a9a30e84418b.png;https://cdn.grofers.com/da/cms-assets/cms/product/08afaf76-21e3-484e-abe1-8d6243f5846c.png;https://cdn.grofers.com/da/cms-assets/cms/product/627cd912-f63f-4cdb-852b-54d25dfc739e.png;https://cdn.grofers.com/app/images/products/common/customer_care.jpg,43,0
blinkit,Vegetables,34754,4916,4916,French Beans - 250 g (Hurulikayi),,29,23,250 g,True,24,24,Fresh Vegetables,Beans,https://cdn.grofers.com/da/cms-assets/cms/product/c145ef07-74ba-4d14-a6c9-d7e53d8fa785.png;https://cdn.grofers.com/da/cms-assets/cms/product/df63a638-180f-4111-a6cf-84437fbb91c7.png;https://cdn.grofers.com/da/cms-assets/cms/product/7b69aa79-81f1-483e-8b9f-bf3aadc17c25.png;https://cdn.grofers.com/da/cms-assets/cms/product/0ef9e4f9-cd9f-4f0c-90d8-d940bc3afd42.png;https://cdn.grofers.com/app/images/products/common/customer_care.jpg,44,0
blinkit,Vegetables,34754,355012,355012,Spring Onion (Eerulli Soppu),,36,27,250 g,True,22,22,Leafies & Herbs,Spring Onion,https://cdn.grofers.com/da/cms-assets/cms/product/c9ef1b7c-07e1-4f26-b008-cfa01c3b97db.png;https://cdn.grofers.com/da/cms-assets/cms/product/c0df3670-bfc3-47a5-906f-d102827f6961.png;https://cdn.grofers.com/da/cms-assets/cms/product/ef7e882b-72ba-4cd2-873b-de280c8cbe76.png;https://cdn.grofers.com/da/cms-assets/cms/product/7c9cca19-49a4-4fc8-b58c-ebc1883b3ea6.png;https://cdn.grofers.com/app/images/products/common/customer_care.jpg,45,0
blinkit,Vegetables,34754,632536,632536,Organically Grown Green Capsicum - 250 g,Green Earth,47,38,250 g,True,10,10,Certified Organic,Capsicum,https://cdn.grofers.com/da/cms-assets/cms/product/4d24ce65-de90-4b2c-93a9-d1a564aa2b5d.png;https://cdn.grofers.com/da/cms-assets/cms/product/2b450b52-e62d-48fd-bf6f-29c69caf9793.png;https://cdn.grofers.com/da/cms-assets/cms/product/f3b5cedb-adb2-4b64-b346-2542eaab8c5c.png;https://cdn.grofers.com/app/images/products/common/customer_care.jpg,46,0
blinkit,Vegetables,34754,3952,3952,Sweet Potato (450-600) g (Hasi Genasu),,32,24,(450-600) g,True,14,14,Fresh Vegetables,Sweet Potato,https://cdn.grofers.com/da/cms-assets/cms/product/ace455d8-8133-4a03-9d7b-d65795b005ed.png;https://cdn.grofers.com/da/cms-assets/cms/product/4a0f4f48-1745-44e2-932e-ac88919eaeeb.png;https://cdn.grofers.com/da/cms-assets/cms/product/4c190339-82ca-4c28-92ea-e7f64048d839.png;https://cdn.grofers.com/da/cms-assets/cms/product/16f617ee-e017-464c-a2fc-1dfd009afe67.png;https://cdn.grofers.com/da/cms-assets/cms/product/55e31230-7f54-4a70-89bd-d93f374477ab.png;https://cdn.grofers.com/da/cms-assets/cms/product/4bd274f5-68ea-4980-aad4-8beaba31ee75.png;https://cdn.grofers.com/app/images/products/common/customer_care.jpg,47,0
blinkit,Vegetables,34754,428608,428608,Amla (Nelli Kai),,39,29,250 g,True,13,13,Fresh Vegetables,Amla,https://cdn.grofers.com/da/cms-assets/cms/product/d66b7dae-6479-4aa6-8861-d71fa380b39d.png;https://cdn.grofers.com/da/cms-assets/cms/product/dddabcd6-6c12-447c-aeef-df176a808f93.png;https://cdn.grofers.com/da/cms-assets/cms/product/96e8f415-b190-4438-9f80-f1ea82e87c1b.png;https://cdn.grofers.com/da/cms-assets/cms/product/23b7ffaa-cb68-4e9c-a086-ce6874659d55.png;https://cdn.grofers.com/app/images/products/common/customer_care.jpg,48,0
blinkit,Vegetables,34754,421747,421747,Radish (Moolangi),,25,19,(500-600) g,True,10,10,Fresh Vegetables,Radish,https://cdn.grofers.com/da/cms-assets/cms/product/91c82f53-42d3-4d32-853b-9bd057aba60a.png;https://cdn.grofers.com/da/cms-assets/cms/product/f6b53d2c-0f32-42d2-ba8a-60ecdb4cd9d6.png;https://cdn.grofers.com/da/cms-assets/cms/product/269924f3-83d6-4cce-a4d5-eff40694cdd9.png;https://cdn.grofers.com/da/cms-assets/cms/product/13b80ecf-0b3c-4dc9-8148-70edaa857f71.png;https://cdn.grofers.com/da/cms-assets/cms/product/1a7867a7-157d-493f-a880-165d5453fbe2.png;https://cdn.grofers.com/app/images/products/common/customer_care.jpg,49,0
blinkit,Vegetables,34754,602184,602184,Organically Grown Chilli - 100 g (Menasinakayi),Green Earth,28,21,100 g,True,18,18,Certified Organic,Chilli,https://cdn.grofers.com/da/cms-assets/cms/product/d4351c4f-038d-48fb-8f4c-47b1d2d5fd13.png;https://cdn.grofers.com/da/cms-assets/cms/product/87c7a1f7-adbf-479f-8fad-8f71063cf0f2.png;https://cdn.grofers.com/da/cms-assets/cms/product/2a279059-9728-49b4-ab7a-0b95ea8251fd.png;https://cdn.grofers.com/app/images/products/common/customer_care.jpg,50,0
blinkit,Vegetables,34754,440229,440229,Cherry Tomatoes,,150,54,200 g,True,18,18,Exotics,Cherry Tomatoes,https://cdn.grofers.com/da/cms-assets/cms/product/b8aaf2a2-93fb-4f4a-a254-1365bee70021.png;https://cdn.grofers.com/da/cms-assets/cms/product/cb83ec86-1288-4fd0-9a45-a77d19f77f92.png;https://cdn.grofers.com/da/cms-assets/cms/product/6142c33c-cebf-4ee4-9dd7-626ec1033729.png;https://cdn.grofers.com/da/cms-assets/cms/product/57b63b1a-a45b-4aba-b2b9-3d34caa1838f.png;https://cdn.grofers.com/app/images/products/common/customer_care.jpg,51,0
blinkit,Vegetables,34754,39395,39395,Yellow Bell Pepper (Haladi Dappa Menasina Kaayi),,46,37,1 piece (125-175 g),True,14,14,Exotics,Bell Pepper,https://cdn.grofers.com/da/cms-assets/cms/product/a6731bbf-c3aa-476e-b488-1fd5ff2da89f.png;https://cdn.grofers.com/da/cms-assets/cms/product/1b6e222a-b99a-4cf4-b7d6-247e90aa2484.png;https://cdn.grofers.com/da/cms-assets/cms/product/766fc6a2-d5d0-4a6b-aadf-e5cdadcd97c1.png;https://cdn.grofers.com/da/cms-assets/cms/product/d07044ce-dee6-4522-86b6-450788fc2270.png;https://cdn.grofers.com/app/images/products/common/customer_care.jpg,52,0
blinkit,Vegetables,34754,602591,602591,Organically Grown Green Cucumber - 500 g (Southekayi),Green Earth,52,39,500 g,True,6,6,Certified Organic,Cucumber,https://cdn.grofers.com/da/cms-assets/cms/product/046c8fd9-aee9-46d6-adc0-f7f4f3d3c741.png;https://cdn.grofers.com/da/cms-assets/cms/product/49675bb3-563c-4b7b-be34-0bb06dc0825a.png;https://cdn.grofers.com/da/cms-assets/cms/product/cb467880-d6e2-4a9b-855f-8e9ffbc87c7b.png;https://cdn.grofers.com/app/images/products/common/customer_care.jpg,53,0
blinkit,Vegetables,34754,595308,595308,Organically Grown Onion - 500 g (Eerulli),Vegan Farms,82,60,500 g,True,24,24,Certified Organic,Onion,https://cdn.grofers.com/da/cms-assets/cms/product/b1facb69-d112-4d54-8632-2c613aec66ce.png;https://cdn.grofers.com/da/cms-assets/cms/product/6579cdcd-c26c-420a-8c2a-ca5bf8401cc8.png;https://cdn.grofers.com/da/cms-assets/cms/product/5035ace1-17d9-4de7-9709-fefbff4c3cb4.png;https://cdn.grofers.com/app/images/products/common/customer_care.jpg,54,0
blinkit,Vegetables,34754,599240,599240,Organically Grown Lady Finger - 250 g (Bendekayi),UB Organic,46,35,250 g,True,29,29,Certified Organic,Lady Finger,https://cdn.grofers.com/da/cms-assets/cms/product/e85fdc66-6c32-4462-95dc-7b66add49b17.png;https://cdn.grofers.com/da/cms-assets/cms/product/30b5dca2-d946-4408-8644-069ac0d777da.png;https://cdn.grofers.com/da/cms-assets/cms/product/4db4ad00-2584-46a7-8882-542ef188f9b0.png;https://cdn.grofers.com/app/images/products/common/customer_care.jpg,55,0
blinkit,Vegetables,34754,3928,3928,Broad Beans 250 g (Avarekai),,27,20,250 g,True,10,10,Fresh Vegetables,Beans,https://cdn.grofers.com/da/cms-assets/cms/product/6717b318-0548-4788-8f14-035933664dd6.png;https://cdn.grofers.com/da/cms-assets/cms/product/ba77fa11-a718-445d-89d0-2c0448ff4702.png;https://cdn.grofers.com/da/cms-assets/cms/product/ba5f9289-fa64-4b1c-b475-c041f92c2da5.png;https://cdn.grofers.com/app/images/products/common/customer_care.jpg,56,0
blinkit,Vegetables,34754,4926,4926,Baby Potato (Baby Alugadde),,33,24,500 g,True,8,8,Fresh Vegetables,Potato,https://cdn.grofers.com/da/cms-assets/cms/product/dac2a702-c38e-481f-b9b1-8a0accc40e1f.png;https://cdn.grofers.com/da/cms-assets/cms/product/66e3d845-e53a-4e9c-a452-dcd878f133c2.png;https://cdn.grofers.com/da/cms-assets/cms/product/ab2a580e-cbcb-4130-a6a3-c1dea4133031.png;https://cdn.grofers.com/da/cms-assets/cms/product/b687a5bb-eae5-4464-9af9-cd051283e128.png;https://cdn.grofers.com/app/images/products/common/customer_care.jpg,57,0
blinkit,Vegetables,34754,10095,10095,Cowpea Beans (Alasande Kayi),,21,17,250 g,True,15,15,Fresh Vegetables,Beans,https://cdn.grofers.com/da/cms-assets/cms/product/a6e9854e-4946-4f5d-bcb8-7abfa99ed9a8.png;https://cdn.grofers.com/da/cms-assets/cms/product/5135abf4-7368-41a2-954c-e25e6ce00f1e.png;https://cdn.grofers.com/da/cms-assets/cms/product/89206079-c717-4144-9401-69acb565d527.png;https://cdn.grofers.com/da/cms-assets/cms/product/a004d4f1-ff2d-4181-bfca-ba157881d7e6.png;https://cdn.grofers.com/app/images/products/common/customer_care.jpg,58,0
blinkit,Vegetables,34754,162320,162320,Raw Banana (Baale Kayi),,61,46,3 pieces,True,6,6,Fresh Vegetables,Raw Banana,https://cdn.grofers.com/da/cms-assets/cms/product/a01fa4b1-0bfc-4e34-b1c8-ef2262d0bd8c.png;https://cdn.grofers.com/da/cms-assets/cms/product/ebad5a13-5dca-4b49-baa9-5c9f23dbc489.png;https://cdn.grofers.com/da/cms-assets/cms/product/800061b0-0617-4077-96a9-0709bbdba635.png;https://cdn.grofers.com/da/cms-assets/cms/product/ed8ddb38-2c38-485d-9450-25655421db5f.png;https://cdn.grofers.com/app/images/products/common/customer_care.jpg,59,0
blinkit,Vegetables,34754,445188,445188,Corn Cob (Jola),,32,24,1 piece,True,29,29,Fresh Vegetables,Corn,https://cdn.grofers.com/da/cms-assets/cms/product/56a2e930-0c30-476e-9624-acbdaa2475c0.png;https://cdn.grofers.com/da/cms-assets/cms/product/d8ea7242-3815-44bc-8132-5cbe4b4d0bea.png;https://cdn.grofers.com/da/cms-assets/cms/product/9e6e95fb-ba97-4ecc-91e7-dae20992bd2f.png;https://cdn.grofers.com/da/cms-assets/cms/product/352ae844-724b-491c-849b-48b3e93476c8.png;https://cdn.grofers.com/da/cms-assets/cms/product/17d6d8da-3781-4ad1-b471-464f839073e5.png;https://cdn.grofers.com/app/images/products/common/customer_care.jpg,60,0
