platform,search_query,store_id,product_id,variant_id,name,brand,mrp,price,quantity,in_stock,inventory,max_allowed_quantity,category,sub_category,images,organic_rank,rating
blinkit,Vegetables,36818,354997,354997,Potato (Alugadde),,38,30,(0.95-1.05) kg,True,10,10,Fresh Vegetables,Potato,https://cdn.grofers.com/da/cms-assets/cms/product/47aacb59-7ce0-438a-9c8d-208e6901fef4.png;https://cdn.grofers.com/da/cms-assets/cms/product/1f5a6652-25a7-4f56-b0be-e06acd9f2e2f.png;https://cdn.grofers.com/da/cms-assets/cms/product/e46eb1e7-1e0a-4740-b585-bacf3599f196.png;https://cdn.grofers.com/da/cms-assets/cms/product/b125015f-2f3b-47ab-9062-4b2fdc93d691.png;https://cdn.grofers.com/app/images/products/common/customer_care.jpg,1,0
blinkit,Vegetables,36818,3898,3898,Lady Finger (Bendekayi),,18,14,250 g,True,21,21,Fresh Vegetables,Lady Finger,https://cdn.grofers.com/da/cms-assets/cms/product/55b60fb8-ab99-491c-89df-08aa8959f060.png;https://cdn.grofers.com/da/cms-assets/cms/product/0f8d4183-15b8-4b78-9752-0dc4363ef749.png;https://cdn.grofers.com/da/cms-assets/cms/product/d2c5729e-5d37-4132-857b-9ce35b464dc1.png;https://cdn.grofers.com/da/cms-assets/cms/product/fa28da4f-e8f1-4622-a4b8-811189c80da0.png;https://cdn.grofers.com/app/images/products/common/customer_care.jpg,2,0
blinkit,Vegetables,36818,37743,37743,Desi Tomato 500 g (Naati Tomaato),,21,16,500 g,True,50,50,Fresh Vegetables,Tomato,https://cdn.grofers.com/da/cms-assets/cms/product/667ea47a-84c8-4a73-86fc-a0c8c8281170.png;https://cdn.grofers.com/da/cms-assets/cms/product/a9e0176f-04a1-44f2-b814-552e176edae9.png;https://cdn.grofers.com/da/cms-assets/cms/product/6ef75cc4-15ce-4b5d-9e5e-d51ff0349ae9.png;https://cdn.grofers.com/da/cms-assets/cms/product/8e0469aa-6e40-4c7f-879e-f3052ec06773.png;https://cdn.grofers.com/app/images/products/common/customer_care.jpg,3,0
blinkit,Vegetables,36818,602484,602484,Organically Grown English Cucumber - 500 g (Southekayi),Green Earth,47,38,500 g,True,1,1,Certified Organic,Cucumber,https://cdn.grofers.com/da/cms-assets/cms/product/878281bf-b2b9-41c3-a146-add9590fd27b.png;https://cdn.grofers.com/da/cms-assets/cms/product/bb285b42-e46a-43a9-989e-0030f88e96a7.png;https://cdn.grofers.com/da/cms-assets/cms/product/b0a7aecb-7f23-4c15-9319-4fb3c56ba86a.png;https://cdn.grofers.com/app/images/products/common/customer_care.jpg,4,0
blinkit,Vegetables,36818,438113,438113,Cauliflower (Hoo Kosu),,33,26,1 piece (300-500 g),True,11,11,Fresh Vegetables,Cauliflower,https://cdn.grofers.com/da/cms-assets/cms/product/c2b29fc5-ea91-406f-b97e-4c430504e19f.png;https://cdn.grofers.com/da/cms-assets/cms/product/1d3b3354-e24f-4032-b594-631faa0b00a3.png;https://cdn.grofers.com/da/cms-assets/cms/product/7b2f2fb2-e927-4c93-b634-5592affe05f7.png;https://cdn.grofers.com/da/cms-assets/cms/product/fc65e212-78df-49f6-a4ec-3886423af1ca.png;https://cdn.grofers.com/app/images/products/common/customer_care.jpg,5,0
blinkit,Vegetables,36818,629704,629704,Organically Grown Bottle Gourd,Bhoomi Farms,65,48,1 piece (400-600 g),True,1,1,Certified Organic,Bottle Gourd,https://cdn.grofers.com/da/cms-assets/cms/product/8921a266-f7e1-4674-b65f-6d9024301ea7.png;https://cdn.grofers.com/da/cms-assets/cms/product/37c407c3-be8a-48a1-9eb3-d05133094e38.png;https://cdn.grofers.com/app/images/products/common/customer_care.jpg,6,0
blinkit,Vegetables,36818,3881,3881,Hybrid Tomato 500 g,,20,16,500 g,True,47,47,Fresh Vegetables,Tomato,https://cdn.grofers.com/da/cms-assets/cms/product/4cd11feb-f6df-4830-9fa1-a5f39f08fc3f.png;https://cdn.grofers.com/da/cms-assets/cms/product/47cf3540-65a7-4500-a54e-7a6a183f2a75.png;https://cdn.grofers.com/da/cms-assets/cms/product/19fae49e-2d12-4e23-abde-e60f08182ad0.png;https://cdn.grofers.com/da/cms-assets/cms/product/ba669458-bf4e-4427-b2c3-7467d8c5e649.png;https://cdn.grofers.com/app/images/products/common/customer_care.jpg,7,0
blinkit,Vegetables,36818,649773,649773,Organically Grown Bottle Gourd - (400-600 g) - 1 Piece,Spudnik Farms,60,47,(400-600) g,True,1,1,Certified Organic,Bottle Gourd,https://cdn.grofers.com/da/cms-assets/cms/product/1b08bfbe-6214-437c-a0f2-72ba92ed7d0a.png;https://cdn.grofers.com/da/cms-assets/cms/product/5b540b9a-492d-4066-8e50-b83a4a026009.png;https://cdn.grofers.com/app/images/products/common/customer_care.jpg,8,0
blinkit,Vegetables,36818,421706,421706,Coccinea (Thondekaayi),,37,27,250 g,True,5,5,Fresh Vegetables,Coccinea,https://cdn.grofers.com/da/cms-assets/cms/product/2347d68f-12ce-44af-bb0f-c4b81de589f4.png;https://cdn.grofers.com/da/cms-assets/cms/product/584fc195-ea94-4cb6-a20f-0626f692c9c6.jpg;https://cdn.grofers.com/app/images/products/common/customer_care.jpg,9,0
blinkit,Vegetables,36818,327916,327916,Orange Carrot,,45,35,500 g,True,21,21,Fresh Vegetables,Carrot,https://cdn.grofers.com/da/cms-assets/cms/product/3de12ff4-882f-40c0-98d8-ff082ecdcf58.png;https://cdn.grofers.com/da/cms-assets/cms/product/70b9642b-ddb9-424d-bf71-b63909f3bbb4.png;https://cdn.grofers.com/app/images/products/common/customer_care.jpg,10,0
blinkit,Vegetables,36818,530158,530158,Onion (Eerulli),,35,27,(0.95-1.05) kg,True,50,50,Fresh Vegetables,Onion,https://cdn.grofers.com/da/cms-assets/cms/product/f53c1ea1-cfa0-438b-a14c-b4f5ebeed7dd.png;https://cdn.grofers.com/da/cms-assets/cms/product/7dbba89e-1c58-44f1-b22e-8c9c59e828d6.png;https://cdn.grofers.com/da/cms-assets/cms/product/c9491304-1b82-4298-87d7-ef1d83afc76b.png;https://cdn.grofers.com/da/cms-assets/cms/product/255664b8-a4fc-46e4-b310-9de57e71295f.png;https://cdn.grofers.com/app/images/products/common/customer_care.jpg,11,0
blinkit,Vegetables,36818,532987,532987,Onion - Pack of 2 (Eerulli),,70,54,2 x (0.95-1.05) kg,True,44,44,Fresh Vegetables,Onion,https://cdn.grofers.com/da/cms-assets/cms/product/4e24f749-8a65-4a87-a562-7bc4bf49351f.png;https://cdn.grofers.com/da/cms-assets/cms/product/9bfb8b42-7dc2-4220-b73e-e23d1f1b64b7.png;https://cdn.grofers.com/da/cms-assets/cms/product/6c391373-d378-4a4f-9caf-a5d303ab8631.png;https://cdn.grofers.com/da/cms-assets/cms/product/3f28b9f5-bfef-4d3f-aabf-db79fc377863.png;https://cdn.grofers.com/app/images/products/common/customer_care.jpg,11,0
blinkit,Vegetables,36818,10088,10088,Green Cucumber (Southekayi),,19,15,(500-700) g,True,30,30,Fresh Vegetables,Cucumber,https://cdn.grofers.com/da/cms-assets/cms/product/e29ff4ab-7a96-4b90-b251-0489fa0416a2.png;https://cdn.grofers.com/da/cms-assets/cms/product/ed8ea455-3f4c-48f7-bd52-dde21ddcd32b.png;https://cdn.grofers.com/da/cms-assets/cms/product/cea59d69-bb21-4318-9eb3-703c6a14c757.png;https://cdn.grofers.com/da/cms-assets/cms/product/6334bed8-fd00-4a86-838a-1029af68d1d4.png;https://cdn.grofers.com/app/images/products/common/customer_care.jpg,12,0
