platform,search_query,store_id,product_id,variant_id,name,brand,mrp,price,quantity,in_stock,inventory,max_allowed_quantity,category,sub_category,images,organic_rank,rating
blinkit,Vegetables,30993,354997,354997,Potato (Alugadde),,39,30,(0.95-1.05) kg,True,10,10,Fresh Vegetables,Potato,https://cdn.grofers.com/da/cms-assets/cms/product/2d053159-1d80-479e-9d0a-8c76d37c9af4.jpg?ts=1744719578;https://cdn.grofers.com/da/cms-assets/cms/product/67d0d903-36d7-431f-a6c7-7c925dd9cac7.jpg?ts=1744719578;https://cdn.grofers.com/da/cms-assets/cms/product/48607637-f2f0-4403-8cdd-36f25531c9cd.jpg?ts=1744719578;https://cdn.grofers.com/da/cms-assets/cms/product/97f9eb63-a0ea-466d-bace-784ea4c43fe9.jpg?ts=1744719578,1,0
blinkit,Vegetables,30993,3898,3898,Lady Finger (Bendekayi),,18,14,250 g,True,50,50,Fresh Vegetables,Lady Finger,https://cdn.grofers.com/app/assets/products/sliding_images/jpeg/1d455f4c-48df-4228-8fdb-51129f10491d.jpg?ts=1711016007;https://cdn.grofers.com/app/assets/products/sliding_images/jpeg/fcfe265a-4c50-4494-845d-819619e3101e.jpg?ts=1711016007;https://cdn.grofers.com/app/assets/products/sliding_images/jpeg/98e6da32-223b-4bb8-b550-fd6e8ebc1b3d.jpg?ts=1711016007;https://cdn.grofers.com/app/assets/products/sliding_images/jpeg/731a4545-f6f4-4296-ad80-63f9757f297a.jpg,2,0
blinkit,Vegetables,30993,37743,37743,Desi Tomato 500 g (Naati Tomaato),,22,16,500 g,True,50,50,Fresh Vegetables,Tomato,https://cdn.grofers.com/da/cms-assets/cms/product/667ea47a-84c8-4a73-86fc-a0c8c8281170.jpg?ts=1748187119;https://cdn.grofers.com/da/cms-assets/cms/product/a9e0176f-04a1-44f2-b814-552e176edae9.jpg?ts=1748187120;https://cdn.grofers.com/da/cms-assets/cms/product/6ef75cc4-15ce-4b5d-9e5e-d51ff0349ae9.jpg?ts=1748187120;https://cdn.grofers.com/da/cms-assets/cms/product/8e0469aa-6e40-4c7f-879e-f3052ec06773.jpg,3,0
blinkit,Vegetables,30993,421741,421741,Varikatri Brinjal (Badanekayi),,19,14,250 g,True,9,9,Fresh Vegetables,Brinjal,https://cdn.grofers.com/app/assets/products/sliding_images/jpeg/54081dc4-99f4-4201-8eb6-e36c05f9ad99.jpg?ts=1710840665;https://cdn.grofers.com/app/assets/products/sliding_images/jpeg/825e208d-fb4b-46ea-97ac-b57ac899a951.jpg?ts=1714039581,4,0
blinkit,Vegetables,30993,565122,565122,Yu 100% Natural Coconut Water,Yu,360,180,6 x 200 ml,True,6,6,Coconut Water,Coconut Water,https://cdn.grofers.com/da/cms-assets/cms/product/318bc5dc-a17a-4233-a528-3ff9948489b1.jpg?ts=1746519691;https://cdn.grofers.com/da/cms-assets/cms/product/e9344803-054f-438b-a51a-4e9d94ec0fab.jpg?ts=1746100528;https://cdn.grofers.com/da/cms-assets/cms/product/93ad0066-57c3-4f8e-8090-c58996561f1f.jpg?ts=1746100529;https://cdn.grofers.com/da/cms-assets/cms/product/6e3b5cf8-aef8-456f-bd3d-ca232764f2da.jpg?ts=1746100529;https://cdn.grofers.com/da/cms-assets/cms/product/26ea01d4-7d30-426e-87c3-22dae750c6df.jpg?ts=1746100530;https://cdn.grofers.com/da/cms-assets/cms/product/aa93395d-3b28-4f77-be0f-4976ac055248.jpg?ts=1746100530;https://cdn.grofers.com/da/cms-assets/cms/product/c732048d-8131-4d73-b08a-fe4dcaaf3bbd.jpg?ts=1746100531;https://cdn.grofers.com/da/cms-assets/cms/product/aac1ca9c-66ed-4f4e-95e6-a07a243313a2.jpg?ts=1746100531;https://cdn.grofers.com/da/cms-assets/cms/product/10f36153-b462-405b-8b5e-fbd256f61df5.jpg?ts=1746100532;https://cdn.grofers.com/da/cms-assets/cms/product/9d8202bf-c34a-4c75-b9bc-29c03e0e9398.jpg?ts=1746100532;https://cdn.grofers.com/da/cms-assets/cms/product/d7a3560e-252b-45c6-a8ea-114c07448bd1.jpg;https://cdn.grofers.com/da/cms-assets/cms/product/5b135930-09ec-4990-8ca9-b8cc42c71de0.jpg,5,4.465000
blinkit,Vegetables,30993,565123,565123,Yu 100% Natural Coconut Water,Yu,60,47,200 ml,True,2,2,Coconut Water,Coconut Water,https://cdn.grofers.com/da/cms-assets/cms/product/c8de8ce5-41d1-4786-9cc3-5fcb7e81b1f1.jpg?ts=1746100542;https://cdn.grofers.com/da/cms-assets/cms/product/996a5171-a787-44d8-9761-2863716e8334.jpg?ts=1746100542;https://cdn.grofers.com/da/cms-assets/cms/product/4039daa0-68ce-472a-8bee-1bae7633e506.jpg?ts=1746100543;https://cdn.grofers.com/da/cms-assets/cms/product/adfb0a35-2ccb-47e2-a2fe-4495ccd4927f.jpg?ts=1746100543;https://cdn.grofers.com/da/cms-assets/cms/product/2c0ae66e-af1f-40e9-b47f-0b83a52de584.jpg?ts=1746100544;https://cdn.grofers.com/da/cms-assets/cms/product/95ba7a94-51ad-4407-8089-af49d373fe52.jpg?ts=1746100544;https://cdn.grofers.com/da/cms-assets/cms/product/70bc1d80-345a-41ef-b8f1-ca62f643b5f9.jpg?ts=1746100545;https://cdn.grofers.com/da/cms-assets/cms/product/c4d8e64a-b302-4b07-8136-7646583ad0ca.jpg?ts=1746100545;https://cdn.grofers.com/da/cms-assets/cms/product/fa04524d-7fc6-4752-b42a-ec39451debfc.jpg?ts=1746100546;https://cdn.grofers.com/da/cms-assets/cms/product/53cf4cc0-1fa4-4bf5-8319-af5ab785c185.jpg?ts=1746100546;https://cdn.grofers.com/da/cms-assets/cms/product/74714324-41e5-4346-9a74-f8773a8fe92e.jpg;https://cdn.grofers.com/da/cms-assets/cms/product/215d50e8-150a-4bfc-a811-f756bef4de9d.jpg,5,4.290000
blinkit,Vegetables,30993,438113,438113,Cauliflower (Hoo Kosu),,36,26,1 piece (300-500 g),True,39,39,Fresh Vegetables,Cauliflower,https://cdn.grofers.com/da/cms-assets/cms/product/c2b29fc5-ea91-406f-b97e-4c430504e19f.jpg?ts=1750140111;https://cdn.grofers.com/da/cms-assets/cms/product/1d3b3354-e24f-4032-b594-631faa0b00a3.jpg?ts=1750140111;https://cdn.grofers.com/da/cms-assets/cms/product/7b2f2fb2-e927-4c93-b634-5592affe05f7.jpg?ts=1750140112;https://cdn.grofers.com/app/assets/products/sliding_images/jpeg/ec131822-a14d-44fd-89b1-377133dfd02d.jpg?ts=1713868644,6,0
blinkit,Vegetables,30993,602448,602448,Organically Grown Brinjal Bharta - 500 g (Badanekayi),Healthy Buddha,95,74,500 g,True,2,2,Certified Organic,Brinjal,https://cdn.grofers.com/da/cms-assets/cms/product/4b22154c-3f99-4711-bcee-56b645df6c49.jpg?ts=1736246550;https://cdn.grofers.com/da/cms-assets/cms/product/f0a966fc-229c-4d9c-b1a7-b78816998fa6.jpg?ts=1736246550;https://cdn.grofers.com/da/cms-assets/cms/product/2ec63648-8235-46dc-babf-fdb28957db8b.jpg?ts=1736246551,7,0
blinkit,Vegetables,30993,3881,3881,Hybrid Tomato 500 g,,22,16,500 g,True,50,50,Fresh Vegetables,Tomato,https://cdn.grofers.com/da/cms-assets/cms/product/4cd11feb-f6df-4830-9fa1-a5f39f08fc3f.jpg?ts=1748161073;https://cdn.grofers.com/da/cms-assets/cms/product/47cf3540-65a7-4500-a54e-7a6a183f2a75.jpg?ts=1748161074;https://cdn.grofers.com/da/cms-assets/cms/product/19fae49e-2d12-4e23-abde-e60f08182ad0.jpg?ts=1748161074;https://cdn.grofers.com/da/cms-assets/cms/product/ba669458-bf4e-4427-b2c3-7467d8c5e649.jpg,8,0
blinkit,Vegetables,30993,602801,602801,Organically Grown Bottle Gourd - 1 Piece 600 g (Sore Kayi),Healthy Buddha,74,55,1 piece,True,2,2,Certified Organic,Bottle Gourd,https://cdn.grofers.com/da/cms-assets/cms/product/da066515-73df-420f-80a1-991904aac40d.jpg;https://cdn.grofers.com/da/cms-assets/cms/product/bee10c60-ae8e-45b1-91ee-4931d83eed4a.jpg,9,0
blinkit,Vegetables,30993,421706,421706,Coccinea (Thondekaayi),,36,27,250 g,True,24,24,Fresh Vegetables,Coccinea,https://cdn.grofers.com/app/images/products/sliding_image/421706a.jpg?ts=1690817507;https://cdn.grofers.com/app/images/products/sliding_image/421706b.jpg?ts=1690817507,10,0
blinkit,Vegetables,30993,327916,327916,Orange Carrot,,48,35,500 g,True,22,22,Fresh Vegetables,Carrot,https://cdn.grofers.com/app/images/products/sliding_image/327916a.jpg?ts=1690813169;https://cdn.grofers.com/app/images/products/sliding_image/327916b.jpg?ts=1690813169,11,0
blinkit,Vegetables,30993,530158,530158,Onion (Eerulli),,34,27,(0.95-1.05) kg,True,50,50,Fresh Vegetables,Onion,https://cdn.grofers.com/app/assets/products/sliding_images/jpeg/a1ba074a-c085-4dd1-b4a4-2f247d6f211d.jpg?ts=1711010249;https://cdn.grofers.com/app/assets/products/sliding_images/jpeg/3e73bfa7-1dfc-4a53-983c-59a95366b8dc.jpg?ts=1711010249;https://cdn.grofers.com/app/assets/products/sliding_images/jpeg/d104419e-e128-405a-ae42-13794e50858d.jpg?ts=1711010249;https://cdn.grofers.com/app/assets/products/sliding_images/jpeg/40c2925c-9832-49ae-b2d8-08481466e448.jpg,12,0
blinkit,Vegetables,30993,532987,532987,Onion - Pack of 2 (Eerulli),,68,54,2 x (0.95-1.05) kg,True,50,50,Fresh Vegetables,Onion,https://cdn.grofers.com/app/assets/products/sliding_images/jpeg/a4683389-4d48-4cb9-8c96-2175cad90111.jpg?ts=1710495574;https://cdn.grofers.com/app/assets/products/sliding_images/jpeg/6a91b796-be03-448d-80ab-ef08f28bebbe.jpg?ts=1710495574;https://cdn.grofers.com/app/assets/products/sliding_images/jpeg/2dfc8f9d-363f-475c-9999-e9c9c0c8ff3b.jpg?ts=1710495574;https://cdn.grofers.com/da/cms-assets/cms/product/d9780bd2-85bc-415d-b037-c7e8118cbd26.jpg?ts=1741278776,12,0
blinkit,Vegetables,30993,10088,10088,Green Cucumber (Southekayi),,19,15,(500-700) g,True,41,41,Fresh Vegetables,Cucumber,https://cdn.grofers.com/app/assets/products/sliding_images/jpeg/861fd2fe-69e6-4651-8ee2-b2425a89af74.jpg?ts=1711022175;https://cdn.grofers.com/app/assets/products/sliding_images/jpeg/10a01878-fd70-4751-90fe-e719fe212445.jpg?ts=1711022175;https://cdn.grofers.com/app/assets/products/sliding_images/jpeg/29fa3433-3af0-49ee-b704-f56114545fd7.jpg?ts=1711022175;https://cdn.grofers.com/app/assets/products/sliding_images/jpeg/ea8a06c3-55ca-431b-ac0a-143d6b27856f.jpg?ts=1711022175,13,0
blinkit,Vegetables,30993,339151,339151,Beetroot,,23,18,(250-350) g,True,16,16,Fresh Vegetables,Beetroot,https://cdn.grofers.com/app/assets/products/sliding_images/jpeg/f953c34a-7e85-4b3f-a8f3-ceddbb206df4.jpg?ts=1711473225;https://cdn.grofers.com/app/assets/products/sliding_images/jpeg/3b649137-18dd-451c-b859-1500301fda91.jpg?ts=1711473225;https://cdn.grofers.com/app/assets/products/sliding_images/jpeg/c55c6223-da60-445d-a96b-87260a418399.jpg?ts=1711473225;https://cdn.grofers.com/app/assets/products/sliding_images/jpeg/e7bcab9e-a367-407b-aafa-2b20c313e6a2.jpg?ts=1711473225,14,0
blinkit,Vegetables,30993,3889,3889,Coriander Bunch (Kottambari Soppu),,11,9,100 g,True,50,50,Leafies & Herbs,Coriander,https://cdn.grofers.com/da/cms-assets/cms/product/1d1beb79-3747-411f-b199-eaf7f9ad8a4f.jpg?ts=1750069208;https://cdn.grofers.com/da/cms-assets/cms/product/8f5e3271-f021-4f27-bc81-7deea6b59f31.jpg?ts=1750069208;https://cdn.grofers.com/da/cms-assets/cms/product/87b0ee27-668e-46ad-a1ec-36b2d19273ba.jpg?ts=1750069208,15,0
blinkit,Vegetables,30993,607308,607308,Coriander Bunch - Pack of 2 (Kottambari Soppu),,22,17,2 x 100 g,True,37,37,Leafies & Herbs,Coriander,https://cdn.grofers.com/da/cms-assets/cms/product/9650bea9-b471-498e-abc1-3fc95085da44.jpg?ts=1737093001;https://cdn.grofers.com/app/assets/products/sliding_images/jpeg/80f2e43f-da5f-422f-ac23-7ffbe7728c38.jpg;https://cdn.grofers.com/da/cms-assets/cms/product/cb46c61d-a2e4-46f3-98b4-cf66a4ed479a.jpg?ts=1737093002;https://cdn.grofers.com/app/assets/products/sliding_images/jpeg/54b5361b-2b25-45ff-b91c-d2865a0e9d0c.jpg,15,0
blinkit,Vegetables,30993,423735,423735,Green Chilli 100 g (Menasinakayi),,12,9,100 g,True,50,50,Fresh Vegetables,Chilli,https://cdn.grofers.com/app/assets/products/sliding_images/jpeg/27055af4-f9ca-49f5-a84b-cf407583be43.jpg?ts=1711019907;https://cdn.grofers.com/app/assets/products/sliding_images/jpeg/e8f3f700-5127-4d6b-826e-301bf6cdbfa6.jpg?ts=1711019907;https://cdn.grofers.com/app/assets/products/sliding_images/jpeg/669b8658-52de-4583-bfe4-b84d31e34ea5.jpg?ts=1711019907;https://cdn.grofers.com/app/assets/products/sliding_images/jpeg/96315cd0-d465-4f3a-b44f-404265c3742f.jpg?ts=1711019907,16,0
blinkit,Vegetables,30993,607309,607309,Green Chilli 100 g - Pack of 2 (Menasinakayi),,24,17,2 x 100 g,True,50,50,Fresh Vegetables,Chilli,https://cdn.grofers.com/da/cms-assets/cms/product/3c97b38f-1aa9-455c-a780-4decba07502d.jpg?ts=1737093005;https://cdn.grofers.com/app/assets/products/sliding_images/jpeg/0f4616f1-3180-4031-9952-77dadcd8b4fd.jpg;https://cdn.grofers.com/da/cms-assets/cms/product/b3e17eb6-45e4-4b08-a263-5fe67789f174.jpg?ts=1737093005;https://cdn.grofers.com/app/assets/products/sliding_images/jpeg/008a6de5-e6fa-4cd7-9166-60f23e07a08b.jpg,16,0
blinkit,Vegetables,30993,229627,229627,Lemon (Nimbe),,35,28,(220-250) g,True,46,46,Fresh Vegetables,Lemon,https://cdn.grofers.com/app/assets/products/sliding_images/jpeg/c655faa5-2b29-4714-8411-c98b67f4ef51.jpg?ts=1741346719;https://cdn.grofers.com/app/assets/products/sliding_images/jpeg/6dcf7bcc-a4a3-4d3a-88cd-ce59c472abb8.jpg?ts=1741346719;https://cdn.grofers.com/app/assets/products/sliding_images/jpeg/1d8d48f9-cdac-463c-9da0-1a2991f18cc8.jpg?ts=1741346719;https://cdn.grofers.com/app/assets/products/sliding_images/jpeg/4964a43b-a9d6-44f8-aadb-4d737b4255b5.jpg?ts=1741346719,17,0
blinkit,Vegetables,30993,365421,365421,Coriander (Without Roots) (Kottambari Soppu),,89,12,100 g,True,49,49,Leafies & Herbs,Coriander,https://cdn.grofers.com/da/cms-assets/cms/product/d1a28a56-0f92-4794-98c6-685e3a2a0185.jpg?ts=1750397347;https://cdn.grofers.com/da/cms-assets/cms/product/01a36c1c-626d-457e-88e1-f47c24bdf17f.jpg?ts=1750071080;https://cdn.grofers.com/da/cms-assets/cms/product/08127336-ac07-4c07-be27-50c1f5d9e99a.jpg?ts=1750071080,18,0
blinkit,Vegetables,30993,242284,242284,Ooty Carrot,,28,22,250 g,True,35,35,Fresh Vegetables,Carrot,https://cdn.grofers.com/app/assets/products/sliding_images/jpeg/e6cddd32-537f-4822-b2b9-4bbbb1aeaa27.jpg?ts=1718267335;https://cdn.grofers.com/app/images/products/sliding_image/242284b.jpg?ts=1690831060,19,0
blinkit,Vegetables,30993,355004,355004,Garlic (Bellulli),,28,21,100 g,True,47,47,Fresh Vegetables,Garlic,https://cdn.grofers.com/app/assets/products/sliding_images/jpeg/c94ce8fe-8a5c-4ba3-9277-6b988ad42a50.jpg?ts=1711473367;https://cdn.grofers.com/app/assets/products/sliding_images/jpeg/69fdf69a-b941-420e-a02b-febaae593f77.jpg?ts=1711473367;https://cdn.grofers.com/da/cms-assets/cms/product/e32ba356-5e3e-4a96-ab11-75238b42d50f.jpg?ts=1740114830;https://cdn.grofers.com/app/assets/products/sliding_images/jpeg/45ebcfc0-a889-4c2f-8583-6a7d3ec56b13.jpg?ts=1711473367,20,0
blinkit,Vegetables,30993,184269,184269,Jamun,,64,48,(250-280) g,True,50,50,Fresh Fruits,Jamun,https://cdn.grofers.com/app/assets/products/sliding_images/jpeg/876b89b9-9c7d-4f7d-9fc3-974de0ac65af.jpg?ts=1714125339;https://cdn.grofers.com/app/assets/products/sliding_images/jpeg/d78a4af7-dcc6-4019-9d52-b60291b251e7.jpg?ts=1714125339;https://cdn.grofers.com/app/assets/products/sliding_images/jpeg/e732e5ab-b716-49be-8ed0-0bc8524ced31.jpg;https://cdn.grofers.com/app/assets/products/sliding_images/jpeg/3716e7dc-5fd9-4bdf-bf2f-bbb6bc8eaefd.jpg,21,0
blinkit,Vegetables,30993,95032,95032,Ginger (Shunti),,21,16,200 g,True,38,38,Fresh Vegetables,Ginger,https://cdn.grofers.com/app/assets/products/sliding_images/jpeg/1a3564c0-b467-4a8e-90f2-fe5bec7c613b.jpg?ts=1722935025;https://cdn.grofers.com/app/assets/products/sliding_images/jpeg/92f94032-2a10-4511-93cf-9a0bd333eba8.jpg?ts=1722935027;https://cdn.grofers.com/app/assets/products/sliding_images/jpeg/a4f15ad9-7010-46d5-bfcd-e0e495cd8de2.jpg?ts=1722935028;https://cdn.grofers.com/app/assets/products/sliding_images/jpeg/604a0beb-b474-45b7-a57e-a76261e05296.jpg?ts=1722935030,22,0
blinkit,Vegetables,30993,23343,23343,English Cucumber (Southekayi),,32,25,(500-600) g,True,45,45,Fresh Vegetables,Cucumber,https://cdn.grofers.com/app/assets/products/sliding_images/jpeg/4a7cbdcc-d74d-403f-a0cb-b130572ad296.jpg?ts=1711022176;https://cdn.grofers.com/app/assets/products/sliding_images/jpeg/2598d366-b897-4532-8b31-496c91e2572a.jpg?ts=1711022176;https://cdn.grofers.com/app/assets/products/sliding_images/jpeg/d0fa3bb9-f859-4712-a180-dc0d9adf8574.jpg?ts=1711022176;https://cdn.grofers.com/app/assets/products/sliding_images/jpeg/419b37ea-f2cb-4b36-b3b1-7254f2e79953.jpg,23,0
blinkit,Vegetables,30993,17643,17643,Curry Leaves (Karibevina Soppu),,19,15,100 g,True,41,41,Leafies & Herbs,Curry Leaves,https://cdn.grofers.com/app/images/products/sliding_image/17643a.jpg?ts=1690813684;https://cdn.grofers.com/app/images/products/sliding_image/17643b.jpg?ts=1690813684,24,0
blinkit,Vegetables,30993,253317,253317,Button Mushroom (Anabe),,68,49,(180-200) g,True,18,18,Fresh Vegetables,Mushroom,https://cdn.grofers.com/da/cms-assets/cms/product/9bc0b3fd-3aac-4f5f-a8f7-0c0b63cef1bb.png;https://cdn.grofers.com/da/cms-assets/cms/product/84fb0205-08e5-468b-b6fc-6a013248f37d.png;https://cdn.grofers.com/da/cms-assets/cms/product/127447df-9ff2-470b-b01d-65bf91ddb513.png;https://cdn.grofers.com/da/cms-assets/cms/product/08cb1742-3f9c-43db-9989-0989c6bb0cf1.png;https://cdn.grofers.com/da/cms-assets/cms/product/4ceffaa6-84b8-4fe4-9b13-0e6160661dd8.png;https://cdn.grofers.com/app/images/products/common/customer_care.jpg,25,0
blinkit,Vegetables,30993,217614,217614,Bottle Gourd (Sore Kayi),,36,28,1 piece (400-600 g),True,29,29,Fresh Vegetables,Bottle Gourd,https://cdn.grofers.com/da/cms-assets/cms/product/dc63ccd7-1a15-4a64-8246-9b6729fd49c7.png;https://cdn.grofers.com/da/cms-assets/cms/product/38371f9d-0247-470c-b321-a0b10b05208a.png;https://cdn.grofers.com/da/cms-assets/cms/product/50165433-aa73-4531-92c4-84133683b53e.png;https://cdn.grofers.com/da/cms-assets/cms/product/c625b24f-6052-4961-89a7-eebe3b5acb04.png;https://cdn.grofers.com/da/cms-assets/cms/product/696bf5e1-51d6-4e36-8e0b-dbea20595748.png;https://cdn.grofers.com/app/images/products/common/customer_care.jpg,26,0
blinkit,Vegetables,30993,22982,22982,Haricot Beans (Hurulikayi),,39,28,250 g,True,18,18,Fresh Vegetables,Beans,https://cdn.grofers.com/da/cms-assets/cms/product/79322b2b-0a6b-4928-b338-c9f9b2660059.png;https://cdn.grofers.com/da/cms-assets/cms/product/743e622a-fb68-4c80-8d4e-3c1d97de79a1.jpg;https://cdn.grofers.com/app/images/products/common/customer_care.jpg,27,0
blinkit,Vegetables,30993,217595,217595,Green Capsicum 500 g (Dappa Menasinakayi),,43,33,500 g,True,18,18,Fresh Vegetables,Capsicum,https://cdn.grofers.com/da/cms-assets/cms/product/2f37a9f5-5109-4033-9b43-d5a7686d332f.png;https://cdn.grofers.com/da/cms-assets/cms/product/d0d40426-68dc-430a-97f0-330ef3dd4e97.png;https://cdn.grofers.com/da/cms-assets/cms/product/ea8cf6f6-53aa-4659-9c20-e191b10dddb4.png;https://cdn.grofers.com/da/cms-assets/cms/product/ab8506ed-aac1-4a02-b8e9-7a54b9740e59.png;https://cdn.grofers.com/app/images/products/common/customer_care.jpg,28,0
blinkit,Vegetables,30993,425780,425780,Pointed Gourd (250 g) (Thondekaayi),,56,40,250 g,True,18,18,Fresh Vegetables,Pointed Gourd,https://cdn.grofers.com/da/cms-assets/cms/product/e882fb56-cd38-4450-b794-7c4d7296513c.png;https://cdn.grofers.com/da/cms-assets/cms/product/e81c95d1-00c5-45ff-8d42-3b65df9d4aab.png;https://cdn.grofers.com/da/cms-assets/cms/product/9a030c7c-164a-48f4-94f4-f4b1586a2cc1.png;https://cdn.grofers.com/da/cms-assets/cms/product/391bb6e9-39d7-42f7-8007-76b754124e70.png;https://cdn.grofers.com/app/images/products/common/customer_care.jpg,29,0
blinkit,Vegetables,30993,602584,602584,Organically Grown Ginger - 100 g (Shunti),Green Earth,23,18,100 g,True,21,21,Certified Organic,Ginger,https://cdn.grofers.com/da/cms-assets/cms/product/104cd997-0b71-4da2-b883-0ec4f9020c3f.png;https://cdn.grofers.com/da/cms-assets/cms/product/4510e8a3-b01a-4546-bd9e-0e4350834e6a.png;https://cdn.grofers.com/da/cms-assets/cms/product/36b027ce-12ee-4ed7-8fdf-526fe07c946b.png;https://cdn.grofers.com/app/images/products/common/customer_care.jpg,30,0
blinkit,Vegetables,30993,14784,14784,Green Pumpkin (Kumbalakayi),,41,31,1 piece (400-600 g),True,17,17,Fresh Vegetables,Pumpkin,https://cdn.grofers.com/da/cms-assets/cms/product/d4f3b56f-41f7-44cd-8552-7d5963ccaafa.png;https://cdn.grofers.com/da/cms-assets/cms/product/08bf8441-6517-4573-a590-83daa5a6a8dc.png;https://cdn.grofers.com/app/images/products/common/customer_care.jpg,31,0
blinkit,Vegetables,30993,23376,23376,Drumstick (Nuggekaayi),,27,20,2 pieces,True,24,24,Fresh Vegetables,Drumstick,https://cdn.grofers.com/da/cms-assets/cms/product/ae735401-33ec-49a2-b420-76c71b86b8dd.png;https://cdn.grofers.com/da/cms-assets/cms/product/e720090e-cb19-4bb2-8f12-fc0207637f75.png;https://cdn.grofers.com/app/images/products/common/customer_care.jpg,32,0
blinkit,Vegetables,30993,365431,365431,Mint Leaves (Without Roots) (Pudina Soppu),,89,15,100 g,True,6,6,Leafies & Herbs,Mint Leaves,https://cdn.grofers.com/da/cms-assets/cms/product/a70de6e5-25ef-41e9-bb7e-69c870df6831.png;https://cdn.grofers.com/da/cms-assets/cms/product/0f48a9a9-e3c4-4368-9e94-9a474a1fb9e5.png;https://cdn.grofers.com/da/cms-assets/cms/product/885e47e2-d8a6-4528-bf3e-8afdb5f5ffb4.png;https://cdn.grofers.com/da/cms-assets/cms/product/1bf06285-b730-48de-bed0-d0f5417933a7.png;https://cdn.grofers.com/app/images/products/common/customer_care.jpg,33,0
blinkit,Vegetables,30993,332744,332744,Spinach (Basale Soppu / Palak Soppu),,23,18,200 g,True,23,23,Leafies & Herbs,Spinach,https://cdn.grofers.com/da/cms-assets/cms/product/dba73755-f17a-4a2b-994a-df32990c149b.png;https://cdn.grofers.com/da/cms-assets/cms/product/68c75d67-7e45-45e4-ad16-5abb4053f69d.png;https://cdn.grofers.com/da/cms-assets/cms/product/36d84ec8-6ea3-497c-9385-4ef77a9303ea.png;https://cdn.grofers.com/da/cms-assets/cms/product/aa631f4a-e21a-4c50-a24b-8c3d255e4fd6.png;https://cdn.grofers.com/app/images/products/common/customer_care.jpg,34,0
blinkit,Vegetables,30993,339152,339152,Cabbage (Yele Kosu),,27,21,1 piece (400-600 g),True,7,7,Fresh Vegetables,Cabbage,https://cdn.grofers.com/da/cms-assets/cms/product/af44ec08-3e9d-442e-8f7d-17ff2a2b260b.png;https://cdn.grofers.com/da/cms-assets/cms/product/f0a65737-6e16-4d8e-a57e-2dca16c07f41.png;https://cdn.grofers.com/da/cms-assets/cms/product/3b9dfbc5-6e3e-4f32-91e4-97dc473b140c.png;https://cdn.grofers.com/da/cms-assets/cms/product/a8e7f496-a688-488a-9e2b-959fdfe6ad95.png;https://cdn.grofers.com/app/images/products/common/customer_care.jpg,35,0
blinkit,Vegetables,30993,312160,312160,Spinach (without roots) (Basale Soppu / Palak Soppu),,33,25,200 g,True,22,22,Leafies & Herbs,Spinach,https://cdn.grofers.com/da/cms-assets/cms/product/b1a3872b-1daf-443f-8463-c3d11c9a0585.png;https://cdn.grofers.com/da/cms-assets/cms/product/e09e3209-e70c-40bd-afcc-6f533b1c90b6.png;https://cdn.grofers.com/da/cms-assets/cms/product/15fba003-2415-4500-a27a-8a38272b8401.png;https://cdn.grofers.com/da/cms-assets/cms/product/55696108-35e2-4891-b589-450b95188fb0.png;https://cdn.grofers.com/da/cms-assets/cms/product/18d77c03-5fd4-4f3f-9127-ca5f1dd1fcc2.png;https://cdn.grofers.com/app/images/products/common/customer_care.jpg,36,0
blinkit,Vegetables,30993,271992,271992,Broccoli (Kosugadde),,102,79,1 piece (200-300 g),True,3,3,Exotics,Broccoli,https://cdn.grofers.com/da/cms-assets/cms/product/df72484d-9e10-4db0-b4d9-8fa55049aeac.jpg?ts=1750059773;https://cdn.grofers.com/da/cms-assets/cms/product/0adb9c60-0f21-49bf-b410-ac66492ba0f5.jpg?ts=1750059773,37,0
blinkit,Vegetables,30993,9098,9098,Brinjal Bharta (Badanekayi),,51,39,(500-700) g,True,16,16,Fresh Vegetables,Brinjal,https://cdn.grofers.com/app/assets/products/sliding_images/jpeg/8f60b208-3cfc-4b72-8209-477fb69412f6.jpg?ts=1711440867;https://cdn.grofers.com/app/assets/products/sliding_images/jpeg/cd4c1f2d-e905-486b-b0b8-be2b79c7f9c8.jpg?ts=1711440867;https://cdn.grofers.com/app/assets/products/sliding_images/jpeg/889d5554-c7d0-4fa4-b16f-2885561a5cea.jpg;https://cdn.grofers.com/app/assets/products/sliding_images/jpeg/530894ca-dc02-48f2-bba0-5fc86f518b32.jpg,38,0
blinkit,Vegetables,30993,369013,369013,Ridge Gourd (Heerekayi),,40,31,(500-600) g,True,17,17,Fresh Vegetables,Ridge Gourd,https://cdn.grofers.com/app/assets/products/sliding_images/jpeg/6a5b2806-bdf1-489f-a31b-6581c5a2a0a0.jpg?ts=1726553710;https://cdn.grofers.com/app/assets/products/sliding_images/jpeg/b72c4506-d381-49f2-93ea-b011595fbed8.jpg?ts=1726553711;https://cdn.grofers.com/app/assets/products/sliding_images/jpeg/e205232f-1045-4f60-93a1-71573ed80638.jpg?ts=1726553712;https://cdn.grofers.com/app/assets/products/sliding_images/jpeg/75c4eee0-4ae2-4439-bbed-e1583cec385d.jpg?ts=1726553713,39,0
blinkit,Vegetables,30993,602184,602184,Organically Grown Chilli - 100 g (Menasinakayi),Green Earth,26,21,100 g,True,17,17,Certified Organic,Chilli,https://cdn.grofers.com/da/cms-assets/cms/product/69fb216e-cff9-4c94-81d3-8005c34b772e.jpg?ts=1737027090;https://cdn.grofers.com/da/cms-assets/cms/product/071166b6-5234-4afd-afb1-f36935c516e3.jpg?ts=1737027090;https://cdn.grofers.com/da/cms-assets/cms/product/6dc2bcbc-b800-42b0-9145-60e08f663bc8.jpg?ts=1737027090,40,0
blinkit,Vegetables,30993,28390,28390,Safal Frozen Green Peas,Safal,135,135,500 g,True,29,29,Frozen Peas & Corn,Frozen Green Peas,https://cdn.grofers.com/app/assets/products/sliding_images/jpeg/78b2ad59-e240-4a53-8e9d-10d0fbebf575.jpg?ts=1723098387;https://cdn.grofers.com/app/images/products/sliding_image/28390b.jpg?ts=1690814036;https://cdn.grofers.com/app/images/products/sliding_image/28390c.jpg?ts=1690814036;https://cdn.grofers.com/app/images/products/sliding_image/28390d.jpg?ts=1690814036;https://cdn.grofers.com/app/images/products/sliding_image/28390e.jpg?ts=1690814036,41,4.653000
blinkit,Vegetables,30993,3952,3952,Sweet Potato (450-600) g (Hasi Genasu),,28,23,(450-600) g,True,8,8,Fresh Vegetables,Sweet Potato,https://cdn.grofers.com/app/assets/products/sliding_images/jpeg/185bc66d-57f1-4d60-818c-3ad4a52e09f3.jpg?ts=1732710610;https://cdn.grofers.com/da/cms-assets/cms/product/ce96c37f-b00c-4a44-a098-a9b806e5306c.jpg?ts=1732711399;https://cdn.grofers.com/app/assets/products/sliding_images/jpeg/af1bbd1b-89e0-4925-91e1-54c8c780ac18.jpg?ts=1732710610;https://cdn.grofers.com/app/assets/products/sliding_images/jpeg/fce3a6b8-8978-4c2f-b35a-4d2c607410ef.jpg?ts=1732710610;https://cdn.grofers.com/da/cms-assets/cms/product/eec14baa-1401-42c4-badc-c29b3ffcfaa0.jpg?ts=1732710610;https://cdn.grofers.com/app/assets/products/sliding_images/jpeg/99599118-2063-4e56-ae32-a65067706a27.jpg?ts=1732710610,42,0
blinkit,Vegetables,30993,632536,632536,Organically Grown Green Capsicum - 250 g,Green Earth,55,42,250 g,True,10,10,Certified Organic,Capsicum,https://cdn.grofers.com/da/cms-assets/cms/product/dea6d48d-536f-43c8-b272-e55ed43791e5.jpg;https://cdn.grofers.com/da/cms-assets/cms/product/411bb114-202b-4179-862f-cc983becee95.jpg;https://cdn.grofers.com/da/cms-assets/cms/product/37be82ce-0f66-43d7-bfe6-19dcfc8675ad.jpg,43,0
blinkit,Vegetables,30993,508001,508001,Peeled Garlic (Bellulli),,150,50,100 g,True,20,20,Freshly Cut & Sprouts,Garlic,https://cdn.grofers.com/app/assets/products/sliding_images/jpeg/557e0dd1-5cc7-44cc-b89d-7bf646c3c9aa.jpg?ts=1712255454;https://cdn.grofers.com/app/assets/products/sliding_images/jpeg/8dd5c00b-f962-4d19-946a-e8b6f3f644a7.jpg?ts=1712255455;https://cdn.grofers.com/app/assets/products/sliding_images/jpeg/fdc71e1a-bde8-4340-b538-ac31db7585ce.jpg?ts=1712255457;https://cdn.grofers.com/app/assets/products/sliding_images/jpeg/7fa1c2d3-00d7-4949-893c-06f9b06f876a.jpg,44,0
blinkit,Vegetables,30993,428608,428608,Amla (Nelli Kai),,38,28,250 g,True,12,12,Fresh Vegetables,Amla,https://cdn.grofers.com/da/cms-assets/cms/product/55bf4825-4b46-47b1-a35f-eb4c48cc9413.jpg?ts=1737976294;https://cdn.grofers.com/da/cms-assets/cms/product/512fa447-c25c-48aa-a52c-064e14cfd2ec.jpg?ts=1737976295;https://cdn.grofers.com/da/cms-assets/cms/product/bd5ea2f4-8054-409b-8a8f-e2ea74d28a12.jpg?ts=1737976295;https://cdn.grofers.com/da/cms-assets/cms/product/67262943-b586-470e-afe1-2b78ae018765.jpg?ts=1737976296,45,0
blinkit,Vegetables,30993,599240,599240,Organically Grown Lady Finger - 250 g (Bendekayi),UB Organic,45,35,250 g,True,20,20,Certified Organic,Lady Finger,https://cdn.grofers.com/da/cms-assets/cms/product/9e5aaa2d-a482-48f8-a972-79ce0b479f95.jpg?ts=1737027055;https://cdn.grofers.com/da/cms-assets/cms/product/81042210-abb4-41d6-9592-cbcfbbf5fe4b.jpg?ts=1737027055;https://cdn.grofers.com/da/cms-assets/cms/product/6679aafb-8198-42ec-a5ae-1e62b6cca903.jpg?ts=1737027055,46,0
blinkit,Vegetables,30993,3916,3916,Fenugreek (Menthe Kalu),,35,25,250 g,True,11,11,Leafies & Herbs,Fenugreek,https://cdn.grofers.com/app/assets/products/sliding_images/jpeg/6efe6e43-354e-46c3-9fdf-c29a9898f652.jpg?ts=1711695628;https://cdn.grofers.com/app/assets/products/sliding_images/jpeg/67e5482f-e7b9-4079-959b-6d10cb8e9fa9.jpg?ts=1711695628,47,0
blinkit,Vegetables,30993,587638,587638,Fenugreek - Pack of 2 (Menthe Kalu),,70,49,2 x 250 g,True,5,5,Leafies & Herbs,Fenugreek,https://cdn.grofers.com/da/cms-assets/cms/product/67bd7ab0-4b20-43db-90e2-1556e31b9eec.jpg?ts=1732280186;https://cdn.grofers.com/app/assets/products/sliding_images/jpeg/a3f4087b-6ebe-4488-9b86-fd5880241604.jpg,47,0
blinkit,Vegetables,30993,421747,421747,Radish (Moolangi),,25,19,(500-600) g,True,6,6,Fresh Vegetables,Radish,https://cdn.grofers.com/app/assets/products/sliding_images/jpeg/74094d0b-b147-46ff-bd8f-3c9a64dc66ec.jpg?ts=1726561108;https://cdn.grofers.com/app/assets/products/sliding_images/jpeg/df1586b0-2cf1-4bd8-b049-a145cde6fe00.jpg?ts=1726561109;https://cdn.grofers.com/app/assets/products/sliding_images/jpeg/102753b3-c5e5-4bc8-9b26-404784f6bf6c.jpg?ts=1726561111;https://cdn.grofers.com/app/assets/products/sliding_images/jpeg/d2ca12f7-3f54-4d4d-9693-2e1abfda81e5.jpg?ts=1726561112;https://cdn.grofers.com/app/assets/products/sliding_images/jpeg/7cdda660-6a8e-4c77-b233-c013c02acdf7.jpg,48,0
