platform,search_query,store_id,product_id,variant_id,name,brand,mrp,price,quantity,in_stock,inventory,max_allowed_quantity,category,sub_category,images,organic_rank,rating
blinkit,Vegetables,40076,354997,354997,Potato (Alugadde),,38,30,(0.95-1.05) kg,True,10,10,Fresh Vegetables,Potato,https://cdn.grofers.com/da/cms-assets/cms/product/47aacb59-7ce0-438a-9c8d-208e6901fef4.png;https://cdn.grofers.com/da/cms-assets/cms/product/1f5a6652-25a7-4f56-b0be-e06acd9f2e2f.png;https://cdn.grofers.com/da/cms-assets/cms/product/e46eb1e7-1e0a-4740-b585-bacf3599f196.png;https://cdn.grofers.com/da/cms-assets/cms/product/b125015f-2f3b-47ab-9062-4b2fdc93d691.png;https://cdn.grofers.com/app/images/products/common/customer_care.jpg,1,0
blinkit,Vegetables,40076,3898,3898,Lady Finger (Bendekayi),,18,14,250 g,True,46,46,Fresh Vegetables,Lady Finger,https://cdn.grofers.com/da/cms-assets/cms/product/55b60fb8-ab99-491c-89df-08aa8959f060.png;https://cdn.grofers.com/da/cms-assets/cms/product/0f8d4183-15b8-4b78-9752-0dc4363ef749.png;https://cdn.grofers.com/da/cms-assets/cms/product/d2c5729e-5d37-4132-857b-9ce35b464dc1.png;https://cdn.grofers.com/da/cms-assets/cms/product/fa28da4f-e8f1-4622-a4b8-811189c80da0.png;https://cdn.grofers.com/app/images/products/common/customer_care.jpg,2,0
blinkit,Vegetables,40076,37743,37743,Desi Tomato 500 g (Naati Tomaato),,21,16,500 g,True,50,50,Fresh Vegetables,Tomato,https://cdn.grofers.com/da/cms-assets/cms/product/667ea47a-84c8-4a73-86fc-a0c8c8281170.png;https://cdn.grofers.com/da/cms-assets/cms/product/a9e0176f-04a1-44f2-b814-552e176edae9.png;https://cdn.grofers.com/da/cms-assets/cms/product/6ef75cc4-15ce-4b5d-9e5e-d51ff0349ae9.png;https://cdn.grofers.com/da/cms-assets/cms/product/8e0469aa-6e40-4c7f-879e-f3052ec06773.png;https://cdn.grofers.com/app/images/products/common/customer_care.jpg,3,0
blinkit,Vegetables,40076,438113,438113,Cauliflower (Hoo Kosu),,33,25,1 piece (300-500 g),True,35,35,Fresh Vegetables,Cauliflower,https://cdn.grofers.com/da/cms-assets/cms/product/c2b29fc5-ea91-406f-b97e-4c430504e19f.png;https://cdn.grofers.com/da/cms-assets/cms/product/1d3b3354-e24f-4032-b594-631faa0b00a3.png;https://cdn.grofers.com/da/cms-assets/cms/product/7b2f2fb2-e927-4c93-b634-5592affe05f7.png;https://cdn.grofers.com/da/cms-assets/cms/product/fc65e212-78df-49f6-a4ec-3886423af1ca.png;https://cdn.grofers.com/app/images/products/common/customer_care.jpg,4,0
blinkit,Vegetables,40076,565122,565122,Yu 100% Natural Coconut Water,Yu,360,180,6 x 200 ml,True,11,11,Coconut Water,Coconut Water,https://cdn.grofers.com/da/cms-assets/cms/product/2ec38df6-909a-4bce-bf2a-e109c867e927.png;https://cdn.grofers.com/da/cms-assets/cms/product/bebca609-aafe-48e9-b96e-6ab23592776e.png;https://cdn.grofers.com/da/cms-assets/cms/product/a2cecceb-8e72-418a-9e63-e73d55b38c27.png;https://cdn.grofers.com/da/cms-assets/cms/product/127c06d3-9334-4cd8-b09b-b1f9fb036f59.png;https://cdn.grofers.com/da/cms-assets/cms/product/22997980-189b-4cab-82b6-179a49dd995a.png;https://cdn.grofers.com/da/cms-assets/cms/product/a011903c-cef6-4fec-b7df-123716a77260.png;https://cdn.grofers.com/da/cms-assets/cms/product/16d08378-0b65-442d-9f3c-399315af63a5.png;https://cdn.grofers.com/da/cms-assets/cms/product/b8988b39-523b-482e-b8e8-cd0f8c03f22d.png;https://cdn.grofers.com/da/cms-assets/cms/product/758f4fda-845c-4109-b68d-a7944dfa3022.png;https://cdn.grofers.com/da/cms-assets/cms/product/093da5d8-f8d4-46f3-98bb-9348c1d06fcc.png;https://cdn.grofers.com/da/cms-assets/cms/product/c8d461de-272f-4e63-9584-76db64457a40.png;https://cdn.grofers.com/da/cms-assets/cms/product/34515689-2e37-4763-b29e-57df93b1ced3.png;https://cdn.grofers.com/app/images/products/common/customer_care.jpg,5,4.459000
blinkit,Vegetables,40076,565123,565123,Yu 100% Natural Coconut Water,Yu,60,47,200 ml,True,3,3,Coconut Water,Coconut Water,https://cdn.grofers.com/da/cms-assets/cms/product/af0ae945-04ea-4be2-ae46-455559329852.png;https://cdn.grofers.com/da/cms-assets/cms/product/8f529f4a-f182-45cb-8821-7dc986b358f5.png;https://cdn.grofers.com/da/cms-assets/cms/product/a9ff7715-7621-4eca-be31-e02dd94f70ca.png;https://cdn.grofers.com/da/cms-assets/cms/product/f0818187-30f4-4db4-849e-35be7d703891.png;https://cdn.grofers.com/da/cms-assets/cms/product/91162fe7-773b-4393-91d0-36d5cac5e660.png;https://cdn.grofers.com/da/cms-assets/cms/product/107bf52c-2437-4cfa-86b9-95f5db941beb.png;https://cdn.grofers.com/da/cms-assets/cms/product/15ba14eb-dc25-47b6-a9c8-c30ceb6f013d.png;https://cdn.grofers.com/da/cms-assets/cms/product/a1df600f-714b-41d4-a2c1-569bf2206e5f.png;https://cdn.grofers.com/da/cms-assets/cms/product/d32ef1f8-8e4c-4ffc-a0c8-e0abbd1965e0.png;https://cdn.grofers.com/da/cms-assets/cms/product/5b14c0a6-0f6c-43fe-8fd7-4f16e2994789.png;https://cdn.grofers.com/da/cms-assets/cms/product/604ab573-9d0b-4998-9af6-9d0de0a4ca78.png;https://cdn.grofers.com/da/cms-assets/cms/product/c823b2fc-0c4a-45c1-82eb-0a5326d60b77.png;https://cdn.grofers.com/app/images/products/common/customer_care.jpg,5,4.248000
blinkit,Vegetables,40076,3881,3881,Hybrid Tomato 500 g,,22,16,500 g,True,50,50,Fresh Vegetables,Tomato,https://cdn.grofers.com/da/cms-assets/cms/product/4cd11feb-f6df-4830-9fa1-a5f39f08fc3f.png;https://cdn.grofers.com/da/cms-assets/cms/product/47cf3540-65a7-4500-a54e-7a6a183f2a75.png;https://cdn.grofers.com/da/cms-assets/cms/product/19fae49e-2d12-4e23-abde-e60f08182ad0.png;https://cdn.grofers.com/da/cms-assets/cms/product/ba669458-bf4e-4427-b2c3-7467d8c5e649.png;https://cdn.grofers.com/app/images/products/common/customer_care.jpg,6,0
blinkit,Vegetables,40076,421706,421706,Coccinea (Thondekaayi),,23,18,250 g,True,11,11,Fresh Vegetables,Coccinea,https://cdn.grofers.com/da/cms-assets/cms/product/2347d68f-12ce-44af-bb0f-c4b81de589f4.png;https://cdn.grofers.com/da/cms-assets/cms/product/584fc195-ea94-4cb6-a20f-0626f692c9c6.jpg;https://cdn.grofers.com/app/images/products/common/customer_care.jpg,7,0
blinkit,Vegetables,40076,327916,327916,Orange Carrot,,45,35,500 g,True,38,38,Fresh Vegetables,Carrot,https://cdn.grofers.com/da/cms-assets/cms/product/3de12ff4-882f-40c0-98d8-ff082ecdcf58.png;https://cdn.grofers.com/da/cms-assets/cms/product/70b9642b-ddb9-424d-bf71-b63909f3bbb4.png;https://cdn.grofers.com/app/images/products/common/customer_care.jpg,8,0
blinkit,Vegetables,40076,530158,530158,Onion (Eerulli),,36,27,(0.95-1.05) kg,True,50,50,Fresh Vegetables,Onion,https://cdn.grofers.com/da/cms-assets/cms/product/f53c1ea1-cfa0-438b-a14c-b4f5ebeed7dd.png;https://cdn.grofers.com/da/cms-assets/cms/product/7dbba89e-1c58-44f1-b22e-8c9c59e828d6.png;https://cdn.grofers.com/da/cms-assets/cms/product/c9491304-1b82-4298-87d7-ef1d83afc76b.png;https://cdn.grofers.com/da/cms-assets/cms/product/255664b8-a4fc-46e4-b310-9de57e71295f.png;https://cdn.grofers.com/app/images/products/common/customer_care.jpg,9,0
blinkit,Vegetables,40076,532987,532987,Onion - Pack of 2 (Eerulli),,82,60,2 x (0.95-1.05) kg,True,50,50,Fresh Vegetables,Onion,https://cdn.grofers.com/da/cms-assets/cms/product/4e24f749-8a65-4a87-a562-7bc4bf49351f.png;https://cdn.grofers.com/da/cms-assets/cms/product/9bfb8b42-7dc2-4220-b73e-e23d1f1b64b7.png;https://cdn.grofers.com/da/cms-assets/cms/product/6c391373-d378-4a4f-9caf-a5d303ab8631.png;https://cdn.grofers.com/da/cms-assets/cms/product/3f28b9f5-bfef-4d3f-aabf-db79fc377863.png;https://cdn.grofers.com/app/images/products/common/customer_care.jpg,9,0
blinkit,Vegetables,40076,10088,10088,Green Cucumber (Southekayi),,19,15,(500-700) g,True,48,48,Fresh Vegetables,Cucumber,https://cdn.grofers.com/da/cms-assets/cms/product/e29ff4ab-7a96-4b90-b251-0489fa0416a2.png;https://cdn.grofers.com/da/cms-assets/cms/product/ed8ea455-3f4c-48f7-bd52-dde21ddcd32b.png;https://cdn.grofers.com/da/cms-assets/cms/product/cea59d69-bb21-4318-9eb3-703c6a14c757.png;https://cdn.grofers.com/da/cms-assets/cms/product/6334bed8-fd00-4a86-838a-1029af68d1d4.png;https://cdn.grofers.com/app/images/products/common/customer_care.jpg,10,0
blinkit,Vegetables,40076,339151,339151,Beetroot,,25,18,(250-350) g,True,25,25,Fresh Vegetables,Beetroot,https://cdn.grofers.com/da/cms-assets/cms/product/c407473e-e0fb-448c-8488-1eb576effae9.png;https://cdn.grofers.com/da/cms-assets/cms/product/0ef0472a-3464-433c-a78c-cb0db9308f6b.png;https://cdn.grofers.com/da/cms-assets/cms/product/d23b9cee-7ba6-4758-b193-3a019d962a3d.png;https://cdn.grofers.com/da/cms-assets/cms/product/c0ce6b62-3720-4d44-8b9e-d0ea5a0f5469.png;https://cdn.grofers.com/app/images/products/common/customer_care.jpg,11,0
blinkit,Vegetables,40076,3889,3889,Coriander Bunch (Kottambari Soppu),,12,9,100 g,True,40,40,Leafies & Herbs,Coriander,https://cdn.grofers.com/da/cms-assets/cms/product/1d1beb79-3747-411f-b199-eaf7f9ad8a4f.png;https://cdn.grofers.com/da/cms-assets/cms/product/8f5e3271-f021-4f27-bc81-7deea6b59f31.png;https://cdn.grofers.com/da/cms-assets/cms/product/87b0ee27-668e-46ad-a1ec-36b2d19273ba.png;https://cdn.grofers.com/app/images/products/common/customer_care.jpg,12,0
blinkit,Vegetables,40076,607308,607308,Coriander Bunch - Pack of 2 (Kottambari Soppu),,32,23,2 x 100 g,True,20,20,Leafies & Herbs,Coriander,https://cdn.grofers.com/da/cms-assets/cms/product/3d39450c-fe9e-4fb1-8d79-aadb3284a641.png;https://cdn.grofers.com/da/cms-assets/cms/product/47e67f87-7294-4929-a557-7074fb64c7db.jpg;https://cdn.grofers.com/da/cms-assets/cms/product/81cab939-2b1d-4e98-8041-f51ebebd8f60.png;https://cdn.grofers.com/da/cms-assets/cms/product/fe2ee6ff-7bbd-464f-b9ab-0d0d3bcc3915.jpg;https://cdn.grofers.com/app/images/products/common/customer_care.jpg,12,0
blinkit,Vegetables,40076,229627,229627,Lemon (Nimbe),,38,28,(220-250) g,True,50,50,Fresh Vegetables,Lemon,https://cdn.grofers.com/da/cms-assets/cms/product/2d79def7-60ff-4d91-a80d-c99112fd2639.png;https://cdn.grofers.com/da/cms-assets/cms/product/c8cfd580-55de-443d-9e50-cd4b7d1fdbf8.png;https://cdn.grofers.com/da/cms-assets/cms/product/56c432f8-3daf-43a9-b2b6-030ec58bb3a3.png;https://cdn.grofers.com/da/cms-assets/cms/product/cf83e8ec-d500-455e-95b8-e6c67d1f1e53.png;https://cdn.grofers.com/app/images/products/common/customer_care.jpg,13,0
blinkit,Vegetables,40076,242284,242284,Ooty Carrot,,30,22,250 g,True,40,40,Fresh Vegetables,Carrot,https://cdn.grofers.com/da/cms-assets/cms/product/639a8d50-6295-4dab-ba2b-db90d6f2be2a.png;https://cdn.grofers.com/da/cms-assets/cms/product/359dc1a7-0cf3-4b2a-b9d5-cf82dd0ba680.png;https://cdn.grofers.com/app/images/products/common/customer_care.jpg,14,0
blinkit,Vegetables,40076,365421,365421,Coriander (Without Roots) (Kottambari Soppu),,89,12,100 g,True,50,50,Leafies & Herbs,Coriander,https://cdn.grofers.com/da/cms-assets/cms/product/d1a28a56-0f92-4794-98c6-685e3a2a0185.png;https://cdn.grofers.com/da/cms-assets/cms/product/01a36c1c-626d-457e-88e1-f47c24bdf17f.png;https://cdn.grofers.com/da/cms-assets/cms/product/08127336-ac07-4c07-be27-50c1f5d9e99a.png;https://cdn.grofers.com/app/images/products/common/customer_care.jpg,15,0
blinkit,Vegetables,40076,602584,602584,Organically Grown Ginger - 100 g (Shunti),Green Earth,26,19,100 g,True,17,17,Certified Organic,Ginger,https://cdn.grofers.com/da/cms-assets/cms/product/104cd997-0b71-4da2-b883-0ec4f9020c3f.png;https://cdn.grofers.com/da/cms-assets/cms/product/4510e8a3-b01a-4546-bd9e-0e4350834e6a.png;https://cdn.grofers.com/da/cms-assets/cms/product/36b027ce-12ee-4ed7-8fdf-526fe07c946b.png;https://cdn.grofers.com/app/images/products/common/customer_care.jpg,16,0
blinkit,Vegetables,40076,355004,355004,Garlic (Bellulli),,28,21,100 g,True,34,34,Fresh Vegetables,Garlic,https://cdn.grofers.com/da/cms-assets/cms/product/f8fbe189-dd5b-42df-96fe-bee031501f90.png;https://cdn.grofers.com/da/cms-assets/cms/product/cdeefb0c-a6c3-4c13-94c3-6be4bebf4c42.png;https://cdn.grofers.com/da/cms-assets/cms/product/8f7ec9bc-8973-4b94-83df-7022771ea537.png;https://cdn.grofers.com/da/cms-assets/cms/product/99bb569c-58bf-406f-b030-7f9161b22231.png;https://cdn.grofers.com/app/images/products/common/customer_care.jpg,17,0
blinkit,Vegetables,40076,23343,23343,English Cucumber (Southekayi),,34,25,(500-600) g,True,34,34,Fresh Vegetables,Cucumber,https://cdn.grofers.com/da/cms-assets/cms/product/60c2cecc-5df5-48f4-8a55-194914079d59.png;https://cdn.grofers.com/da/cms-assets/cms/product/21ba8253-76bb-41ae-ba9d-d02e2df111bb.png;https://cdn.grofers.com/da/cms-assets/cms/product/74855d88-fd28-494b-a19c-0f00bc1f58ea.png;https://cdn.grofers.com/da/cms-assets/cms/product/2df3d6f2-12f4-4f0c-b0b9-62fd14eb9d87.png;https://cdn.grofers.com/app/images/products/common/customer_care.jpg,18,0
blinkit,Vegetables,40076,184269,184269,Jamun,,62,47,(250-280) g,True,37,37,Fresh Fruits,Jamun,https://cdn.grofers.com/da/cms-assets/cms/product/a502d084-9722-497a-82f9-4996e19eab67.png;https://cdn.grofers.com/da/cms-assets/cms/product/d7df98e5-b601-4791-9e2a-acc2b72676f0.png;https://cdn.grofers.com/da/cms-assets/cms/product/ecc1b60c-7050-4fc4-a379-ef74d0c32db6.png;https://cdn.grofers.com/da/cms-assets/cms/product/60fc6bfa-ba7e-4e19-b225-3896ae515267.png;https://cdn.grofers.com/app/images/products/common/customer_care.jpg,19,0
blinkit,Vegetables,40076,217595,217595,Green Capsicum 500 g (Dappa Menasinakayi),,38,30,500 g,True,22,22,Fresh Vegetables,Capsicum,https://cdn.grofers.com/da/cms-assets/cms/product/2f37a9f5-5109-4033-9b43-d5a7686d332f.png;https://cdn.grofers.com/da/cms-assets/cms/product/d0d40426-68dc-430a-97f0-330ef3dd4e97.png;https://cdn.grofers.com/da/cms-assets/cms/product/ea8cf6f6-53aa-4659-9c20-e191b10dddb4.png;https://cdn.grofers.com/da/cms-assets/cms/product/ab8506ed-aac1-4a02-b8e9-7a54b9740e59.png;https://cdn.grofers.com/app/images/products/common/customer_care.jpg,20,0
blinkit,Vegetables,40076,22982,22982,Haricot Beans (Hurulikayi),,38,28,250 g,True,26,26,Fresh Vegetables,Beans,https://cdn.grofers.com/da/cms-assets/cms/product/79322b2b-0a6b-4928-b338-c9f9b2660059.png;https://cdn.grofers.com/da/cms-assets/cms/product/743e622a-fb68-4c80-8d4e-3c1d97de79a1.jpg;https://cdn.grofers.com/app/images/products/common/customer_care.jpg,21,0
blinkit,Vegetables,40076,17643,17643,Curry Leaves (Karibevina Soppu),,20,15,100 g,True,32,32,Leafies & Herbs,Curry Leaves,https://cdn.grofers.com/da/cms-assets/cms/product/e80c9bc6-02e3-47af-8a45-bc8dba262eab.png;https://cdn.grofers.com/da/cms-assets/cms/product/a2bf67bc-e92f-4159-8afd-dc6186cb0f4b.jpg;https://cdn.grofers.com/app/images/products/common/customer_care.jpg,22,0
blinkit,Vegetables,40076,271992,271992,Broccoli (Kosugadde),,102,79,1 piece (200-300 g),True,14,14,Exotics,Broccoli,https://cdn.grofers.com/da/cms-assets/cms/product/df72484d-9e10-4db0-b4d9-8fa55049aeac.png;https://cdn.grofers.com/da/cms-assets/cms/product/0adb9c60-0f21-49bf-b410-ac66492ba0f5.png;https://cdn.grofers.com/app/images/products/common/customer_care.jpg,23,0
blinkit,Vegetables,40076,423735,423735,Green Chilli 100 g (Menasinakayi),,12,9,100 g,True,28,28,Fresh Vegetables,Chilli,https://cdn.grofers.com/da/cms-assets/cms/product/9b4cd95e-3f9e-4305-92a0-16d9875c6b4d.png;https://cdn.grofers.com/da/cms-assets/cms/product/0584bccf-ea79-4b35-a06e-cc9bebfdfd0e.png;https://cdn.grofers.com/da/cms-assets/cms/product/45320d99-7004-44ae-88cb-68655a89206c.png;https://cdn.grofers.com/da/cms-assets/cms/product/aa6d3d2c-2e95-4e7e-91e2-00f3c9922e86.png;https://cdn.grofers.com/app/images/products/common/customer_care.jpg,24,0
blinkit,Vegetables,40076,217614,217614,Bottle Gourd (Sore Kayi),,37,28,1 piece (400-600 g),True,28,28,Fresh Vegetables,Bottle Gourd,https://cdn.grofers.com/da/cms-assets/cms/product/ed7caf57-c3cd-4268-b5f8-753a744233e4.jpg?ts=1745410335;https://cdn.grofers.com/da/cms-assets/cms/product/b14a8373-d01b-455b-a1de-d63a6b5d9d85.jpg?ts=1745410335;https://cdn.grofers.com/da/cms-assets/cms/product/4f7457d9-b290-4bcc-87d5-4c530772069c.jpg?ts=1745410336;https://cdn.grofers.com/da/cms-assets/cms/product/d64d2112-ab0c-4e59-a177-3fb2a47c94ab.jpg?ts=1745410336;https://cdn.grofers.com/da/cms-assets/cms/product/2f2cbdde-db6f-483b-bc10-91768d25c109.jpg?ts=1745410337,25,0
blinkit,Vegetables,40076,95032,95032,Ginger (Shunti),,21,16,200 g,True,16,16,Fresh Vegetables,Ginger,https://cdn.grofers.com/app/assets/products/sliding_images/jpeg/1a3564c0-b467-4a8e-90f2-fe5bec7c613b.jpg?ts=1722935025;https://cdn.grofers.com/app/assets/products/sliding_images/jpeg/92f94032-2a10-4511-93cf-9a0bd333eba8.jpg?ts=1722935027;https://cdn.grofers.com/app/assets/products/sliding_images/jpeg/a4f15ad9-7010-46d5-bfcd-e0e495cd8de2.jpg?ts=1722935028;https://cdn.grofers.com/app/assets/products/sliding_images/jpeg/604a0beb-b474-45b7-a57e-a76261e05296.jpg?ts=1722935030,26,0
blinkit,Vegetables,40076,332744,332744,Spinach (Basale Soppu / Palak Soppu),,22,18,200 g,True,30,30,Leafies & Herbs,Spinach,https://cdn.grofers.com/da/cms-assets/cms/product/205bdf41-3adb-4dbe-80d9-cd5a20a72390.jpg?ts=1745410346;https://cdn.grofers.com/da/cms-assets/cms/product/ee6c9c5a-2c2e-4902-a9fa-fe9051f42808.jpg?ts=1745410347;https://cdn.grofers.com/da/cms-assets/cms/product/eec36d73-da5f-4358-a8b1-63a183cf1a98.jpg?ts=1745410347;https://cdn.grofers.com/da/cms-assets/cms/product/7e3ca75a-0b9a-4a5e-bb15-825254b90943.jpg?ts=1745410348,27,0
blinkit,Vegetables,40076,602184,602184,Organically Grown Chilli - 100 g (Menasinakayi),Green Earth,27,21,100 g,True,19,19,Certified Organic,Chilli,https://cdn.grofers.com/da/cms-assets/cms/product/69fb216e-cff9-4c94-81d3-8005c34b772e.jpg?ts=1737027090;https://cdn.grofers.com/da/cms-assets/cms/product/071166b6-5234-4afd-afb1-f36935c516e3.jpg?ts=1737027090;https://cdn.grofers.com/da/cms-assets/cms/product/6dc2bcbc-b800-42b0-9145-60e08f663bc8.jpg?ts=1737027090,28,0
blinkit,Vegetables,40076,253317,253317,Button Mushroom (Anabe),,66,49,(180-200) g,True,19,19,Fresh Vegetables,Mushroom,https://cdn.grofers.com/app/assets/products/sliding_images/jpeg/ee1b5a5a-5c29-4060-93a6-60a794600cd1.jpg?ts=1716344812;https://cdn.grofers.com/app/assets/products/sliding_images/jpeg/11a2e041-c3ba-40e2-be3a-1181620b4108.jpg?ts=1716344813;https://cdn.grofers.com/app/assets/products/sliding_images/jpeg/86bb0196-2030-439e-af61-31aac914d5df.jpg?ts=1716344813;https://cdn.grofers.com/app/assets/products/sliding_images/jpeg/2f73bc09-6e7d-4d23-91b5-0be628e191fe.jpg?ts=1716344814;https://cdn.grofers.com/app/assets/products/sliding_images/jpeg/bcdb0636-6e44-4f2b-b1c4-b80bb20a50b3.jpg,29,0
blinkit,Vegetables,40076,4916,4916,French Beans - 250 g (Hurulikayi),,31,23,250 g,True,12,12,Fresh Vegetables,Beans,https://cdn.grofers.com/app/assets/products/sliding_images/jpeg/8f6c6e3a-91de-4469-b685-eb25289650fc.jpg?ts=1711100796;https://cdn.grofers.com/app/assets/products/sliding_images/jpeg/28b8a86a-c772-4412-af90-e5ed1d395e09.jpg?ts=1711100796;https://cdn.grofers.com/da/cms-assets/cms/product/7b69aa79-81f1-483e-8b9f-bf3aadc17c25.jpg?ts=1745059828;https://cdn.grofers.com/app/assets/products/sliding_images/jpeg/f1494dee-b445-4586-9be2-7d0420f2ff1d.jpg,30,0
blinkit,Vegetables,40076,339152,339152,Cabbage (Yele Kosu),,29,21,1 piece (400-600 g),True,12,12,Fresh Vegetables,Cabbage,https://cdn.grofers.com/app/assets/products/sliding_images/jpeg/9a806b4f-1793-465f-a3ae-b3b221acbfb9.jpg?ts=1711016570;https://cdn.grofers.com/app/assets/products/sliding_images/jpeg/f6289139-b590-40a2-b294-34ae1eca2e77.jpg?ts=1711016570;https://cdn.grofers.com/app/assets/products/sliding_images/jpeg/9e61ed60-d76c-4ff3-a922-b5ddbdd7ad43.jpg?ts=1711016570;https://cdn.grofers.com/app/assets/products/sliding_images/jpeg/23c9fbf0-2e44-43ba-8ae4-e0db65d007d9.jpg,31,0
blinkit,Vegetables,40076,508001,508001,Peeled Garlic (Bellulli),,150,50,100 g,True,12,12,Freshly Cut & Sprouts,Garlic,https://cdn.grofers.com/app/assets/products/sliding_images/jpeg/557e0dd1-5cc7-44cc-b89d-7bf646c3c9aa.jpg?ts=1712255454;https://cdn.grofers.com/app/assets/products/sliding_images/jpeg/8dd5c00b-f962-4d19-946a-e8b6f3f644a7.jpg?ts=1712255455;https://cdn.grofers.com/app/assets/products/sliding_images/jpeg/fdc71e1a-bde8-4340-b538-ac31db7585ce.jpg?ts=1712255457;https://cdn.grofers.com/app/assets/products/sliding_images/jpeg/7fa1c2d3-00d7-4949-893c-06f9b06f876a.jpg,32,0
blinkit,Vegetables,40076,355012,355012,Spring Onion (Eerulli Soppu),,34,27,250 g,True,13,13,Leafies & Herbs,Spring Onion,https://cdn.grofers.com/app/assets/products/sliding_images/jpeg/16dd1505-d734-4f0b-815b-e87180621a6c.jpg?ts=1711473367;https://cdn.grofers.com/app/assets/products/sliding_images/jpeg/14664e37-d731-41c0-9b76-03a3ea897f42.jpg?ts=1711473367;https://cdn.grofers.com/app/assets/products/sliding_images/jpeg/d7f11d15-0a6c-4584-a574-14e3c0d77ae1.jpg?ts=1711473367;https://cdn.grofers.com/app/assets/products/sliding_images/jpeg/1a288fa5-e457-4406-b2ec-1c8bfa8809d2.jpg?ts=1711473367,33,0
blinkit,Vegetables,40076,28390,28390,Safal Frozen Green Peas,Safal,135,135,500 g,True,11,11,Frozen Peas & Corn,Frozen Green Peas,https://cdn.grofers.com/app/assets/products/sliding_images/jpeg/78b2ad59-e240-4a53-8e9d-10d0fbebf575.jpg?ts=1723098387;https://cdn.grofers.com/app/images/products/sliding_image/28390b.jpg?ts=1690814036;https://cdn.grofers.com/app/images/products/sliding_image/28390c.jpg?ts=1690814036;https://cdn.grofers.com/app/images/products/sliding_image/28390d.jpg?ts=1690814036;https://cdn.grofers.com/app/images/products/sliding_image/28390e.jpg?ts=1690814036,34,4.651000
blinkit,Vegetables,40076,39394,39394,Red Bell Pepper (Kempu Dappa Menasina Kaayi),,44,35,1 piece (125-175 g),True,13,13,Exotics,Bell Pepper,https://cdn.grofers.com/app/assets/products/sliding_images/jpeg/2cf767f3-867a-4330-a319-b9c6ebc81613.jpg?ts=1711472824;https://cdn.grofers.com/app/assets/products/sliding_images/jpeg/c6a26c6e-aa10-4032-8aaa-901e304b4c9f.jpg?ts=1711472824;https://cdn.grofers.com/app/assets/products/sliding_images/jpeg/0fb1fcaa-7147-4e69-9724-cc1a59601ced.jpg?ts=1711472824;https://cdn.grofers.com/app/assets/products/sliding_images/jpeg/ff2113a6-baf7-414a-8696-af721db56b7b.jpg;https://cdn.grofers.com/app/assets/products/sliding_images/jpeg/94e0e9bd-40d9-459f-8a6e-6f0dd62470fd.jpg,35,0
blinkit,Vegetables,40076,9098,9098,Brinjal Bharta (Badanekayi),,50,39,(500-700) g,True,10,10,Fresh Vegetables,Brinjal,https://cdn.grofers.com/app/assets/products/sliding_images/jpeg/8f60b208-3cfc-4b72-8209-477fb69412f6.jpg?ts=1711440867;https://cdn.grofers.com/app/assets/products/sliding_images/jpeg/cd4c1f2d-e905-486b-b0b8-be2b79c7f9c8.jpg?ts=1711440867;https://cdn.grofers.com/app/assets/products/sliding_images/jpeg/889d5554-c7d0-4fa4-b16f-2885561a5cea.jpg;https://cdn.grofers.com/app/assets/products/sliding_images/jpeg/530894ca-dc02-48f2-bba0-5fc86f518b32.jpg,36,0
blinkit,Vegetables,40076,14784,14784,Green Pumpkin (Kumbalakayi),,42,31,1 piece (400-600 g),True,8,8,Fresh Vegetables,Pumpkin,https://cdn.grofers.com/da/cms-assets/cms/product/d4f3b56f-41f7-44cd-8552-7d5963ccaafa.png;https://cdn.grofers.com/da/cms-assets/cms/product/08bf8441-6517-4573-a590-83daa5a6a8dc.png;https://cdn.grofers.com/app/images/products/common/customer_care.jpg,37,0
blinkit,Vegetables,40076,632536,632536,Organically Grown Green Capsicum - 250 g,Green Earth,56,45,250 g,True,8,8,Certified Organic,Capsicum,https://cdn.grofers.com/da/cms-assets/cms/product/4d24ce65-de90-4b2c-93a9-d1a564aa2b5d.png;https://cdn.grofers.com/da/cms-assets/cms/product/2b450b52-e62d-48fd-bf6f-29c69caf9793.png;https://cdn.grofers.com/da/cms-assets/cms/product/f3b5cedb-adb2-4b64-b346-2542eaab8c5c.png;https://cdn.grofers.com/app/images/products/common/customer_care.jpg,38,0
blinkit,Vegetables,40076,23376,23376,Drumstick (Nuggekaayi),,25,20,2 pieces,True,14,14,Fresh Vegetables,Drumstick,https://cdn.grofers.com/da/cms-assets/cms/product/ae735401-33ec-49a2-b420-76c71b86b8dd.png;https://cdn.grofers.com/da/cms-assets/cms/product/e720090e-cb19-4bb2-8f12-fc0207637f75.png;https://cdn.grofers.com/app/images/products/common/customer_care.jpg,39,0
blinkit,Vegetables,40076,312160,312160,Spinach (without roots) (Basale Soppu / Palak Soppu),,31,25,200 g,True,17,17,Leafies & Herbs,Spinach,https://cdn.grofers.com/da/cms-assets/cms/product/b1a3872b-1daf-443f-8463-c3d11c9a0585.png;https://cdn.grofers.com/da/cms-assets/cms/product/e09e3209-e70c-40bd-afcc-6f533b1c90b6.png;https://cdn.grofers.com/da/cms-assets/cms/product/15fba003-2415-4500-a27a-8a38272b8401.png;https://cdn.grofers.com/da/cms-assets/cms/product/55696108-35e2-4891-b589-450b95188fb0.png;https://cdn.grofers.com/da/cms-assets/cms/product/18d77c03-5fd4-4f3f-9127-ca5f1dd1fcc2.png;https://cdn.grofers.com/app/images/products/common/customer_care.jpg,40,0
blinkit,Vegetables,40076,3916,3916,Fenugreek (Menthe Kalu),,33,25,250 g,True,13,13,Leafies & Herbs,Fenugreek,https://cdn.grofers.com/da/cms-assets/cms/product/c3a2753e-70dc-433b-b1f1-885fdab1d602.png;https://cdn.grofers.com/da/cms-assets/cms/product/b54e3167-e795-485d-99c3-7fad4212ffb4.png;https://cdn.grofers.com/app/images/products/common/customer_care.jpg,41,0
blinkit,Vegetables,40076,587638,587638,Fenugreek - Pack of 2 (Menthe Kalu),,94,67,2 x 250 g,True,6,6,Leafies & Herbs,Fenugreek,https://cdn.grofers.com/da/cms-assets/cms/product/a6ddaf6d-98b0-4ba3-b70e-a3b0e2d52f6f.png;https://cdn.grofers.com/da/cms-assets/cms/product/b62bb948-38c4-4ae2-bc61-8e0982f0b3b4.jpg;https://cdn.grofers.com/app/images/products/common/customer_care.jpg,41,0
blinkit,Vegetables,40076,3952,3952,Sweet Potato (450-600) g (Hasi Genasu),,29,23,(450-600) g,True,10,10,Fresh Vegetables,Sweet Potato,https://cdn.grofers.com/da/cms-assets/cms/product/ace455d8-8133-4a03-9d7b-d65795b005ed.png;https://cdn.grofers.com/da/cms-assets/cms/product/4a0f4f48-1745-44e2-932e-ac88919eaeeb.png;https://cdn.grofers.com/da/cms-assets/cms/product/4c190339-82ca-4c28-92ea-e7f64048d839.png;https://cdn.grofers.com/da/cms-assets/cms/product/16f617ee-e017-464c-a2fc-1dfd009afe67.png;https://cdn.grofers.com/da/cms-assets/cms/product/55e31230-7f54-4a70-89bd-d93f374477ab.png;https://cdn.grofers.com/da/cms-assets/cms/product/4bd274f5-68ea-4980-aad4-8beaba31ee75.png;https://cdn.grofers.com/app/images/products/common/customer_care.jpg,42,0
blinkit,Vegetables,40076,446707,446707,Mint Leaves (Pudina Soppu),,15,12,100 g,True,8,8,Leafies & Herbs,Mint Leaves,https://cdn.grofers.com/da/cms-assets/cms/product/f20bf9d3-fe3b-4339-a25d-c8ce092280e2.png;https://cdn.grofers.com/da/cms-assets/cms/product/4f95532d-465e-4263-81f4-b0da7bd40859.png;https://cdn.grofers.com/da/cms-assets/cms/product/d564a4ba-3d18-47f3-a78d-12cdca279cf5.png;https://cdn.grofers.com/da/cms-assets/cms/product/96b73b46-4a89-475a-af19-9bf73f9ce8a9.png;https://cdn.grofers.com/app/images/products/common/customer_care.jpg,43,0
blinkit,Vegetables,40076,599240,599240,Organically Grown Lady Finger - 250 g (Bendekayi),UB Organic,46,34,250 g,True,24,24,Certified Organic,Lady Finger,https://cdn.grofers.com/da/cms-assets/cms/product/e85fdc66-6c32-4462-95dc-7b66add49b17.png;https://cdn.grofers.com/da/cms-assets/cms/product/30b5dca2-d946-4408-8644-069ac0d777da.png;https://cdn.grofers.com/da/cms-assets/cms/product/4db4ad00-2584-46a7-8882-542ef188f9b0.png;https://cdn.grofers.com/app/images/products/common/customer_care.jpg,44,0
blinkit,Vegetables,40076,428608,428608,Amla (Nelli Kai),,37,29,250 g,True,9,9,Fresh Vegetables,Amla,https://cdn.grofers.com/da/cms-assets/cms/product/d66b7dae-6479-4aa6-8861-d71fa380b39d.png;https://cdn.grofers.com/da/cms-assets/cms/product/dddabcd6-6c12-447c-aeef-df176a808f93.png;https://cdn.grofers.com/da/cms-assets/cms/product/96e8f415-b190-4438-9f80-f1ea82e87c1b.png;https://cdn.grofers.com/da/cms-assets/cms/product/23b7ffaa-cb68-4e9c-a086-ce6874659d55.png;https://cdn.grofers.com/app/images/products/common/customer_care.jpg,45,0
blinkit,Vegetables,40076,369013,369013,Ridge Gourd (Heerekayi),,38,30,(500-600) g,True,9,9,Fresh Vegetables,Ridge Gourd,https://cdn.grofers.com/da/cms-assets/cms/product/cea04025-a0be-4600-91d4-7b643080f8ec.png;https://cdn.grofers.com/da/cms-assets/cms/product/c7208a5b-2d2e-4745-86b2-a9a30e84418b.png;https://cdn.grofers.com/da/cms-assets/cms/product/08afaf76-21e3-484e-abe1-8d6243f5846c.png;https://cdn.grofers.com/da/cms-assets/cms/product/627cd912-f63f-4cdb-852b-54d25dfc739e.png;https://cdn.grofers.com/app/images/products/common/customer_care.jpg,46,0
blinkit,Vegetables,40076,39395,39395,Yellow Bell Pepper (Haladi Dappa Menasina Kaayi),,45,36,1 piece (125-175 g),True,13,13,Exotics,Bell Pepper,https://cdn.grofers.com/da/cms-assets/cms/product/a6731bbf-c3aa-476e-b488-1fd5ff2da89f.png;https://cdn.grofers.com/da/cms-assets/cms/product/1b6e222a-b99a-4cf4-b7d6-247e90aa2484.png;https://cdn.grofers.com/da/cms-assets/cms/product/766fc6a2-d5d0-4a6b-aadf-e5cdadcd97c1.png;https://cdn.grofers.com/da/cms-assets/cms/product/d07044ce-dee6-4522-86b6-450788fc2270.png;https://cdn.grofers.com/app/images/products/common/customer_care.jpg,47,0
blinkit,Vegetables,40076,425780,425780,Pointed Gourd (250 g) (Thondekaayi),,47,36,250 g,True,12,12,Fresh Vegetables,Pointed Gourd,https://cdn.grofers.com/da/cms-assets/cms/product/e882fb56-cd38-4450-b794-7c4d7296513c.png;https://cdn.grofers.com/da/cms-assets/cms/product/e81c95d1-00c5-45ff-8d42-3b65df9d4aab.png;https://cdn.grofers.com/da/cms-assets/cms/product/9a030c7c-164a-48f4-94f4-f4b1586a2cc1.png;https://cdn.grofers.com/da/cms-assets/cms/product/391bb6e9-39d7-42f7-8007-76b754124e70.png;https://cdn.grofers.com/app/images/products/common/customer_care.jpg,48,0
