platform,search_query,store_id,product_id,variant_id,name,brand,mrp,price,quantity,in_stock,inventory,max_allowed_quantity,category,sub_category,images,organic_rank,rating
blinkit,Vegetables,34542,354997,354997,Potato (Alugadde),,41,30,(0.95-1.05) kg,True,10,10,Fresh Vegetables,Potato,https://cdn.grofers.com/da/cms-assets/cms/product/2d053159-1d80-479e-9d0a-8c76d37c9af4.jpg?ts=1744719578;https://cdn.grofers.com/da/cms-assets/cms/product/67d0d903-36d7-431f-a6c7-7c925dd9cac7.jpg?ts=1744719578;https://cdn.grofers.com/da/cms-assets/cms/product/48607637-f2f0-4403-8cdd-36f25531c9cd.jpg?ts=1744719578;https://cdn.grofers.com/da/cms-assets/cms/product/97f9eb63-a0ea-466d-bace-784ea4c43fe9.jpg?ts=1744719578,1,0
blinkit,Vegetables,34542,3898,3898,Lady Finger (Bendekayi),,19,14,250 g,True,38,38,Fresh Vegetables,Lady Finger,https://cdn.grofers.com/app/assets/products/sliding_images/jpeg/1d455f4c-48df-4228-8fdb-51129f10491d.jpg?ts=1711016007;https://cdn.grofers.com/app/assets/products/sliding_images/jpeg/fcfe265a-4c50-4494-845d-819619e3101e.jpg?ts=1711016007;https://cdn.grofers.com/app/assets/products/sliding_images/jpeg/98e6da32-223b-4bb8-b550-fd6e8ebc1b3d.jpg?ts=1711016007;https://cdn.grofers.com/app/assets/products/sliding_images/jpeg/731a4545-f6f4-4296-ad80-63f9757f297a.jpg,2,0
blinkit,Vegetables,34542,37743,37743,Desi Tomato 500 g (Naati Tomaato),,22,16,500 g,True,50,50,Fresh Vegetables,Tomato,https://cdn.grofers.com/da/cms-assets/cms/product/667ea47a-84c8-4a73-86fc-a0c8c8281170.jpg?ts=1748187119;https://cdn.grofers.com/da/cms-assets/cms/product/a9e0176f-04a1-44f2-b814-552e176edae9.jpg?ts=1748187120;https://cdn.grofers.com/da/cms-assets/cms/product/6ef75cc4-15ce-4b5d-9e5e-d51ff0349ae9.jpg?ts=1748187120;https://cdn.grofers.com/da/cms-assets/cms/product/8e0469aa-6e40-4c7f-879e-f3052ec06773.jpg,3,0
blinkit,Vegetables,34542,421741,421741,Varikatri Brinjal (Badanekayi),,21,15,250 g,True,14,14,Fresh Vegetables,Brinjal,https://cdn.grofers.com/app/assets/products/sliding_images/jpeg/54081dc4-99f4-4201-8eb6-e36c05f9ad99.jpg?ts=1710840665;https://cdn.grofers.com/app/assets/products/sliding_images/jpeg/825e208d-fb4b-46ea-97ac-b57ac899a951.jpg?ts=1714039581,4,0
blinkit,Vegetables,34542,565122,565122,Yu 100% Natural Coconut Water,Yu,360,180,6 x 200 ml,True,2,2,Coconut Water,Coconut Water,https://cdn.grofers.com/da/cms-assets/cms/product/318bc5dc-a17a-4233-a528-3ff9948489b1.jpg?ts=1746519691;https://cdn.grofers.com/da/cms-assets/cms/product/e9344803-054f-438b-a51a-4e9d94ec0fab.jpg?ts=1746100528;https://cdn.grofers.com/da/cms-assets/cms/product/93ad0066-57c3-4f8e-8090-c58996561f1f.jpg?ts=1746100529;https://cdn.grofers.com/da/cms-assets/cms/product/6e3b5cf8-aef8-456f-bd3d-ca232764f2da.jpg?ts=1746100529;https://cdn.grofers.com/da/cms-assets/cms/product/26ea01d4-7d30-426e-87c3-22dae750c6df.jpg?ts=1746100530;https://cdn.grofers.com/da/cms-assets/cms/product/aa93395d-3b28-4f77-be0f-4976ac055248.jpg?ts=1746100530;https://cdn.grofers.com/da/cms-assets/cms/product/c732048d-8131-4d73-b08a-fe4dcaaf3bbd.jpg?ts=1746100531;https://cdn.grofers.com/da/cms-assets/cms/product/aac1ca9c-66ed-4f4e-95e6-a07a243313a2.jpg?ts=1746100531;https://cdn.grofers.com/da/cms-assets/cms/product/10f36153-b462-405b-8b5e-fbd256f61df5.jpg?ts=1746100532;https://cdn.grofers.com/da/cms-assets/cms/product/9d8202bf-c34a-4c75-b9bc-29c03e0e9398.jpg?ts=1746100532;https://cdn.grofers.com/da/cms-assets/cms/product/d7a3560e-252b-45c6-a8ea-114c07448bd1.jpg;https://cdn.grofers.com/da/cms-assets/cms/product/5b135930-09ec-4990-8ca9-b8cc42c71de0.jpg,5,4.465000
blinkit,Vegetables,34542,565123,565123,Yu 100% Natural Coconut Water,Yu,60,47,200 ml,True,1,1,Coconut Water,Coconut Water,https://cdn.grofers.com/da/cms-assets/cms/product/c8de8ce5-41d1-4786-9cc3-5fcb7e81b1f1.jpg?ts=1746100542;https://cdn.grofers.com/da/cms-assets/cms/product/996a5171-a787-44d8-9761-2863716e8334.jpg?ts=1746100542;https://cdn.grofers.com/da/cms-assets/cms/product/4039daa0-68ce-472a-8bee-1bae7633e506.jpg?ts=1746100543;https://cdn.grofers.com/da/cms-assets/cms/product/adfb0a35-2ccb-47e2-a2fe-4495ccd4927f.jpg?ts=1746100543;https://cdn.grofers.com/da/cms-assets/cms/product/2c0ae66e-af1f-40e9-b47f-0b83a52de584.jpg?ts=1746100544;https://cdn.grofers.com/da/cms-assets/cms/product/95ba7a94-51ad-4407-8089-af49d373fe52.jpg?ts=1746100544;https://cdn.grofers.com/da/cms-assets/cms/product/70bc1d80-345a-41ef-b8f1-ca62f643b5f9.jpg?ts=1746100545;https://cdn.grofers.com/da/cms-assets/cms/product/c4d8e64a-b302-4b07-8136-7646583ad0ca.jpg?ts=1746100545;https://cdn.grofers.com/da/cms-assets/cms/product/fa04524d-7fc6-4752-b42a-ec39451debfc.jpg?ts=1746100546;https://cdn.grofers.com/da/cms-assets/cms/product/53cf4cc0-1fa4-4bf5-8319-af5ab785c185.jpg?ts=1746100546;https://cdn.grofers.com/da/cms-assets/cms/product/74714324-41e5-4346-9a74-f8773a8fe92e.jpg;https://cdn.grofers.com/da/cms-assets/cms/product/215d50e8-150a-4bfc-a811-f756bef4de9d.jpg,5,4.290000
blinkit,Vegetables,34542,438113,438113,Cauliflower (Hoo Kosu),,35,26,1 piece (300-500 g),True,21,21,Fresh Vegetables,Cauliflower,https://cdn.grofers.com/da/cms-assets/cms/product/c2b29fc5-ea91-406f-b97e-4c430504e19f.jpg?ts=1750140111;https://cdn.grofers.com/da/cms-assets/cms/product/1d3b3354-e24f-4032-b594-631faa0b00a3.jpg?ts=1750140111;https://cdn.grofers.com/da/cms-assets/cms/product/7b2f2fb2-e927-4c93-b634-5592affe05f7.jpg?ts=1750140112;https://cdn.grofers.com/app/assets/products/sliding_images/jpeg/ec131822-a14d-44fd-89b1-377133dfd02d.jpg?ts=1713868644,6,0
blinkit,Vegetables,34542,478979,478979,Praakritik Organic Red Chilli Powder,Praakritik,95,94,100 g,True,1,1,Spices & Vinegar,Organic Red Chilli,https://cdn.grofers.com/da/cms-assets/cms/product/c74115a6-050b-465f-9824-db4bc9176e0a.jpg?ts=1733815339;https://cdn.grofers.com/da/cms-assets/cms/product/4e087a6f-5e3e-4086-9598-0c66b040fe3f.jpg?ts=1733815340;https://cdn.grofers.com/da/cms-assets/cms/product/89c12380-c44b-45c0-8288-1f5885d66b98.jpg?ts=1733815341;https://cdn.grofers.com/da/cms-assets/cms/product/c33ffc39-1053-42fe-94af-e798b598fcf6.jpg?ts=1733815341;https://cdn.grofers.com/da/cms-assets/cms/product/c90dafd3-e5d1-445c-925f-4171919fe0f9.jpg?ts=1733815342,7,3.890000
blinkit,Vegetables,34542,3881,3881,Hybrid Tomato 500 g,,21,16,500 g,True,50,50,Fresh Vegetables,Tomato,https://cdn.grofers.com/da/cms-assets/cms/product/4cd11feb-f6df-4830-9fa1-a5f39f08fc3f.jpg?ts=1748161073;https://cdn.grofers.com/da/cms-assets/cms/product/47cf3540-65a7-4500-a54e-7a6a183f2a75.jpg?ts=1748161074;https://cdn.grofers.com/da/cms-assets/cms/product/19fae49e-2d12-4e23-abde-e60f08182ad0.jpg?ts=1748161074;https://cdn.grofers.com/da/cms-assets/cms/product/ba669458-bf4e-4427-b2c3-7467d8c5e649.jpg,8,0
blinkit,Vegetables,34542,449124,449124,ITC Master Chef Farmland Frozen Green Peas,ITC Master Chef,320,151,1 kg,True,7,7,Frozen Peas & Corn,Frozen Green Peas,https://cdn.grofers.com/app/assets/products/sliding_images/jpeg/4c81c1f4-434e-4a9c-b11b-161a0ae44adb.jpg?ts=1723098574;https://cdn.grofers.com/app/images/products/sliding_image/449124b.jpg?ts=1676009530;https://cdn.grofers.com/app/images/products/sliding_image/449124c.jpg?ts=1676009530;https://cdn.grofers.com/app/images/products/sliding_image/449124d.jpg?ts=1676009530;https://cdn.grofers.com/app/images/products/sliding_image/449124e.jpg?ts=1676009530;https://cdn.grofers.com/app/images/products/sliding_image/449124f.jpg?ts=1676009530;https://cdn.grofers.com/app/images/products/sliding_image/449124g.jpg?ts=1676009530;https://cdn.grofers.com/app/images/products/sliding_image/449124h.jpg?ts=1676009530;https://cdn.grofers.com/app/images/products/sliding_image/449124i.jpg,9,4.569000
blinkit,Vegetables,34542,421706,421706,Coccinea (Thondekaayi),,35,27,250 g,True,11,11,Fresh Vegetables,Coccinea,https://cdn.grofers.com/app/images/products/sliding_image/421706a.jpg?ts=1690817507;https://cdn.grofers.com/app/images/products/sliding_image/421706b.jpg?ts=1690817507,10,0
blinkit,Vegetables,34542,327916,327916,Orange Carrot,,47,35,500 g,True,36,36,Fresh Vegetables,Carrot,https://cdn.grofers.com/app/images/products/sliding_image/327916a.jpg?ts=1690813169;https://cdn.grofers.com/app/images/products/sliding_image/327916b.jpg?ts=1690813169,11,0
blinkit,Vegetables,34542,530158,530158,Onion (Eerulli),,34,27,(0.95-1.05) kg,True,50,50,Fresh Vegetables,Onion,https://cdn.grofers.com/app/assets/products/sliding_images/jpeg/a1ba074a-c085-4dd1-b4a4-2f247d6f211d.jpg?ts=1711010249;https://cdn.grofers.com/app/assets/products/sliding_images/jpeg/3e73bfa7-1dfc-4a53-983c-59a95366b8dc.jpg?ts=1711010249;https://cdn.grofers.com/app/assets/products/sliding_images/jpeg/d104419e-e128-405a-ae42-13794e50858d.jpg?ts=1711010249;https://cdn.grofers.com/app/assets/products/sliding_images/jpeg/40c2925c-9832-49ae-b2d8-08481466e448.jpg,12,0
blinkit,Vegetables,34542,532987,532987,Onion - Pack of 2 (Eerulli),,68,54,2 x (0.95-1.05) kg,True,50,50,Fresh Vegetables,Onion,https://cdn.grofers.com/app/assets/products/sliding_images/jpeg/a4683389-4d48-4cb9-8c96-2175cad90111.jpg?ts=1710495574;https://cdn.grofers.com/app/assets/products/sliding_images/jpeg/6a91b796-be03-448d-80ab-ef08f28bebbe.jpg?ts=1710495574;https://cdn.grofers.com/app/assets/products/sliding_images/jpeg/2dfc8f9d-363f-475c-9999-e9c9c0c8ff3b.jpg?ts=1710495574;https://cdn.grofers.com/da/cms-assets/cms/product/d9780bd2-85bc-415d-b037-c7e8118cbd26.jpg?ts=1741278776,12,0
blinkit,Vegetables,34542,10088,10088,Green Cucumber (Southekayi),,20,15,(500-700) g,True,41,41,Fresh Vegetables,Cucumber,https://cdn.grofers.com/app/assets/products/sliding_images/jpeg/861fd2fe-69e6-4651-8ee2-b2425a89af74.jpg?ts=1711022175;https://cdn.grofers.com/app/assets/products/sliding_images/jpeg/10a01878-fd70-4751-90fe-e719fe212445.jpg?ts=1711022175;https://cdn.grofers.com/app/assets/products/sliding_images/jpeg/29fa3433-3af0-49ee-b704-f56114545fd7.jpg?ts=1711022175;https://cdn.grofers.com/app/assets/products/sliding_images/jpeg/ea8a06c3-55ca-431b-ac0a-143d6b27856f.jpg?ts=1711022175,13,0
blinkit,Vegetables,34542,339151,339151,Beetroot,,25,18,(250-350) g,True,15,15,Fresh Vegetables,Beetroot,https://cdn.grofers.com/app/assets/products/sliding_images/jpeg/f953c34a-7e85-4b3f-a8f3-ceddbb206df4.jpg?ts=1711473225;https://cdn.grofers.com/app/assets/products/sliding_images/jpeg/3b649137-18dd-451c-b859-1500301fda91.jpg?ts=1711473225;https://cdn.grofers.com/app/assets/products/sliding_images/jpeg/c55c6223-da60-445d-a96b-87260a418399.jpg?ts=1711473225;https://cdn.grofers.com/app/assets/products/sliding_images/jpeg/e7bcab9e-a367-407b-aafa-2b20c313e6a2.jpg?ts=1711473225,14,0
blinkit,Vegetables,34542,3889,3889,Coriander Bunch (Kottambari Soppu),,11,9,100 g,True,50,50,Leafies & Herbs,Coriander,https://cdn.grofers.com/da/cms-assets/cms/product/1d1beb79-3747-411f-b199-eaf7f9ad8a4f.jpg?ts=1750069208;https://cdn.grofers.com/da/cms-assets/cms/product/8f5e3271-f021-4f27-bc81-7deea6b59f31.jpg?ts=1750069208;https://cdn.grofers.com/da/cms-assets/cms/product/87b0ee27-668e-46ad-a1ec-36b2d19273ba.jpg?ts=1750069208,15,0
blinkit,Vegetables,34542,607308,607308,Coriander Bunch - Pack of 2 (Kottambari Soppu),,22,17,2 x 100 g,True,26,26,Leafies & Herbs,Coriander,https://cdn.grofers.com/da/cms-assets/cms/product/9650bea9-b471-498e-abc1-3fc95085da44.jpg?ts=1737093001;https://cdn.grofers.com/app/assets/products/sliding_images/jpeg/80f2e43f-da5f-422f-ac23-7ffbe7728c38.jpg;https://cdn.grofers.com/da/cms-assets/cms/product/cb46c61d-a2e4-46f3-98b4-cf66a4ed479a.jpg?ts=1737093002;https://cdn.grofers.com/app/assets/products/sliding_images/jpeg/54b5361b-2b25-45ff-b91c-d2865a0e9d0c.jpg,15,0
blinkit,Vegetables,34542,423735,423735,Green Chilli 100 g (Menasinakayi),,11,9,100 g,True,50,50,Fresh Vegetables,Chilli,https://cdn.grofers.com/app/assets/products/sliding_images/jpeg/27055af4-f9ca-49f5-a84b-cf407583be43.jpg?ts=1711019907;https://cdn.grofers.com/app/assets/products/sliding_images/jpeg/e8f3f700-5127-4d6b-826e-301bf6cdbfa6.jpg?ts=1711019907;https://cdn.grofers.com/app/assets/products/sliding_images/jpeg/669b8658-52de-4583-bfe4-b84d31e34ea5.jpg?ts=1711019907;https://cdn.grofers.com/app/assets/products/sliding_images/jpeg/96315cd0-d465-4f3a-b44f-404265c3742f.jpg?ts=1711019907,16,0
blinkit,Vegetables,34542,607309,607309,Green Chilli 100 g - Pack of 2 (Menasinakayi),,22,17,2 x 100 g,True,32,32,Fresh Vegetables,Chilli,https://cdn.grofers.com/da/cms-assets/cms/product/3c97b38f-1aa9-455c-a780-4decba07502d.jpg?ts=1737093005;https://cdn.grofers.com/app/assets/products/sliding_images/jpeg/0f4616f1-3180-4031-9952-77dadcd8b4fd.jpg;https://cdn.grofers.com/da/cms-assets/cms/product/b3e17eb6-45e4-4b08-a263-5fe67789f174.jpg?ts=1737093005;https://cdn.grofers.com/app/assets/products/sliding_images/jpeg/008a6de5-e6fa-4cd7-9166-60f23e07a08b.jpg,16,0
blinkit,Vegetables,34542,229627,229627,Lemon (Nimbe),,35,28,(220-250) g,True,49,49,Fresh Vegetables,Lemon,https://cdn.grofers.com/app/assets/products/sliding_images/jpeg/c655faa5-2b29-4714-8411-c98b67f4ef51.jpg?ts=1741346719;https://cdn.grofers.com/app/assets/products/sliding_images/jpeg/6dcf7bcc-a4a3-4d3a-88cd-ce59c472abb8.jpg?ts=1741346719;https://cdn.grofers.com/app/assets/products/sliding_images/jpeg/1d8d48f9-cdac-463c-9da0-1a2991f18cc8.jpg?ts=1741346719;https://cdn.grofers.com/app/assets/products/sliding_images/jpeg/4964a43b-a9d6-44f8-aadb-4d737b4255b5.jpg?ts=1741346719,17,0
blinkit,Vegetables,34542,242284,242284,Ooty Carrot,,28,22,250 g,True,29,29,Fresh Vegetables,Carrot,https://cdn.grofers.com/app/assets/products/sliding_images/jpeg/e6cddd32-537f-4822-b2b9-4bbbb1aeaa27.jpg?ts=1718267335;https://cdn.grofers.com/app/images/products/sliding_image/242284b.jpg?ts=1690831060,18,0
blinkit,Vegetables,34542,365421,365421,Coriander (Without Roots) (Kottambari Soppu),,89,12,100 g,True,33,33,Leafies & Herbs,Coriander,https://cdn.grofers.com/da/cms-assets/cms/product/d1a28a56-0f92-4794-98c6-685e3a2a0185.jpg?ts=1750397347;https://cdn.grofers.com/da/cms-assets/cms/product/01a36c1c-626d-457e-88e1-f47c24bdf17f.jpg?ts=1750071080;https://cdn.grofers.com/da/cms-assets/cms/product/08127336-ac07-4c07-be27-50c1f5d9e99a.jpg?ts=1750071080,19,0
blinkit,Vegetables,34542,23343,23343,English Cucumber (Southekayi),,34,25,(500-600) g,True,2,2,Fresh Vegetables,Cucumber,https://cdn.grofers.com/app/assets/products/sliding_images/jpeg/4a7cbdcc-d74d-403f-a0cb-b130572ad296.jpg?ts=1711022176;https://cdn.grofers.com/app/assets/products/sliding_images/jpeg/2598d366-b897-4532-8b31-496c91e2572a.jpg?ts=1711022176;https://cdn.grofers.com/app/assets/products/sliding_images/jpeg/d0fa3bb9-f859-4712-a180-dc0d9adf8574.jpg?ts=1711022176;https://cdn.grofers.com/app/assets/products/sliding_images/jpeg/419b37ea-f2cb-4b36-b3b1-7254f2e79953.jpg,20,0
blinkit,Vegetables,34542,95032,95032,Ginger (Shunti),,22,16,200 g,True,33,33,Fresh Vegetables,Ginger,https://cdn.grofers.com/app/assets/products/sliding_images/jpeg/1a3564c0-b467-4a8e-90f2-fe5bec7c613b.jpg?ts=1722935025;https://cdn.grofers.com/app/assets/products/sliding_images/jpeg/92f94032-2a10-4511-93cf-9a0bd333eba8.jpg?ts=1722935027;https://cdn.grofers.com/app/assets/products/sliding_images/jpeg/a4f15ad9-7010-46d5-bfcd-e0e495cd8de2.jpg?ts=1722935028;https://cdn.grofers.com/app/assets/products/sliding_images/jpeg/604a0beb-b474-45b7-a57e-a76261e05296.jpg?ts=1722935030,21,0
blinkit,Vegetables,34542,355004,355004,Garlic (Bellulli),,27,21,100 g,True,20,20,Fresh Vegetables,Garlic,https://cdn.grofers.com/app/assets/products/sliding_images/jpeg/c94ce8fe-8a5c-4ba3-9277-6b988ad42a50.jpg?ts=1711473367;https://cdn.grofers.com/app/assets/products/sliding_images/jpeg/69fdf69a-b941-420e-a02b-febaae593f77.jpg?ts=1711473367;https://cdn.grofers.com/da/cms-assets/cms/product/e32ba356-5e3e-4a96-ab11-75238b42d50f.jpg?ts=1740114830;https://cdn.grofers.com/app/assets/products/sliding_images/jpeg/45ebcfc0-a889-4c2f-8583-6a7d3ec56b13.jpg?ts=1711473367,22,0
blinkit,Vegetables,34542,184269,184269,Jamun,,66,48,(250-280) g,True,50,50,Fresh Fruits,Jamun,https://cdn.grofers.com/app/assets/products/sliding_images/jpeg/876b89b9-9c7d-4f7d-9fc3-974de0ac65af.jpg?ts=1714125339;https://cdn.grofers.com/app/assets/products/sliding_images/jpeg/d78a4af7-dcc6-4019-9d52-b60291b251e7.jpg?ts=1714125339;https://cdn.grofers.com/app/assets/products/sliding_images/jpeg/e732e5ab-b716-49be-8ed0-0bc8524ced31.jpg;https://cdn.grofers.com/app/assets/products/sliding_images/jpeg/3716e7dc-5fd9-4bdf-bf2f-bbb6bc8eaefd.jpg,23,0
blinkit,Vegetables,34542,217614,217614,Bottle Gourd (Sore Kayi),,37,29,1 piece (400-600 g),True,26,26,Fresh Vegetables,Bottle Gourd,https://cdn.grofers.com/da/cms-assets/cms/product/ed7caf57-c3cd-4268-b5f8-753a744233e4.jpg?ts=1745410335;https://cdn.grofers.com/da/cms-assets/cms/product/b14a8373-d01b-455b-a1de-d63a6b5d9d85.jpg?ts=1745410335;https://cdn.grofers.com/da/cms-assets/cms/product/4f7457d9-b290-4bcc-87d5-4c530772069c.jpg?ts=1745410336;https://cdn.grofers.com/da/cms-assets/cms/product/d64d2112-ab0c-4e59-a177-3fb2a47c94ab.jpg?ts=1745410336;https://cdn.grofers.com/da/cms-assets/cms/product/2f2cbdde-db6f-483b-bc10-91768d25c109.jpg?ts=1745410337,24,0
blinkit,Vegetables,34542,253317,253317,Button Mushroom (Anabe),,62,49,(180-200) g,True,33,33,Fresh Vegetables,Mushroom,https://cdn.grofers.com/app/assets/products/sliding_images/jpeg/ee1b5a5a-5c29-4060-93a6-60a794600cd1.jpg?ts=1716344812;https://cdn.grofers.com/app/assets/products/sliding_images/jpeg/11a2e041-c3ba-40e2-be3a-1181620b4108.jpg?ts=1716344813;https://cdn.grofers.com/app/assets/products/sliding_images/jpeg/86bb0196-2030-439e-af61-31aac914d5df.jpg?ts=1716344813;https://cdn.grofers.com/app/assets/products/sliding_images/jpeg/2f73bc09-6e7d-4d23-91b5-0be628e191fe.jpg?ts=1716344814;https://cdn.grofers.com/app/assets/products/sliding_images/jpeg/bcdb0636-6e44-4f2b-b1c4-b80bb20a50b3.jpg,25,0
blinkit,Vegetables,34542,217595,217595,Green Capsicum 500 g (Dappa Menasinakayi),,42,31,500 g,True,18,18,Fresh Vegetables,Capsicum,https://cdn.grofers.com/app/assets/products/sliding_images/jpeg/55a3d8d4-4234-4ff5-a7cd-25df6e2dccde.jpg?ts=1711024454;https://cdn.grofers.com/app/assets/products/sliding_images/jpeg/2d046cb3-edeb-4b1e-b73b-72b6be896a4f.jpg?ts=1711024454;https://cdn.grofers.com/app/assets/products/sliding_images/jpeg/e1412336-3663-49d0-a06a-31421bc49caa.jpg?ts=1711024454;https://cdn.grofers.com/app/assets/products/sliding_images/jpeg/30b1836c-6fe0-46e0-81ac-d7baa7710608.jpg,26,0
blinkit,Vegetables,34542,22982,22982,Haricot Beans (Hurulikayi),,35,28,250 g,True,17,17,Fresh Vegetables,Beans,https://cdn.grofers.com/app/assets/products/sliding_images/jpeg/57535480-3faa-4725-9621-63555cd9035b.jpg?ts=1707557500;https://cdn.grofers.com/app/images/products/sliding_image/22982b.jpg?ts=1690813550,27,0
blinkit,Vegetables,34542,17643,17643,Curry Leaves (Karibevina Soppu),,19,15,100 g,True,21,21,Leafies & Herbs,Curry Leaves,https://cdn.grofers.com/app/images/products/sliding_image/17643a.jpg?ts=1690813684;https://cdn.grofers.com/app/images/products/sliding_image/17643b.jpg?ts=1690813684,28,0
blinkit,Vegetables,34542,425780,425780,Pointed Gourd (250 g) (Thondekaayi),,54,40,250 g,True,16,16,Fresh Vegetables,Pointed Gourd,https://cdn.grofers.com/app/assets/products/sliding_images/jpeg/a920aeec-b81e-48b2-b456-47f2c899eada.jpg?ts=1714120677;https://cdn.grofers.com/app/assets/products/sliding_images/jpeg/63cc79df-8948-4aaa-b61d-f0833c2a126d.jpg?ts=1714120678;https://cdn.grofers.com/app/assets/products/sliding_images/jpeg/3cad0f6c-1cd0-4649-a666-750d8b69b4e6.jpg;https://cdn.grofers.com/app/assets/products/sliding_images/jpeg/37d19bb9-f4cd-40f4-8955-7554e117f513.jpg,29,0
blinkit,Vegetables,34542,14784,14784,Green Pumpkin (Kumbalakayi),,43,31,1 piece (400-600 g),True,10,10,Fresh Vegetables,Pumpkin,https://cdn.grofers.com/app/assets/products/sliding_images/jpeg/f3e6a9cd-0799-43a7-bfe9-051b3dec5848.jpg?ts=1711961201;https://cdn.grofers.com/app/assets/products/sliding_images/jpeg/18a2a0e8-b045-4c97-9c64-8932b10f8b19.jpg?ts=1711961201,30,0
blinkit,Vegetables,34542,602584,602584,Organically Grown Ginger - 100 g (Shunti),Green Earth,26,19,100 g,True,9,9,Certified Organic,Ginger,https://cdn.grofers.com/da/cms-assets/cms/product/8393ee7e-808b-40dc-bd75-b656241105ed.jpg?ts=1750933767;https://cdn.grofers.com/da/cms-assets/cms/product/717d6b2b-6f65-4151-8545-e64884477129.jpg?ts=1750933767;https://cdn.grofers.com/da/cms-assets/cms/product/21bae393-77ed-4007-b1cc-46641069622b.jpg?ts=1750933767,31,0
blinkit,Vegetables,34542,271992,271992,Broccoli (Kosugadde),,101,79,1 piece (200-300 g),True,7,7,Exotics,Broccoli,https://cdn.grofers.com/da/cms-assets/cms/product/df72484d-9e10-4db0-b4d9-8fa55049aeac.jpg?ts=1750059773;https://cdn.grofers.com/da/cms-assets/cms/product/0adb9c60-0f21-49bf-b410-ac66492ba0f5.jpg?ts=1750059773,32,0
blinkit,Vegetables,34542,332744,332744,Spinach (Basale Soppu / Palak Soppu),,24,18,200 g,True,13,13,Leafies & Herbs,Spinach,https://cdn.grofers.com/da/cms-assets/cms/product/205bdf41-3adb-4dbe-80d9-cd5a20a72390.jpg?ts=1745410346;https://cdn.grofers.com/da/cms-assets/cms/product/ee6c9c5a-2c2e-4902-a9fa-fe9051f42808.jpg?ts=1745410347;https://cdn.grofers.com/da/cms-assets/cms/product/eec36d73-da5f-4358-a8b1-63a183cf1a98.jpg?ts=1745410347;https://cdn.grofers.com/da/cms-assets/cms/product/7e3ca75a-0b9a-4a5e-bb15-825254b90943.jpg?ts=1745410348,33,0
blinkit,Vegetables,34542,312160,312160,Spinach (without roots) (Basale Soppu / Palak Soppu),,32,25,200 g,True,4,4,Leafies & Herbs,Spinach,https://cdn.grofers.com/da/cms-assets/cms/product/837f0b93-1b9d-4322-b7be-dbf3930c72f5.jpg?ts=1745410340;https://cdn.grofers.com/da/cms-assets/cms/product/7d3077f6-3b4b-483e-9c40-3eb5cb1de271.jpg?ts=1745410341;https://cdn.grofers.com/da/cms-assets/cms/product/742a3a48-9d3b-4d4d-9de1-b3cc092a37d7.jpg?ts=1745410342;https://cdn.grofers.com/da/cms-assets/cms/product/f969d32b-ca95-4966-81b7-3624a22096a6.jpg?ts=1745410342;https://cdn.grofers.com/da/cms-assets/cms/product/05dd3df9-e5f6-4a20-aa57-f1f164daad1e.jpg?ts=1745410343,34,0
blinkit,Vegetables,34542,339152,339152,Cabbage (Yele Kosu),,27,21,1 piece (400-600 g),True,15,15,Fresh Vegetables,Cabbage,https://cdn.grofers.com/app/assets/products/sliding_images/jpeg/9a806b4f-1793-465f-a3ae-b3b221acbfb9.jpg?ts=1711016570;https://cdn.grofers.com/app/assets/products/sliding_images/jpeg/f6289139-b590-40a2-b294-34ae1eca2e77.jpg?ts=1711016570;https://cdn.grofers.com/app/assets/products/sliding_images/jpeg/9e61ed60-d76c-4ff3-a922-b5ddbdd7ad43.jpg?ts=1711016570;https://cdn.grofers.com/app/assets/products/sliding_images/jpeg/23c9fbf0-2e44-43ba-8ae4-e0db65d007d9.jpg,35,0
blinkit,Vegetables,34542,23376,23376,Drumstick (Nuggekaayi),,27,20,2 pieces,True,19,19,Fresh Vegetables,Drumstick,https://cdn.grofers.com/app/assets/products/sliding_images/jpeg/39f745ca-3bb3-49fe-8bd4-2b3fd65a1a31.jpg?ts=1707557501;https://cdn.grofers.com/app/images/products/sliding_image/23376b.jpg?ts=1691671086,36,0
blinkit,Vegetables,34542,365431,365431,Mint Leaves (Without Roots) (Pudina Soppu),,89,15,100 g,True,4,4,Leafies & Herbs,Mint Leaves,https://cdn.grofers.com/da/cms-assets/cms/product/a70de6e5-25ef-41e9-bb7e-69c870df6831.png;https://cdn.grofers.com/da/cms-assets/cms/product/0f48a9a9-e3c4-4368-9e94-9a474a1fb9e5.png;https://cdn.grofers.com/da/cms-assets/cms/product/885e47e2-d8a6-4528-bf3e-8afdb5f5ffb4.png;https://cdn.grofers.com/da/cms-assets/cms/product/1bf06285-b730-48de-bed0-d0f5417933a7.png;https://cdn.grofers.com/app/images/products/common/customer_care.jpg,37,0
blinkit,Vegetables,34542,369013,369013,Ridge Gourd (Heerekayi),,36,28,(500-600) g,True,10,10,Fresh Vegetables,Ridge Gourd,https://cdn.grofers.com/da/cms-assets/cms/product/cea04025-a0be-4600-91d4-7b643080f8ec.png;https://cdn.grofers.com/da/cms-assets/cms/product/c7208a5b-2d2e-4745-86b2-a9a30e84418b.png;https://cdn.grofers.com/da/cms-assets/cms/product/08afaf76-21e3-484e-abe1-8d6243f5846c.png;https://cdn.grofers.com/da/cms-assets/cms/product/627cd912-f63f-4cdb-852b-54d25dfc739e.png;https://cdn.grofers.com/app/images/products/common/customer_care.jpg,38,0
blinkit,Vegetables,34542,9098,9098,Brinjal Bharta (Badanekayi),,49,39,(500-700) g,True,13,13,Fresh Vegetables,Brinjal,https://cdn.grofers.com/da/cms-assets/cms/product/49ac30ac-04bd-4e2e-b4bd-84f3594fe2ed.png;https://cdn.grofers.com/da/cms-assets/cms/product/f9d141bf-0683-4cd6-b576-91ce4bb86ea0.png;https://cdn.grofers.com/da/cms-assets/cms/product/2b24d772-09de-4753-b16c-f6b26b7b74d0.png;https://cdn.grofers.com/da/cms-assets/cms/product/3f066e6a-0ca9-4342-8dc9-43af1ed95bac.png;https://cdn.grofers.com/app/images/products/common/customer_care.jpg,39,0
blinkit,Vegetables,34542,28390,28390,Safal Frozen Green Peas,Safal,135,135,500 g,True,9,9,Frozen Peas & Corn,Frozen Green Peas,https://cdn.grofers.com/da/cms-assets/cms/product/ca56153b-29df-46dd-9422-da5f7e282e52.png;https://cdn.grofers.com/da/cms-assets/cms/product/f7096865-1413-4e95-978b-feb6932ed8c0.jpg;https://cdn.grofers.com/da/cms-assets/cms/product/8468a9bc-74ec-4b3d-8147-cef4b9b2fb9d.jpg;https://cdn.grofers.com/da/cms-assets/cms/product/49a48aa9-84db-49cf-bd60-13c697d7f1be.jpg;https://cdn.grofers.com/da/cms-assets/cms/product/95922e00-8533-4a82-b9ad-1da5701c88ac.jpg;https://cdn.grofers.com/app/images/products/common/customer_care.jpg,40,4.653000
blinkit,Vegetables,34542,3952,3952,Sweet Potato (450-600) g (Hasi Genasu),,29,23,(450-600) g,True,7,7,Fresh Vegetables,Sweet Potato,https://cdn.grofers.com/da/cms-assets/cms/product/ace455d8-8133-4a03-9d7b-d65795b005ed.png;https://cdn.grofers.com/da/cms-assets/cms/product/4a0f4f48-1745-44e2-932e-ac88919eaeeb.png;https://cdn.grofers.com/da/cms-assets/cms/product/4c190339-82ca-4c28-92ea-e7f64048d839.png;https://cdn.grofers.com/da/cms-assets/cms/product/16f617ee-e017-464c-a2fc-1dfd009afe67.png;https://cdn.grofers.com/da/cms-assets/cms/product/55e31230-7f54-4a70-89bd-d93f374477ab.png;https://cdn.grofers.com/da/cms-assets/cms/product/4bd274f5-68ea-4980-aad4-8beaba31ee75.png;https://cdn.grofers.com/app/images/products/common/customer_care.jpg,41,0
blinkit,Vegetables,34542,508001,508001,Peeled Garlic (Bellulli),,150,50,100 g,True,14,14,Freshly Cut & Sprouts,Garlic,https://cdn.grofers.com/da/cms-assets/cms/product/d3dc6f2b-7d67-4e41-8da8-40d08967796e.png;https://cdn.grofers.com/da/cms-assets/cms/product/10db4d6d-d281-4900-85ee-fdfdffb5069d.png;https://cdn.grofers.com/da/cms-assets/cms/product/408b50a2-d6b5-4411-a51d-9849e37f48f5.png;https://cdn.grofers.com/da/cms-assets/cms/product/52c4efb6-aa3a-45b0-b4e2-7bc8070f4df7.png;https://cdn.grofers.com/app/images/products/common/customer_care.jpg,42,0
blinkit,Vegetables,34542,39394,39394,Red Bell Pepper (Kempu Dappa Menasina Kaayi),,48,35,1 piece (125-175 g),True,5,5,Exotics,Bell Pepper,https://cdn.grofers.com/da/cms-assets/cms/product/b6aa0ba8-3dbc-4d8f-aaf8-1b99ed8911b3.png;https://cdn.grofers.com/da/cms-assets/cms/product/021c928b-a15a-4fbf-a430-765a2182b2cc.png;https://cdn.grofers.com/da/cms-assets/cms/product/c099ee7a-395c-4b37-8bca-661b2b4800cf.png;https://cdn.grofers.com/da/cms-assets/cms/product/b5cc9a2d-2d63-4fa7-8f16-c2ea0ed8a5bb.png;https://cdn.grofers.com/da/cms-assets/cms/product/bbc5786f-3ce4-4b83-b595-56c03ebcb616.png;https://cdn.grofers.com/app/images/products/common/customer_care.jpg,43,0
blinkit,Vegetables,34542,632536,632536,Organically Grown Green Capsicum - 250 g,Green Earth,57,42,250 g,True,5,5,Certified Organic,Capsicum,https://cdn.grofers.com/da/cms-assets/cms/product/4d24ce65-de90-4b2c-93a9-d1a564aa2b5d.png;https://cdn.grofers.com/da/cms-assets/cms/product/2b450b52-e62d-48fd-bf6f-29c69caf9793.png;https://cdn.grofers.com/da/cms-assets/cms/product/f3b5cedb-adb2-4b64-b346-2542eaab8c5c.png;https://cdn.grofers.com/app/images/products/common/customer_care.jpg,44,0
blinkit,Vegetables,34542,4916,4916,French Beans - 250 g (Hurulikayi),,29,23,250 g,True,4,4,Fresh Vegetables,Beans,https://cdn.grofers.com/da/cms-assets/cms/product/c145ef07-74ba-4d14-a6c9-d7e53d8fa785.png;https://cdn.grofers.com/da/cms-assets/cms/product/df63a638-180f-4111-a6cf-84437fbb91c7.png;https://cdn.grofers.com/da/cms-assets/cms/product/7b69aa79-81f1-483e-8b9f-bf3aadc17c25.png;https://cdn.grofers.com/da/cms-assets/cms/product/0ef9e4f9-cd9f-4f0c-90d8-d940bc3afd42.png;https://cdn.grofers.com/app/images/products/common/customer_care.jpg,45,0
blinkit,Vegetables,34542,355012,355012,Spring Onion (Eerulli Soppu),,35,27,250 g,True,10,10,Leafies & Herbs,Spring Onion,https://cdn.grofers.com/da/cms-assets/cms/product/c9ef1b7c-07e1-4f26-b008-cfa01c3b97db.png;https://cdn.grofers.com/da/cms-assets/cms/product/c0df3670-bfc3-47a5-906f-d102827f6961.png;https://cdn.grofers.com/da/cms-assets/cms/product/ef7e882b-72ba-4cd2-873b-de280c8cbe76.png;https://cdn.grofers.com/da/cms-assets/cms/product/7c9cca19-49a4-4fc8-b58c-ebc1883b3ea6.png;https://cdn.grofers.com/app/images/products/common/customer_care.jpg,46,0
blinkit,Vegetables,34542,602184,602184,Organically Grown Chilli - 100 g (Menasinakayi),Green Earth,30,22,100 g,True,10,10,Certified Organic,Chilli,https://cdn.grofers.com/da/cms-assets/cms/product/d4351c4f-038d-48fb-8f4c-47b1d2d5fd13.png;https://cdn.grofers.com/da/cms-assets/cms/product/87c7a1f7-adbf-479f-8fad-8f71063cf0f2.png;https://cdn.grofers.com/da/cms-assets/cms/product/2a279059-9728-49b4-ab7a-0b95ea8251fd.png;https://cdn.grofers.com/app/images/products/common/customer_care.jpg,47,0
blinkit,Vegetables,34542,428608,428608,Amla (Nelli Kai),,35,28,250 g,True,10,10,Fresh Vegetables,Amla,https://cdn.grofers.com/da/cms-assets/cms/product/d66b7dae-6479-4aa6-8861-d71fa380b39d.png;https://cdn.grofers.com/da/cms-assets/cms/product/dddabcd6-6c12-447c-aeef-df176a808f93.png;https://cdn.grofers.com/da/cms-assets/cms/product/96e8f415-b190-4438-9f80-f1ea82e87c1b.png;https://cdn.grofers.com/da/cms-assets/cms/product/23b7ffaa-cb68-4e9c-a086-ce6874659d55.png;https://cdn.grofers.com/app/images/products/common/customer_care.jpg,48,0
