platform,search_query,store_id,product_id,variant_id,name,brand,mrp,price,quantity,in_stock,inventory,max_allowed_quantity,category,sub_category,images,organic_rank,rating
blinkit,Vegetables,34288,354997,354997,Potato (Alugadde),,41,30,(0.95-1.05) kg,True,10,10,Fresh Vegetables,Potato,https://cdn.grofers.com/da/cms-assets/cms/product/2d053159-1d80-479e-9d0a-8c76d37c9af4.jpg?ts=1744719578;https://cdn.grofers.com/da/cms-assets/cms/product/67d0d903-36d7-431f-a6c7-7c925dd9cac7.jpg?ts=1744719578;https://cdn.grofers.com/da/cms-assets/cms/product/48607637-f2f0-4403-8cdd-36f25531c9cd.jpg?ts=1744719578;https://cdn.grofers.com/da/cms-assets/cms/product/97f9eb63-a0ea-466d-bace-784ea4c43fe9.jpg?ts=1744719578,1,0
blinkit,Vegetables,34288,3898,3898,Lady Finger (Bendekayi),,19,14,250 g,True,50,50,Fresh Vegetables,Lady Finger,https://cdn.grofers.com/app/assets/products/sliding_images/jpeg/1d455f4c-48df-4228-8fdb-51129f10491d.jpg?ts=1711016007;https://cdn.grofers.com/app/assets/products/sliding_images/jpeg/fcfe265a-4c50-4494-845d-819619e3101e.jpg?ts=1711016007;https://cdn.grofers.com/app/assets/products/sliding_images/jpeg/98e6da32-223b-4bb8-b550-fd6e8ebc1b3d.jpg?ts=1711016007;https://cdn.grofers.com/app/assets/products/sliding_images/jpeg/731a4545-f6f4-4296-ad80-63f9757f297a.jpg,2,0
blinkit,Vegetables,34288,37743,37743,Desi Tomato 500 g (Naati Tomaato),,20,16,500 g,True,50,50,Fresh Vegetables,Tomato,https://cdn.grofers.com/da/cms-assets/cms/product/667ea47a-84c8-4a73-86fc-a0c8c8281170.jpg?ts=1748187119;https://cdn.grofers.com/da/cms-assets/cms/product/a9e0176f-04a1-44f2-b814-552e176edae9.jpg?ts=1748187120;https://cdn.grofers.com/da/cms-assets/cms/product/6ef75cc4-15ce-4b5d-9e5e-d51ff0349ae9.jpg?ts=1748187120;https://cdn.grofers.com/da/cms-assets/cms/product/8e0469aa-6e40-4c7f-879e-f3052ec06773.jpg,3,0
blinkit,Vegetables,34288,421741,421741,Varikatri Brinjal (Badanekayi),,19,15,250 g,True,18,18,Fresh Vegetables,Brinjal,https://cdn.grofers.com/app/assets/products/sliding_images/jpeg/54081dc4-99f4-4201-8eb6-e36c05f9ad99.jpg?ts=1710840665;https://cdn.grofers.com/app/assets/products/sliding_images/jpeg/825e208d-fb4b-46ea-97ac-b57ac899a951.jpg?ts=1714039581,4,0
blinkit,Vegetables,34288,565123,565123,Yu 100% Natural Coconut Water,Yu,60,47,200 ml,True,1,1,Coconut Water,Coconut Water,https://cdn.grofers.com/da/cms-assets/cms/product/c8de8ce5-41d1-4786-9cc3-5fcb7e81b1f1.jpg?ts=1746100542;https://cdn.grofers.com/da/cms-assets/cms/product/996a5171-a787-44d8-9761-2863716e8334.jpg?ts=1746100542;https://cdn.grofers.com/da/cms-assets/cms/product/4039daa0-68ce-472a-8bee-1bae7633e506.jpg?ts=1746100543;https://cdn.grofers.com/da/cms-assets/cms/product/adfb0a35-2ccb-47e2-a2fe-4495ccd4927f.jpg?ts=1746100543;https://cdn.grofers.com/da/cms-assets/cms/product/2c0ae66e-af1f-40e9-b47f-0b83a52de584.jpg?ts=1746100544;https://cdn.grofers.com/da/cms-assets/cms/product/95ba7a94-51ad-4407-8089-af49d373fe52.jpg?ts=1746100544;https://cdn.grofers.com/da/cms-assets/cms/product/70bc1d80-345a-41ef-b8f1-ca62f643b5f9.jpg?ts=1746100545;https://cdn.grofers.com/da/cms-assets/cms/product/c4d8e64a-b302-4b07-8136-7646583ad0ca.jpg?ts=1746100545;https://cdn.grofers.com/da/cms-assets/cms/product/fa04524d-7fc6-4752-b42a-ec39451debfc.jpg?ts=1746100546;https://cdn.grofers.com/da/cms-assets/cms/product/53cf4cc0-1fa4-4bf5-8319-af5ab785c185.jpg?ts=1746100546;https://cdn.grofers.com/da/cms-assets/cms/product/74714324-41e5-4346-9a74-f8773a8fe92e.jpg;https://cdn.grofers.com/da/cms-assets/cms/product/215d50e8-150a-4bfc-a811-f756bef4de9d.jpg,5,4.290000
blinkit,Vegetables,34288,565122,565122,Yu 100% Natural Coconut Water,Yu,360,180,6 x 200 ml,True,5,5,Coconut Water,Coconut Water,https://cdn.grofers.com/da/cms-assets/cms/product/318bc5dc-a17a-4233-a528-3ff9948489b1.jpg?ts=1746519691;https://cdn.grofers.com/da/cms-assets/cms/product/e9344803-054f-438b-a51a-4e9d94ec0fab.jpg?ts=1746100528;https://cdn.grofers.com/da/cms-assets/cms/product/93ad0066-57c3-4f8e-8090-c58996561f1f.jpg?ts=1746100529;https://cdn.grofers.com/da/cms-assets/cms/product/6e3b5cf8-aef8-456f-bd3d-ca232764f2da.jpg?ts=1746100529;https://cdn.grofers.com/da/cms-assets/cms/product/26ea01d4-7d30-426e-87c3-22dae750c6df.jpg?ts=1746100530;https://cdn.grofers.com/da/cms-assets/cms/product/aa93395d-3b28-4f77-be0f-4976ac055248.jpg?ts=1746100530;https://cdn.grofers.com/da/cms-assets/cms/product/c732048d-8131-4d73-b08a-fe4dcaaf3bbd.jpg?ts=1746100531;https://cdn.grofers.com/da/cms-assets/cms/product/aac1ca9c-66ed-4f4e-95e6-a07a243313a2.jpg?ts=1746100531;https://cdn.grofers.com/da/cms-assets/cms/product/10f36153-b462-405b-8b5e-fbd256f61df5.jpg?ts=1746100532;https://cdn.grofers.com/da/cms-assets/cms/product/9d8202bf-c34a-4c75-b9bc-29c03e0e9398.jpg?ts=1746100532;https://cdn.grofers.com/da/cms-assets/cms/product/d7a3560e-252b-45c6-a8ea-114c07448bd1.jpg;https://cdn.grofers.com/da/cms-assets/cms/product/5b135930-09ec-4990-8ca9-b8cc42c71de0.jpg,5,4.465000
blinkit,Vegetables,34288,438113,438113,Cauliflower (Hoo Kosu),,36,26,1 piece (300-500 g),True,50,50,Fresh Vegetables,Cauliflower,https://cdn.grofers.com/da/cms-assets/cms/product/c2b29fc5-ea91-406f-b97e-4c430504e19f.jpg?ts=1750140111;https://cdn.grofers.com/da/cms-assets/cms/product/1d3b3354-e24f-4032-b594-631faa0b00a3.jpg?ts=1750140111;https://cdn.grofers.com/da/cms-assets/cms/product/7b2f2fb2-e927-4c93-b634-5592affe05f7.jpg?ts=1750140112;https://cdn.grofers.com/app/assets/products/sliding_images/jpeg/ec131822-a14d-44fd-89b1-377133dfd02d.jpg?ts=1713868644,6,0
blinkit,Vegetables,34288,568797,568797,Fresh Thyme,,18,14,10 g,True,2,2,Exotics,Thyme,https://cdn.grofers.com/app/assets/products/sliding_images/jpeg/2c6dd14c-43b9-4801-af30-6bb4088fc33c.jpg?ts=1726052102;https://cdn.grofers.com/app/assets/products/sliding_images/jpeg/ad1a68f6-78e8-4539-af79-bc4b89d4c539.jpg?ts=1726052103,7,0
blinkit,Vegetables,34288,3881,3881,Hybrid Tomato 500 g,,21,16,500 g,True,50,50,Fresh Vegetables,Tomato,https://cdn.grofers.com/da/cms-assets/cms/product/4cd11feb-f6df-4830-9fa1-a5f39f08fc3f.jpg?ts=1748161073;https://cdn.grofers.com/da/cms-assets/cms/product/47cf3540-65a7-4500-a54e-7a6a183f2a75.jpg?ts=1748161074;https://cdn.grofers.com/da/cms-assets/cms/product/19fae49e-2d12-4e23-abde-e60f08182ad0.jpg?ts=1748161074;https://cdn.grofers.com/da/cms-assets/cms/product/ba669458-bf4e-4427-b2c3-7467d8c5e649.jpg,8,0
blinkit,Vegetables,34288,449124,449124,ITC Master Chef Farmland Frozen Green Peas,ITC Master Chef,320,149,1 kg,True,7,7,Frozen Peas & Corn,Frozen Green Peas,https://cdn.grofers.com/app/assets/products/sliding_images/jpeg/4c81c1f4-434e-4a9c-b11b-161a0ae44adb.jpg?ts=1723098574;https://cdn.grofers.com/app/images/products/sliding_image/449124b.jpg?ts=1676009530;https://cdn.grofers.com/app/images/products/sliding_image/449124c.jpg?ts=1676009530;https://cdn.grofers.com/app/images/products/sliding_image/449124d.jpg?ts=1676009530;https://cdn.grofers.com/app/images/products/sliding_image/449124e.jpg?ts=1676009530;https://cdn.grofers.com/app/images/products/sliding_image/449124f.jpg?ts=1676009530;https://cdn.grofers.com/app/images/products/sliding_image/449124g.jpg?ts=1676009530;https://cdn.grofers.com/app/images/products/sliding_image/449124h.jpg?ts=1676009530;https://cdn.grofers.com/app/images/products/sliding_image/449124i.jpg,9,4.569000
blinkit,Vegetables,34288,421706,421706,Coccinea (Thondekaayi),,34,27,250 g,True,23,23,Fresh Vegetables,Coccinea,https://cdn.grofers.com/app/images/products/sliding_image/421706a.jpg?ts=1690817507;https://cdn.grofers.com/app/images/products/sliding_image/421706b.jpg?ts=1690817507,10,0
blinkit,Vegetables,34288,327916,327916,Orange Carrot,,46,35,500 g,True,50,50,Fresh Vegetables,Carrot,https://cdn.grofers.com/app/images/products/sliding_image/327916a.jpg?ts=1690813169;https://cdn.grofers.com/app/images/products/sliding_image/327916b.jpg?ts=1690813169,11,0
blinkit,Vegetables,34288,530158,530158,Onion (Eerulli),,35,27,(0.95-1.05) kg,True,50,50,Fresh Vegetables,Onion,https://cdn.grofers.com/app/assets/products/sliding_images/jpeg/a1ba074a-c085-4dd1-b4a4-2f247d6f211d.jpg?ts=1711010249;https://cdn.grofers.com/app/assets/products/sliding_images/jpeg/3e73bfa7-1dfc-4a53-983c-59a95366b8dc.jpg?ts=1711010249;https://cdn.grofers.com/app/assets/products/sliding_images/jpeg/d104419e-e128-405a-ae42-13794e50858d.jpg?ts=1711010249;https://cdn.grofers.com/app/assets/products/sliding_images/jpeg/40c2925c-9832-49ae-b2d8-08481466e448.jpg,12,0
blinkit,Vegetables,34288,532987,532987,Onion - Pack of 2 (Eerulli),,70,54,2 x (0.95-1.05) kg,True,50,50,Fresh Vegetables,Onion,https://cdn.grofers.com/app/assets/products/sliding_images/jpeg/a4683389-4d48-4cb9-8c96-2175cad90111.jpg?ts=1710495574;https://cdn.grofers.com/app/assets/products/sliding_images/jpeg/6a91b796-be03-448d-80ab-ef08f28bebbe.jpg?ts=1710495574;https://cdn.grofers.com/app/assets/products/sliding_images/jpeg/2dfc8f9d-363f-475c-9999-e9c9c0c8ff3b.jpg?ts=1710495574;https://cdn.grofers.com/da/cms-assets/cms/product/d9780bd2-85bc-415d-b037-c7e8118cbd26.jpg?ts=1741278776,12,0
blinkit,Vegetables,34288,10088,10088,Green Cucumber (Southekayi),,21,15,(500-700) g,True,50,50,Fresh Vegetables,Cucumber,https://cdn.grofers.com/da/cms-assets/cms/product/e29ff4ab-7a96-4b90-b251-0489fa0416a2.png;https://cdn.grofers.com/da/cms-assets/cms/product/ed8ea455-3f4c-48f7-bd52-dde21ddcd32b.png;https://cdn.grofers.com/da/cms-assets/cms/product/cea59d69-bb21-4318-9eb3-703c6a14c757.png;https://cdn.grofers.com/da/cms-assets/cms/product/6334bed8-fd00-4a86-838a-1029af68d1d4.png;https://cdn.grofers.com/app/images/products/common/customer_care.jpg,13,0
blinkit,Vegetables,34288,339151,339151,Beetroot,,23,18,(250-350) g,True,39,39,Fresh Vegetables,Beetroot,https://cdn.grofers.com/da/cms-assets/cms/product/c407473e-e0fb-448c-8488-1eb576effae9.png;https://cdn.grofers.com/da/cms-assets/cms/product/0ef0472a-3464-433c-a78c-cb0db9308f6b.png;https://cdn.grofers.com/da/cms-assets/cms/product/d23b9cee-7ba6-4758-b193-3a019d962a3d.png;https://cdn.grofers.com/da/cms-assets/cms/product/c0ce6b62-3720-4d44-8b9e-d0ea5a0f5469.png;https://cdn.grofers.com/app/images/products/common/customer_care.jpg,14,0
blinkit,Vegetables,34288,607308,607308,Coriander Bunch - Pack of 2 (Kottambari Soppu),,22,17,2 x 100 g,True,50,50,Leafies & Herbs,Coriander,https://cdn.grofers.com/da/cms-assets/cms/product/3d39450c-fe9e-4fb1-8d79-aadb3284a641.png;https://cdn.grofers.com/da/cms-assets/cms/product/47e67f87-7294-4929-a557-7074fb64c7db.jpg;https://cdn.grofers.com/da/cms-assets/cms/product/81cab939-2b1d-4e98-8041-f51ebebd8f60.png;https://cdn.grofers.com/da/cms-assets/cms/product/fe2ee6ff-7bbd-464f-b9ab-0d0d3bcc3915.jpg;https://cdn.grofers.com/app/images/products/common/customer_care.jpg,15,0
blinkit,Vegetables,34288,3889,3889,Coriander Bunch (Kottambari Soppu),,11,9,100 g,True,50,50,Leafies & Herbs,Coriander,https://cdn.grofers.com/da/cms-assets/cms/product/1d1beb79-3747-411f-b199-eaf7f9ad8a4f.png;https://cdn.grofers.com/da/cms-assets/cms/product/8f5e3271-f021-4f27-bc81-7deea6b59f31.png;https://cdn.grofers.com/da/cms-assets/cms/product/87b0ee27-668e-46ad-a1ec-36b2d19273ba.png;https://cdn.grofers.com/app/images/products/common/customer_care.jpg,15,0
blinkit,Vegetables,34288,229627,229627,Lemon (Nimbe),,37,28,(220-250) g,True,50,50,Fresh Vegetables,Lemon,https://cdn.grofers.com/da/cms-assets/cms/product/2d79def7-60ff-4d91-a80d-c99112fd2639.png;https://cdn.grofers.com/da/cms-assets/cms/product/c8cfd580-55de-443d-9e50-cd4b7d1fdbf8.png;https://cdn.grofers.com/da/cms-assets/cms/product/56c432f8-3daf-43a9-b2b6-030ec58bb3a3.png;https://cdn.grofers.com/da/cms-assets/cms/product/cf83e8ec-d500-455e-95b8-e6c67d1f1e53.png;https://cdn.grofers.com/app/images/products/common/customer_care.jpg,16,0
blinkit,Vegetables,34288,423735,423735,Green Chilli 100 g (Menasinakayi),,12,9,100 g,True,50,50,Fresh Vegetables,Chilli,https://cdn.grofers.com/da/cms-assets/cms/product/9b4cd95e-3f9e-4305-92a0-16d9875c6b4d.png;https://cdn.grofers.com/da/cms-assets/cms/product/0584bccf-ea79-4b35-a06e-cc9bebfdfd0e.png;https://cdn.grofers.com/da/cms-assets/cms/product/45320d99-7004-44ae-88cb-68655a89206c.png;https://cdn.grofers.com/da/cms-assets/cms/product/aa6d3d2c-2e95-4e7e-91e2-00f3c9922e86.png;https://cdn.grofers.com/app/images/products/common/customer_care.jpg,17,0
blinkit,Vegetables,34288,607309,607309,Green Chilli 100 g - Pack of 2 (Menasinakayi),,24,17,2 x 100 g,True,50,50,Fresh Vegetables,Chilli,https://cdn.grofers.com/da/cms-assets/cms/product/e9e776d6-dbd2-4b3d-9558-769811842583.png;https://cdn.grofers.com/da/cms-assets/cms/product/d5ca698a-097b-4e3b-8cb6-f377b82b18cf.jpg;https://cdn.grofers.com/da/cms-assets/cms/product/8c36b928-b669-4e48-b245-f6bbbd429861.png;https://cdn.grofers.com/da/cms-assets/cms/product/a87bd8a8-8594-4eeb-9b35-908c489c2782.jpg;https://cdn.grofers.com/app/images/products/common/customer_care.jpg,17,0
blinkit,Vegetables,34288,365421,365421,Coriander (Without Roots) (Kottambari Soppu),,89,12,100 g,True,50,50,Leafies & Herbs,Coriander,https://cdn.grofers.com/da/cms-assets/cms/product/d1a28a56-0f92-4794-98c6-685e3a2a0185.png;https://cdn.grofers.com/da/cms-assets/cms/product/01a36c1c-626d-457e-88e1-f47c24bdf17f.png;https://cdn.grofers.com/da/cms-assets/cms/product/08127336-ac07-4c07-be27-50c1f5d9e99a.png;https://cdn.grofers.com/app/images/products/common/customer_care.jpg,18,0
blinkit,Vegetables,34288,184269,184269,Jamun,,60,47,(250-280) g,True,50,50,Fresh Fruits,Jamun,https://cdn.grofers.com/da/cms-assets/cms/product/a502d084-9722-497a-82f9-4996e19eab67.png;https://cdn.grofers.com/da/cms-assets/cms/product/d7df98e5-b601-4791-9e2a-acc2b72676f0.png;https://cdn.grofers.com/da/cms-assets/cms/product/ecc1b60c-7050-4fc4-a379-ef74d0c32db6.png;https://cdn.grofers.com/da/cms-assets/cms/product/60fc6bfa-ba7e-4e19-b225-3896ae515267.png;https://cdn.grofers.com/app/images/products/common/customer_care.jpg,19,0
blinkit,Vegetables,34288,242284,242284,Ooty Carrot,,29,22,250 g,True,44,44,Fresh Vegetables,Carrot,https://cdn.grofers.com/da/cms-assets/cms/product/639a8d50-6295-4dab-ba2b-db90d6f2be2a.png;https://cdn.grofers.com/da/cms-assets/cms/product/359dc1a7-0cf3-4b2a-b9d5-cf82dd0ba680.png;https://cdn.grofers.com/app/images/products/common/customer_care.jpg,20,0
blinkit,Vegetables,34288,355004,355004,Garlic (Bellulli),,26,21,100 g,True,50,50,Fresh Vegetables,Garlic,https://cdn.grofers.com/da/cms-assets/cms/product/f8fbe189-dd5b-42df-96fe-bee031501f90.png;https://cdn.grofers.com/da/cms-assets/cms/product/cdeefb0c-a6c3-4c13-94c3-6be4bebf4c42.png;https://cdn.grofers.com/da/cms-assets/cms/product/8f7ec9bc-8973-4b94-83df-7022771ea537.png;https://cdn.grofers.com/da/cms-assets/cms/product/99bb569c-58bf-406f-b030-7f9161b22231.png;https://cdn.grofers.com/app/images/products/common/customer_care.jpg,21,0
blinkit,Vegetables,34288,95032,95032,Ginger (Shunti),,20,16,200 g,True,38,38,Fresh Vegetables,Ginger,https://cdn.grofers.com/da/cms-assets/cms/product/e7c9461c-4a81-46cc-8215-5f9155026a6e.png;https://cdn.grofers.com/da/cms-assets/cms/product/ff1baf59-9c58-40a9-92a1-6063eae3027b.png;https://cdn.grofers.com/da/cms-assets/cms/product/35d21e9b-f60e-45c9-a84e-43b1859bcb3f.png;https://cdn.grofers.com/da/cms-assets/cms/product/6400da7b-7d67-48c4-a641-196b1953d974.png;https://cdn.grofers.com/app/images/products/common/customer_care.jpg,22,0
blinkit,Vegetables,34288,23343,23343,English Cucumber (Southekayi),,34,25,(500-600) g,True,48,48,Fresh Vegetables,Cucumber,https://cdn.grofers.com/da/cms-assets/cms/product/60c2cecc-5df5-48f4-8a55-194914079d59.png;https://cdn.grofers.com/da/cms-assets/cms/product/21ba8253-76bb-41ae-ba9d-d02e2df111bb.png;https://cdn.grofers.com/da/cms-assets/cms/product/74855d88-fd28-494b-a19c-0f00bc1f58ea.png;https://cdn.grofers.com/da/cms-assets/cms/product/2df3d6f2-12f4-4f0c-b0b9-62fd14eb9d87.png;https://cdn.grofers.com/app/images/products/common/customer_care.jpg,23,0
blinkit,Vegetables,34288,253317,253317,Button Mushroom (Anabe),,66,49,(180-200) g,True,50,50,Fresh Vegetables,Mushroom,https://cdn.grofers.com/da/cms-assets/cms/product/9bc0b3fd-3aac-4f5f-a8f7-0c0b63cef1bb.png;https://cdn.grofers.com/da/cms-assets/cms/product/84fb0205-08e5-468b-b6fc-6a013248f37d.png;https://cdn.grofers.com/da/cms-assets/cms/product/127447df-9ff2-470b-b01d-65bf91ddb513.png;https://cdn.grofers.com/da/cms-assets/cms/product/08cb1742-3f9c-43db-9989-0989c6bb0cf1.png;https://cdn.grofers.com/da/cms-assets/cms/product/4ceffaa6-84b8-4fe4-9b13-0e6160661dd8.png;https://cdn.grofers.com/app/images/products/common/customer_care.jpg,24,0
blinkit,Vegetables,34288,22982,22982,Haricot Beans (Hurulikayi),,38,28,250 g,True,36,36,Fresh Vegetables,Beans,https://cdn.grofers.com/app/assets/products/sliding_images/jpeg/57535480-3faa-4725-9621-63555cd9035b.jpg?ts=1707557500;https://cdn.grofers.com/app/images/products/sliding_image/22982b.jpg?ts=1690813550,25,0
blinkit,Vegetables,34288,217614,217614,Bottle Gourd (Sore Kayi),,40,29,1 piece (400-600 g),True,38,38,Fresh Vegetables,Bottle Gourd,https://cdn.grofers.com/da/cms-assets/cms/product/ed7caf57-c3cd-4268-b5f8-753a744233e4.jpg?ts=1745410335;https://cdn.grofers.com/da/cms-assets/cms/product/b14a8373-d01b-455b-a1de-d63a6b5d9d85.jpg?ts=1745410335;https://cdn.grofers.com/da/cms-assets/cms/product/4f7457d9-b290-4bcc-87d5-4c530772069c.jpg?ts=1745410336;https://cdn.grofers.com/da/cms-assets/cms/product/d64d2112-ab0c-4e59-a177-3fb2a47c94ab.jpg?ts=1745410336;https://cdn.grofers.com/da/cms-assets/cms/product/2f2cbdde-db6f-483b-bc10-91768d25c109.jpg?ts=1745410337,26,0
blinkit,Vegetables,34288,23376,23376,Drumstick (Nuggekaayi),,27,20,2 pieces,True,38,38,Fresh Vegetables,Drumstick,https://cdn.grofers.com/app/assets/products/sliding_images/jpeg/39f745ca-3bb3-49fe-8bd4-2b3fd65a1a31.jpg?ts=1707557501;https://cdn.grofers.com/app/images/products/sliding_image/23376b.jpg?ts=1691671086,27,0
blinkit,Vegetables,34288,425780,425780,Pointed Gourd (250 g) (Thondekaayi),,55,40,250 g,True,28,28,Fresh Vegetables,Pointed Gourd,https://cdn.grofers.com/app/assets/products/sliding_images/jpeg/a920aeec-b81e-48b2-b456-47f2c899eada.jpg?ts=1714120677;https://cdn.grofers.com/app/assets/products/sliding_images/jpeg/63cc79df-8948-4aaa-b61d-f0833c2a126d.jpg?ts=1714120678;https://cdn.grofers.com/app/assets/products/sliding_images/jpeg/3cad0f6c-1cd0-4649-a666-750d8b69b4e6.jpg;https://cdn.grofers.com/app/assets/products/sliding_images/jpeg/37d19bb9-f4cd-40f4-8955-7554e117f513.jpg,28,0
blinkit,Vegetables,34288,217595,217595,Green Capsicum 500 g (Dappa Menasinakayi),,38,30,500 g,True,27,27,Fresh Vegetables,Capsicum,https://cdn.grofers.com/app/assets/products/sliding_images/jpeg/55a3d8d4-4234-4ff5-a7cd-25df6e2dccde.jpg?ts=1711024454;https://cdn.grofers.com/app/assets/products/sliding_images/jpeg/2d046cb3-edeb-4b1e-b73b-72b6be896a4f.jpg?ts=1711024454;https://cdn.grofers.com/app/assets/products/sliding_images/jpeg/e1412336-3663-49d0-a06a-31421bc49caa.jpg?ts=1711024454;https://cdn.grofers.com/app/assets/products/sliding_images/jpeg/30b1836c-6fe0-46e0-81ac-d7baa7710608.jpg,29,0
blinkit,Vegetables,34288,14784,14784,Green Pumpkin (Kumbalakayi),,39,31,1 piece (400-600 g),True,11,11,Fresh Vegetables,Pumpkin,https://cdn.grofers.com/app/assets/products/sliding_images/jpeg/f3e6a9cd-0799-43a7-bfe9-051b3dec5848.jpg?ts=1711961201;https://cdn.grofers.com/app/assets/products/sliding_images/jpeg/18a2a0e8-b045-4c97-9c64-8932b10f8b19.jpg?ts=1711961201,30,0
blinkit,Vegetables,34288,602584,602584,Organically Grown Ginger - 100 g (Shunti),Green Earth,23,18,100 g,True,29,29,Certified Organic,Ginger,https://cdn.grofers.com/da/cms-assets/cms/product/8393ee7e-808b-40dc-bd75-b656241105ed.jpg?ts=1750933767;https://cdn.grofers.com/da/cms-assets/cms/product/717d6b2b-6f65-4151-8545-e64884477129.jpg?ts=1750933767;https://cdn.grofers.com/da/cms-assets/cms/product/21bae393-77ed-4007-b1cc-46641069622b.jpg?ts=1750933767,31,0
blinkit,Vegetables,34288,365431,365431,Mint Leaves (Without Roots) (Pudina Soppu),,89,15,100 g,True,7,7,Leafies & Herbs,Mint Leaves,https://cdn.grofers.com/app/assets/products/sliding_images/jpeg/b2a44efa-f3e4-4db8-8b1a-a1e10c9da956.jpg?ts=1711473368;https://cdn.grofers.com/app/assets/products/sliding_images/jpeg/f0538322-4e64-483b-9845-fcbcf54df43c.jpg?ts=1711473368;https://cdn.grofers.com/app/assets/products/sliding_images/jpeg/e61b44f6-9035-4078-8978-bb905fcc8263.jpg?ts=1711473368;https://cdn.grofers.com/app/assets/products/sliding_images/jpeg/3463d04d-2136-4d3b-bbd3-e5597a650d00.jpg,32,0
blinkit,Vegetables,34288,339152,339152,Cabbage (Yele Kosu),,29,21,1 piece (400-600 g),True,32,32,Fresh Vegetables,Cabbage,https://cdn.grofers.com/app/assets/products/sliding_images/jpeg/9a806b4f-1793-465f-a3ae-b3b221acbfb9.jpg?ts=1711016570;https://cdn.grofers.com/app/assets/products/sliding_images/jpeg/f6289139-b590-40a2-b294-34ae1eca2e77.jpg?ts=1711016570;https://cdn.grofers.com/app/assets/products/sliding_images/jpeg/9e61ed60-d76c-4ff3-a922-b5ddbdd7ad43.jpg?ts=1711016570;https://cdn.grofers.com/app/assets/products/sliding_images/jpeg/23c9fbf0-2e44-43ba-8ae4-e0db65d007d9.jpg,33,0
blinkit,Vegetables,34288,312160,312160,Spinach (without roots) (Basale Soppu / Palak Soppu),,32,25,200 g,True,26,26,Leafies & Herbs,Spinach,https://cdn.grofers.com/da/cms-assets/cms/product/837f0b93-1b9d-4322-b7be-dbf3930c72f5.jpg?ts=1745410340;https://cdn.grofers.com/da/cms-assets/cms/product/7d3077f6-3b4b-483e-9c40-3eb5cb1de271.jpg?ts=1745410341;https://cdn.grofers.com/da/cms-assets/cms/product/742a3a48-9d3b-4d4d-9de1-b3cc092a37d7.jpg?ts=1745410342;https://cdn.grofers.com/da/cms-assets/cms/product/f969d32b-ca95-4966-81b7-3624a22096a6.jpg?ts=1745410342;https://cdn.grofers.com/da/cms-assets/cms/product/05dd3df9-e5f6-4a20-aa57-f1f164daad1e.jpg?ts=1745410343,34,0
blinkit,Vegetables,34288,271992,271992,Broccoli (Kosugadde),,104,79,1 piece (200-300 g),True,23,23,Exotics,Broccoli,https://cdn.grofers.com/da/cms-assets/cms/product/df72484d-9e10-4db0-b4d9-8fa55049aeac.jpg?ts=1750059773;https://cdn.grofers.com/da/cms-assets/cms/product/0adb9c60-0f21-49bf-b410-ac66492ba0f5.jpg?ts=1750059773,35,0
blinkit,Vegetables,34288,332744,332744,Spinach (Basale Soppu / Palak Soppu),,24,18,200 g,True,24,24,Leafies & Herbs,Spinach,https://cdn.grofers.com/da/cms-assets/cms/product/205bdf41-3adb-4dbe-80d9-cd5a20a72390.jpg?ts=1745410346;https://cdn.grofers.com/da/cms-assets/cms/product/ee6c9c5a-2c2e-4902-a9fa-fe9051f42808.jpg?ts=1745410347;https://cdn.grofers.com/da/cms-assets/cms/product/eec36d73-da5f-4358-a8b1-63a183cf1a98.jpg?ts=1745410347;https://cdn.grofers.com/da/cms-assets/cms/product/7e3ca75a-0b9a-4a5e-bb15-825254b90943.jpg?ts=1745410348,36,0
blinkit,Vegetables,34288,3952,3952,Sweet Potato (450-600) g (Hasi Genasu),,29,23,(450-600) g,True,10,10,Fresh Vegetables,Sweet Potato,https://cdn.grofers.com/da/cms-assets/cms/product/ace455d8-8133-4a03-9d7b-d65795b005ed.png;https://cdn.grofers.com/da/cms-assets/cms/product/4a0f4f48-1745-44e2-932e-ac88919eaeeb.png;https://cdn.grofers.com/da/cms-assets/cms/product/4c190339-82ca-4c28-92ea-e7f64048d839.png;https://cdn.grofers.com/da/cms-assets/cms/product/16f617ee-e017-464c-a2fc-1dfd009afe67.png;https://cdn.grofers.com/da/cms-assets/cms/product/55e31230-7f54-4a70-89bd-d93f374477ab.png;https://cdn.grofers.com/da/cms-assets/cms/product/4bd274f5-68ea-4980-aad4-8beaba31ee75.png;https://cdn.grofers.com/app/images/products/common/customer_care.jpg,37,0
blinkit,Vegetables,34288,369013,369013,Ridge Gourd (Heerekayi),,40,30,(500-600) g,True,45,45,Fresh Vegetables,Ridge Gourd,https://cdn.grofers.com/da/cms-assets/cms/product/cea04025-a0be-4600-91d4-7b643080f8ec.png;https://cdn.grofers.com/da/cms-assets/cms/product/c7208a5b-2d2e-4745-86b2-a9a30e84418b.png;https://cdn.grofers.com/da/cms-assets/cms/product/08afaf76-21e3-484e-abe1-8d6243f5846c.png;https://cdn.grofers.com/da/cms-assets/cms/product/627cd912-f63f-4cdb-852b-54d25dfc739e.png;https://cdn.grofers.com/app/images/products/common/customer_care.jpg,38,0
blinkit,Vegetables,34288,9098,9098,Brinjal Bharta (Badanekayi),,51,39,(500-700) g,True,14,14,Fresh Vegetables,Brinjal,https://cdn.grofers.com/da/cms-assets/cms/product/49ac30ac-04bd-4e2e-b4bd-84f3594fe2ed.png;https://cdn.grofers.com/da/cms-assets/cms/product/f9d141bf-0683-4cd6-b576-91ce4bb86ea0.png;https://cdn.grofers.com/da/cms-assets/cms/product/2b24d772-09de-4753-b16c-f6b26b7b74d0.png;https://cdn.grofers.com/da/cms-assets/cms/product/3f066e6a-0ca9-4342-8dc9-43af1ed95bac.png;https://cdn.grofers.com/app/images/products/common/customer_care.jpg,39,0
blinkit,Vegetables,34288,602184,602184,Organically Grown Chilli - 100 g (Menasinakayi),Green Earth,29,22,100 g,True,28,28,Certified Organic,Chilli,https://cdn.grofers.com/da/cms-assets/cms/product/d4351c4f-038d-48fb-8f4c-47b1d2d5fd13.png;https://cdn.grofers.com/da/cms-assets/cms/product/87c7a1f7-adbf-479f-8fad-8f71063cf0f2.png;https://cdn.grofers.com/da/cms-assets/cms/product/2a279059-9728-49b4-ab7a-0b95ea8251fd.png;https://cdn.grofers.com/app/images/products/common/customer_care.jpg,40,0
blinkit,Vegetables,34288,421747,421747,Radish (Moolangi),,25,19,(500-600) g,True,11,11,Fresh Vegetables,Radish,https://cdn.grofers.com/da/cms-assets/cms/product/91c82f53-42d3-4d32-853b-9bd057aba60a.png;https://cdn.grofers.com/da/cms-assets/cms/product/f6b53d2c-0f32-42d2-ba8a-60ecdb4cd9d6.png;https://cdn.grofers.com/da/cms-assets/cms/product/269924f3-83d6-4cce-a4d5-eff40694cdd9.png;https://cdn.grofers.com/da/cms-assets/cms/product/13b80ecf-0b3c-4dc9-8148-70edaa857f71.png;https://cdn.grofers.com/da/cms-assets/cms/product/1a7867a7-157d-493f-a880-165d5453fbe2.png;https://cdn.grofers.com/app/images/products/common/customer_care.jpg,41,0
blinkit,Vegetables,34288,4916,4916,French Beans - 250 g (Hurulikayi),,31,23,250 g,True,26,26,Fresh Vegetables,Beans,https://cdn.grofers.com/da/cms-assets/cms/product/c145ef07-74ba-4d14-a6c9-d7e53d8fa785.png;https://cdn.grofers.com/da/cms-assets/cms/product/df63a638-180f-4111-a6cf-84437fbb91c7.png;https://cdn.grofers.com/da/cms-assets/cms/product/7b69aa79-81f1-483e-8b9f-bf3aadc17c25.png;https://cdn.grofers.com/da/cms-assets/cms/product/0ef9e4f9-cd9f-4f0c-90d8-d940bc3afd42.png;https://cdn.grofers.com/app/images/products/common/customer_care.jpg,42,0
blinkit,Vegetables,34288,162320,162320,Raw Banana (Baale Kayi),,63,46,3 pieces,True,20,20,Fresh Vegetables,Raw Banana,https://cdn.grofers.com/da/cms-assets/cms/product/a01fa4b1-0bfc-4e34-b1c8-ef2262d0bd8c.png;https://cdn.grofers.com/da/cms-assets/cms/product/ebad5a13-5dca-4b49-baa9-5c9f23dbc489.png;https://cdn.grofers.com/da/cms-assets/cms/product/800061b0-0617-4077-96a9-0709bbdba635.png;https://cdn.grofers.com/da/cms-assets/cms/product/ed8ddb38-2c38-485d-9450-25655421db5f.png;https://cdn.grofers.com/app/images/products/common/customer_care.jpg,43,0
blinkit,Vegetables,34288,10095,10095,Cowpea Beans (Alasande Kayi),,23,17,250 g,True,29,29,Fresh Vegetables,Beans,https://cdn.grofers.com/da/cms-assets/cms/product/a6e9854e-4946-4f5d-bcb8-7abfa99ed9a8.png;https://cdn.grofers.com/da/cms-assets/cms/product/5135abf4-7368-41a2-954c-e25e6ce00f1e.png;https://cdn.grofers.com/da/cms-assets/cms/product/89206079-c717-4144-9401-69acb565d527.png;https://cdn.grofers.com/da/cms-assets/cms/product/a004d4f1-ff2d-4181-bfca-ba157881d7e6.png;https://cdn.grofers.com/app/images/products/common/customer_care.jpg,44,0
blinkit,Vegetables,34288,145447,145447,Sambhar Onion (Eerulli),,34,27,250 g,True,26,26,Fresh Vegetables,Onion,https://cdn.grofers.com/da/cms-assets/cms/product/bdacadc8-49b9-4366-925f-283062112dd4.png;https://cdn.grofers.com/da/cms-assets/cms/product/9ecf0384-7f27-4d3d-90ac-7a61c4d46d0f.jpg;https://cdn.grofers.com/app/images/products/common/customer_care.jpg,45,0
blinkit,Vegetables,34288,428608,428608,Amla (Nelli Kai),,38,28,250 g,True,17,17,Fresh Vegetables,Amla,https://cdn.grofers.com/da/cms-assets/cms/product/d66b7dae-6479-4aa6-8861-d71fa380b39d.png;https://cdn.grofers.com/da/cms-assets/cms/product/dddabcd6-6c12-447c-aeef-df176a808f93.png;https://cdn.grofers.com/da/cms-assets/cms/product/96e8f415-b190-4438-9f80-f1ea82e87c1b.png;https://cdn.grofers.com/da/cms-assets/cms/product/23b7ffaa-cb68-4e9c-a086-ce6874659d55.png;https://cdn.grofers.com/app/images/products/common/customer_care.jpg,46,0
blinkit,Vegetables,34288,355012,355012,Spring Onion (Eerulli Soppu),,35,27,250 g,True,20,20,Leafies & Herbs,Spring Onion,https://cdn.grofers.com/da/cms-assets/cms/product/c9ef1b7c-07e1-4f26-b008-cfa01c3b97db.png;https://cdn.grofers.com/da/cms-assets/cms/product/c0df3670-bfc3-47a5-906f-d102827f6961.png;https://cdn.grofers.com/da/cms-assets/cms/product/ef7e882b-72ba-4cd2-873b-de280c8cbe76.png;https://cdn.grofers.com/da/cms-assets/cms/product/7c9cca19-49a4-4fc8-b58c-ebc1883b3ea6.png;https://cdn.grofers.com/app/images/products/common/customer_care.jpg,47,0
blinkit,Vegetables,34288,341330,341330,Totapuri Raw Mango (Mavina Kaayi),,21,16,(700-900) g,True,32,32,Fresh Fruits,Raw Mango,https://cdn.grofers.com/da/cms-assets/cms/product/64708e70-2144-47bc-bfd3-305c995eb0ff.png;https://cdn.grofers.com/da/cms-assets/cms/product/f6d67625-2607-4781-a4ec-8af9b457ad25.png;https://cdn.grofers.com/da/cms-assets/cms/product/39574ea0-1aa7-41d5-b0d2-fbc8ee6e0e8d.png;https://cdn.grofers.com/da/cms-assets/cms/product/9e52c343-8cac-4b48-b606-09a5fd3276c0.png;https://cdn.grofers.com/da/cms-assets/cms/product/944108cb-a695-4089-a617-1941d7362e6a.png;https://cdn.grofers.com/app/images/products/common/customer_care.jpg,48,0
blinkit,Vegetables,34288,445188,445188,Corn Cob (Jola),,30,24,1 piece,True,47,47,Fresh Vegetables,Corn,https://cdn.grofers.com/da/cms-assets/cms/product/13960315-9d25-4de8-b476-d5b736b72175.jpg?ts=1751283791;https://cdn.grofers.com/da/cms-assets/cms/product/d247e538-d37c-4186-bb8e-e5a3dfca3ece.jpg?ts=1751283791;https://cdn.grofers.com/da/cms-assets/cms/product/3d2a77dc-ed1d-4a11-aada-0522ad9f1901.jpg?ts=1751283791;https://cdn.grofers.com/da/cms-assets/cms/product/edf0d237-ba67-4cbf-989c-271f659059ad.jpg?ts=1751283791;https://cdn.grofers.com/da/cms-assets/cms/product/17d6d8da-3781-4ad1-b471-464f839073e5.jpg,49,0
blinkit,Vegetables,34288,3928,3928,Broad Beans 250 g (Avarekai),,25,20,250 g,True,10,10,Fresh Vegetables,Beans,https://cdn.grofers.com/app/assets/products/sliding_images/jpeg/4988a375-ccc1-41ca-98d1-effd698f8a76.jpg?ts=1708587809;https://cdn.grofers.com/da/cms-assets/cms/product/2b2d9dbe-b9e6-4b06-9d23-431b75466038.jpg?ts=1730913698;https://cdn.grofers.com/da/cms-assets/cms/product/f66f89de-c1c9-498b-9b53-14be3477d5e2.jpg?ts=1730913699,50,0
blinkit,Vegetables,34288,28390,28390,Safal Frozen Green Peas,Safal,135,135,500 g,True,16,16,Frozen Peas & Corn,Frozen Green Peas,https://cdn.grofers.com/app/assets/products/sliding_images/jpeg/78b2ad59-e240-4a53-8e9d-10d0fbebf575.jpg?ts=1723098387;https://cdn.grofers.com/app/images/products/sliding_image/28390b.jpg?ts=1690814036;https://cdn.grofers.com/app/images/products/sliding_image/28390c.jpg?ts=1690814036;https://cdn.grofers.com/app/images/products/sliding_image/28390d.jpg?ts=1690814036;https://cdn.grofers.com/app/images/products/sliding_image/28390e.jpg?ts=1690814036,51,4.653000
blinkit,Vegetables,34288,632536,632536,Organically Grown Green Capsicum - 250 g,Green Earth,62,47,250 g,True,8,8,Certified Organic,Capsicum,https://cdn.grofers.com/da/cms-assets/cms/product/dea6d48d-536f-43c8-b272-e55ed43791e5.jpg;https://cdn.grofers.com/da/cms-assets/cms/product/411bb114-202b-4179-862f-cc983becee95.jpg;https://cdn.grofers.com/da/cms-assets/cms/product/37be82ce-0f66-43d7-bfe6-19dcfc8675ad.jpg,52,0
blinkit,Vegetables,34288,446707,446707,Mint Leaves (Pudina Soppu),,15,12,100 g,True,11,11,Leafies & Herbs,Mint Leaves,https://cdn.grofers.com/app/assets/products/sliding_images/jpeg/8b529be1-a5e6-4134-a59f-e84e5b1fa456.jpg?ts=1712320351;https://cdn.grofers.com/app/assets/products/sliding_images/jpeg/15b1660e-17de-4d78-b75a-50ba2f83fdba.jpg?ts=1712320351;https://cdn.grofers.com/app/assets/products/sliding_images/jpeg/691bb7ae-07c0-4eaf-bec9-985c70ce8f14.jpg?ts=1712320351;https://cdn.grofers.com/app/assets/products/sliding_images/jpeg/bdb126ae-aa42-468b-977d-5f0aa3482921.jpg?ts=1712320351,53,0
blinkit,Vegetables,34288,508001,508001,Peeled Garlic (Bellulli),,150,50,100 g,True,22,22,Freshly Cut & Sprouts,Garlic,https://cdn.grofers.com/app/assets/products/sliding_images/jpeg/557e0dd1-5cc7-44cc-b89d-7bf646c3c9aa.jpg?ts=1712255454;https://cdn.grofers.com/app/assets/products/sliding_images/jpeg/8dd5c00b-f962-4d19-946a-e8b6f3f644a7.jpg?ts=1712255455;https://cdn.grofers.com/app/assets/products/sliding_images/jpeg/fdc71e1a-bde8-4340-b538-ac31db7585ce.jpg?ts=1712255457;https://cdn.grofers.com/app/assets/products/sliding_images/jpeg/7fa1c2d3-00d7-4949-893c-06f9b06f876a.jpg,54,0
blinkit,Vegetables,34288,39394,39394,Red Bell Pepper (Kempu Dappa Menasina Kaayi),,44,35,1 piece (125-175 g),True,9,9,Exotics,Bell Pepper,https://cdn.grofers.com/app/assets/products/sliding_images/jpeg/2cf767f3-867a-4330-a319-b9c6ebc81613.jpg?ts=1711472824;https://cdn.grofers.com/app/assets/products/sliding_images/jpeg/c6a26c6e-aa10-4032-8aaa-901e304b4c9f.jpg?ts=1711472824;https://cdn.grofers.com/app/assets/products/sliding_images/jpeg/0fb1fcaa-7147-4e69-9724-cc1a59601ced.jpg?ts=1711472824;https://cdn.grofers.com/app/assets/products/sliding_images/jpeg/ff2113a6-baf7-414a-8696-af721db56b7b.jpg;https://cdn.grofers.com/app/assets/products/sliding_images/jpeg/94e0e9bd-40d9-459f-8a6e-6f0dd62470fd.jpg,55,0
blinkit,Vegetables,34288,3916,3916,Fenugreek (Menthe Kalu),,31,25,250 g,True,15,15,Leafies & Herbs,Fenugreek,https://cdn.grofers.com/app/assets/products/sliding_images/jpeg/6efe6e43-354e-46c3-9fdf-c29a9898f652.jpg?ts=1711695628;https://cdn.grofers.com/app/assets/products/sliding_images/jpeg/67e5482f-e7b9-4079-959b-6d10cb8e9fa9.jpg?ts=1711695628,56,0
blinkit,Vegetables,34288,587638,587638,Fenugreek - Pack of 2 (Menthe Kalu),,62,49,2 x 250 g,True,7,7,Leafies & Herbs,Fenugreek,https://cdn.grofers.com/da/cms-assets/cms/product/67bd7ab0-4b20-43db-90e2-1556e31b9eec.jpg?ts=1732280186;https://cdn.grofers.com/app/assets/products/sliding_images/jpeg/a3f4087b-6ebe-4488-9b86-fd5880241604.jpg,56,0
blinkit,Vegetables,34288,4926,4926,Baby Potato (Baby Alugadde),,32,24,500 g,True,14,14,Fresh Vegetables,Potato,https://cdn.grofers.com/app/assets/products/sliding_images/jpeg/5ea2c639-9f8d-43dc-964a-6447b1d73320.jpg?ts=1711472718;https://cdn.grofers.com/app/assets/products/sliding_images/jpeg/e526e9fd-36bd-4a6c-ac78-9732ded7010c.jpg?ts=1711472718;https://cdn.grofers.com/app/assets/products/sliding_images/jpeg/5c739f13-ff99-46cf-ad93-dfb95e1cb0f9.jpg?ts=1711472718;https://cdn.grofers.com/app/assets/products/sliding_images/jpeg/3a6f2e76-af0f-4a7c-b77b-150cd489d645.jpg?ts=1711472719,57,0
blinkit,Vegetables,34288,3924,3924,Cluster Beans (Gorikayi),,21,16,250 g,True,6,6,Fresh Vegetables,Beans,https://cdn.grofers.com/app/assets/products/sliding_images/jpeg/946fe028-974b-4693-8ee3-5b2b4d19ea43.jpg?ts=1714120655;https://cdn.grofers.com/app/assets/products/sliding_images/jpeg/50694e62-27f2-42ed-9cb3-982e4112d5c6.jpg?ts=1714120655;https://cdn.grofers.com/app/assets/products/sliding_images/jpeg/f8cbf6cf-914d-4592-b365-be20e81f5feb.jpg;https://cdn.grofers.com/app/assets/products/sliding_images/jpeg/c707254b-9cfe-4365-b835-a6ceb30757b7.jpg,58,0
blinkit,Vegetables,34288,599240,599240,Organically Grown Lady Finger - 250 g (Bendekayi),UB Organic,46,35,250 g,True,33,33,Certified Organic,Lady Finger,https://cdn.grofers.com/da/cms-assets/cms/product/9e5aaa2d-a482-48f8-a972-79ce0b479f95.jpg?ts=1737027055;https://cdn.grofers.com/da/cms-assets/cms/product/81042210-abb4-41d6-9592-cbcfbbf5fe4b.jpg?ts=1737027055;https://cdn.grofers.com/da/cms-assets/cms/product/6679aafb-8198-42ec-a5ae-1e62b6cca903.jpg?ts=1737027055,59,0
blinkit,Vegetables,34288,327128,327128,Green Peas (Peeled) (Battani),,250,148,200 g,True,14,14,Freshly Cut & Sprouts,Green Peas,https://cdn.grofers.com/app/assets/products/sliding_images/jpeg/9193b229-3ca3-4cce-9156-920f3e9761a8.jpg?ts=1711017376;https://cdn.grofers.com/app/assets/products/sliding_images/jpeg/304002e9-c03a-4428-87bb-23c9ab662ea6.jpg?ts=1711017376;https://cdn.grofers.com/app/assets/products/sliding_images/jpeg/699e4c7f-1b4b-4e1f-a6bd-327aa5111156.jpg?ts=1711017376;https://cdn.grofers.com/app/assets/products/sliding_images/jpeg/5b665120-f9cc-4f15-97d7-ae1dfbbb72cf.jpg?ts=1711017376;https://cdn.grofers.com/app/assets/products/sliding_images/jpeg/3a872db5-b8e7-4d26-a567-b7ff024a1e85.jpg,60,0
