platform,search_query,store_id,product_id,variant_id,name,brand,mrp,price,quantity,in_stock,inventory,max_allowed_quantity,category,sub_category,images,organic_rank,rating
blinkit,Vegetables,36535,354997,354997,Potato (Alugadde),,39,30,(0.95-1.05) kg,True,10,10,Fresh Vegetables,Potato,https://cdn.grofers.com/da/cms-assets/cms/product/47aacb59-7ce0-438a-9c8d-208e6901fef4.png;https://cdn.grofers.com/da/cms-assets/cms/product/1f5a6652-25a7-4f56-b0be-e06acd9f2e2f.png;https://cdn.grofers.com/da/cms-assets/cms/product/e46eb1e7-1e0a-4740-b585-bacf3599f196.png;https://cdn.grofers.com/da/cms-assets/cms/product/b125015f-2f3b-47ab-9062-4b2fdc93d691.png;https://cdn.grofers.com/app/images/products/common/customer_care.jpg,1,0
blinkit,Vegetables,36535,3898,3898,Lady Finger (Bendekayi),,17,14,250 g,True,30,30,Fresh Vegetables,Lady Finger,https://cdn.grofers.com/da/cms-assets/cms/product/55b60fb8-ab99-491c-89df-08aa8959f060.png;https://cdn.grofers.com/da/cms-assets/cms/product/0f8d4183-15b8-4b78-9752-0dc4363ef749.png;https://cdn.grofers.com/da/cms-assets/cms/product/d2c5729e-5d37-4132-857b-9ce35b464dc1.png;https://cdn.grofers.com/da/cms-assets/cms/product/fa28da4f-e8f1-4622-a4b8-811189c80da0.png;https://cdn.grofers.com/app/images/products/common/customer_care.jpg,2,0
blinkit,Vegetables,36535,37743,37743,Desi Tomato 500 g (Naati Tomaato),,22,16,500 g,True,50,50,Fresh Vegetables,Tomato,https://cdn.grofers.com/da/cms-assets/cms/product/667ea47a-84c8-4a73-86fc-a0c8c8281170.png;https://cdn.grofers.com/da/cms-assets/cms/product/a9e0176f-04a1-44f2-b814-552e176edae9.png;https://cdn.grofers.com/da/cms-assets/cms/product/6ef75cc4-15ce-4b5d-9e5e-d51ff0349ae9.png;https://cdn.grofers.com/da/cms-assets/cms/product/8e0469aa-6e40-4c7f-879e-f3052ec06773.png;https://cdn.grofers.com/app/images/products/common/customer_care.jpg,3,0
blinkit,Vegetables,36535,632532,632532,Organically Grown Green Capsicum - 250 g,Healthy Buddha,66,51,250 g,True,1,1,Certified Organic,Capsicum,https://cdn.grofers.com/da/cms-assets/cms/product/9f293550-191e-4eb2-b107-a824de86d5a9.png;https://cdn.grofers.com/da/cms-assets/cms/product/ea4b51c1-c1e5-4929-a158-b2ab042769ac.png;https://cdn.grofers.com/da/cms-assets/cms/product/99901ec2-0cdb-4a11-b817-2f2fbe41bf15.png;https://cdn.grofers.com/app/images/products/common/customer_care.jpg,4,0
blinkit,Vegetables,36535,565122,565122,Yu 100% Natural Coconut Water,Yu,360,180,6 x 200 ml,True,6,6,Coconut Water,Coconut Water,https://cdn.grofers.com/da/cms-assets/cms/product/2ec38df6-909a-4bce-bf2a-e109c867e927.png;https://cdn.grofers.com/da/cms-assets/cms/product/bebca609-aafe-48e9-b96e-6ab23592776e.png;https://cdn.grofers.com/da/cms-assets/cms/product/a2cecceb-8e72-418a-9e63-e73d55b38c27.png;https://cdn.grofers.com/da/cms-assets/cms/product/127c06d3-9334-4cd8-b09b-b1f9fb036f59.png;https://cdn.grofers.com/da/cms-assets/cms/product/22997980-189b-4cab-82b6-179a49dd995a.png;https://cdn.grofers.com/da/cms-assets/cms/product/a011903c-cef6-4fec-b7df-123716a77260.png;https://cdn.grofers.com/da/cms-assets/cms/product/16d08378-0b65-442d-9f3c-399315af63a5.png;https://cdn.grofers.com/da/cms-assets/cms/product/b8988b39-523b-482e-b8e8-cd0f8c03f22d.png;https://cdn.grofers.com/da/cms-assets/cms/product/758f4fda-845c-4109-b68d-a7944dfa3022.png;https://cdn.grofers.com/da/cms-assets/cms/product/093da5d8-f8d4-46f3-98bb-9348c1d06fcc.png;https://cdn.grofers.com/da/cms-assets/cms/product/c8d461de-272f-4e63-9584-76db64457a40.png;https://cdn.grofers.com/da/cms-assets/cms/product/34515689-2e37-4763-b29e-57df93b1ced3.png;https://cdn.grofers.com/app/images/products/common/customer_care.jpg,5,4.465000
blinkit,Vegetables,36535,565123,565123,Yu 100% Natural Coconut Water,Yu,60,47,200 ml,True,3,3,Coconut Water,Coconut Water,https://cdn.grofers.com/da/cms-assets/cms/product/af0ae945-04ea-4be2-ae46-455559329852.png;https://cdn.grofers.com/da/cms-assets/cms/product/8f529f4a-f182-45cb-8821-7dc986b358f5.png;https://cdn.grofers.com/da/cms-assets/cms/product/a9ff7715-7621-4eca-be31-e02dd94f70ca.png;https://cdn.grofers.com/da/cms-assets/cms/product/f0818187-30f4-4db4-849e-35be7d703891.png;https://cdn.grofers.com/da/cms-assets/cms/product/91162fe7-773b-4393-91d0-36d5cac5e660.png;https://cdn.grofers.com/da/cms-assets/cms/product/107bf52c-2437-4cfa-86b9-95f5db941beb.png;https://cdn.grofers.com/da/cms-assets/cms/product/15ba14eb-dc25-47b6-a9c8-c30ceb6f013d.png;https://cdn.grofers.com/da/cms-assets/cms/product/a1df600f-714b-41d4-a2c1-569bf2206e5f.png;https://cdn.grofers.com/da/cms-assets/cms/product/d32ef1f8-8e4c-4ffc-a0c8-e0abbd1965e0.png;https://cdn.grofers.com/da/cms-assets/cms/product/5b14c0a6-0f6c-43fe-8fd7-4f16e2994789.png;https://cdn.grofers.com/da/cms-assets/cms/product/604ab573-9d0b-4998-9af6-9d0de0a4ca78.png;https://cdn.grofers.com/da/cms-assets/cms/product/c823b2fc-0c4a-45c1-82eb-0a5326d60b77.png;https://cdn.grofers.com/app/images/products/common/customer_care.jpg,5,4.290000
blinkit,Vegetables,36535,438113,438113,Cauliflower (Hoo Kosu),,36,26,1 piece (300-500 g),True,11,11,Fresh Vegetables,Cauliflower,https://cdn.grofers.com/da/cms-assets/cms/product/c2b29fc5-ea91-406f-b97e-4c430504e19f.png;https://cdn.grofers.com/da/cms-assets/cms/product/1d3b3354-e24f-4032-b594-631faa0b00a3.png;https://cdn.grofers.com/da/cms-assets/cms/product/7b2f2fb2-e927-4c93-b634-5592affe05f7.png;https://cdn.grofers.com/da/cms-assets/cms/product/fc65e212-78df-49f6-a4ec-3886423af1ca.png;https://cdn.grofers.com/app/images/products/common/customer_care.jpg,6,0
blinkit,Vegetables,36535,421741,421741,Varikatri Brinjal (Badanekayi),,19,15,250 g,True,15,15,Fresh Vegetables,Brinjal,https://cdn.grofers.com/da/cms-assets/cms/product/29cfa5b0-1cb5-4b3d-805e-fe413326aa27.png;https://cdn.grofers.com/da/cms-assets/cms/product/c339521f-0a8f-4086-8b65-c4778a415008.png;https://cdn.grofers.com/app/images/products/common/customer_care.jpg,7,0
blinkit,Vegetables,36535,3881,3881,Hybrid Tomato 500 g,,21,16,500 g,True,50,50,Fresh Vegetables,Tomato,https://cdn.grofers.com/da/cms-assets/cms/product/4cd11feb-f6df-4830-9fa1-a5f39f08fc3f.png;https://cdn.grofers.com/da/cms-assets/cms/product/47cf3540-65a7-4500-a54e-7a6a183f2a75.png;https://cdn.grofers.com/da/cms-assets/cms/product/19fae49e-2d12-4e23-abde-e60f08182ad0.png;https://cdn.grofers.com/da/cms-assets/cms/product/ba669458-bf4e-4427-b2c3-7467d8c5e649.png;https://cdn.grofers.com/app/images/products/common/customer_care.jpg,8,0
blinkit,Vegetables,36535,449124,449124,ITC Master Chef Farmland Frozen Green Peas,ITC Master Chef,320,151,1 kg,True,2,2,Frozen Peas & Corn,Frozen Green Peas,https://cdn.grofers.com/da/cms-assets/cms/product/ca606dd9-42ef-4717-860f-845fc89b8e8b.png;https://cdn.grofers.com/da/cms-assets/cms/product/8f28b8dd-e48a-42cf-b11c-42305a5dcaa8.png;https://cdn.grofers.com/da/cms-assets/cms/product/c05aa7aa-8de0-4c21-bb49-0a875c579f4b.png;https://cdn.grofers.com/da/cms-assets/cms/product/1e5fe448-a970-4304-9103-986e1231566a.png;https://cdn.grofers.com/da/cms-assets/cms/product/53fdd769-41bc-418f-a698-fa7a18ac64b5.png;https://cdn.grofers.com/da/cms-assets/cms/product/9a7d13e3-5e34-4017-ada5-2501516e5a7a.png;https://cdn.grofers.com/da/cms-assets/cms/product/a0895e79-4384-4bc5-bee0-05fc23eaad15.png;https://cdn.grofers.com/da/cms-assets/cms/product/85b2e070-5649-4f85-8ba8-4989785ecb70.png;https://cdn.grofers.com/da/cms-assets/cms/product/c30f2dbe-2cb4-42ac-a146-c1f722e87273.png;https://cdn.grofers.com/app/images/products/common/customer_care.jpg,9,4.569000
blinkit,Vegetables,36535,421706,421706,Coccinea (Thondekaayi),,34,27,250 g,True,4,4,Fresh Vegetables,Coccinea,https://cdn.grofers.com/da/cms-assets/cms/product/2347d68f-12ce-44af-bb0f-c4b81de589f4.png;https://cdn.grofers.com/da/cms-assets/cms/product/584fc195-ea94-4cb6-a20f-0626f692c9c6.jpg;https://cdn.grofers.com/app/images/products/common/customer_care.jpg,10,0
blinkit,Vegetables,36535,327916,327916,Orange Carrot,,49,35,500 g,True,34,34,Fresh Vegetables,Carrot,https://cdn.grofers.com/da/cms-assets/cms/product/3de12ff4-882f-40c0-98d8-ff082ecdcf58.png;https://cdn.grofers.com/da/cms-assets/cms/product/70b9642b-ddb9-424d-bf71-b63909f3bbb4.png;https://cdn.grofers.com/app/images/products/common/customer_care.jpg,11,0
blinkit,Vegetables,36535,530158,530158,Onion (Eerulli),,34,27,(0.95-1.05) kg,True,50,50,Fresh Vegetables,Onion,https://cdn.grofers.com/da/cms-assets/cms/product/f53c1ea1-cfa0-438b-a14c-b4f5ebeed7dd.png;https://cdn.grofers.com/da/cms-assets/cms/product/7dbba89e-1c58-44f1-b22e-8c9c59e828d6.png;https://cdn.grofers.com/da/cms-assets/cms/product/c9491304-1b82-4298-87d7-ef1d83afc76b.png;https://cdn.grofers.com/da/cms-assets/cms/product/255664b8-a4fc-46e4-b310-9de57e71295f.png;https://cdn.grofers.com/app/images/products/common/customer_care.jpg,12,0
blinkit,Vegetables,36535,532987,532987,Onion - Pack of 2 (Eerulli),,68,54,2 x (0.95-1.05) kg,True,44,44,Fresh Vegetables,Onion,https://cdn.grofers.com/da/cms-assets/cms/product/4e24f749-8a65-4a87-a562-7bc4bf49351f.png;https://cdn.grofers.com/da/cms-assets/cms/product/9bfb8b42-7dc2-4220-b73e-e23d1f1b64b7.png;https://cdn.grofers.com/da/cms-assets/cms/product/6c391373-d378-4a4f-9caf-a5d303ab8631.png;https://cdn.grofers.com/da/cms-assets/cms/product/3f28b9f5-bfef-4d3f-aabf-db79fc377863.png;https://cdn.grofers.com/app/images/products/common/customer_care.jpg,12,0
blinkit,Vegetables,36535,10088,10088,Green Cucumber (Southekayi),,18,15,(500-700) g,True,39,39,Fresh Vegetables,Cucumber,https://cdn.grofers.com/app/assets/products/sliding_images/jpeg/861fd2fe-69e6-4651-8ee2-b2425a89af74.jpg?ts=1711022175;https://cdn.grofers.com/app/assets/products/sliding_images/jpeg/10a01878-fd70-4751-90fe-e719fe212445.jpg?ts=1711022175;https://cdn.grofers.com/app/assets/products/sliding_images/jpeg/29fa3433-3af0-49ee-b704-f56114545fd7.jpg?ts=1711022175;https://cdn.grofers.com/app/assets/products/sliding_images/jpeg/ea8a06c3-55ca-431b-ac0a-143d6b27856f.jpg?ts=1711022175,13,0
blinkit,Vegetables,36535,339151,339151,Beetroot,,23,18,(250-350) g,True,32,32,Fresh Vegetables,Beetroot,https://cdn.grofers.com/app/assets/products/sliding_images/jpeg/f953c34a-7e85-4b3f-a8f3-ceddbb206df4.jpg?ts=1711473225;https://cdn.grofers.com/app/assets/products/sliding_images/jpeg/3b649137-18dd-451c-b859-1500301fda91.jpg?ts=1711473225;https://cdn.grofers.com/app/assets/products/sliding_images/jpeg/c55c6223-da60-445d-a96b-87260a418399.jpg?ts=1711473225;https://cdn.grofers.com/app/assets/products/sliding_images/jpeg/e7bcab9e-a367-407b-aafa-2b20c313e6a2.jpg?ts=1711473225,14,0
blinkit,Vegetables,36535,3889,3889,Coriander Bunch (Kottambari Soppu),,11,9,100 g,True,50,50,Leafies & Herbs,Coriander,https://cdn.grofers.com/da/cms-assets/cms/product/1d1beb79-3747-411f-b199-eaf7f9ad8a4f.jpg?ts=1750069208;https://cdn.grofers.com/da/cms-assets/cms/product/8f5e3271-f021-4f27-bc81-7deea6b59f31.jpg?ts=1750069208;https://cdn.grofers.com/da/cms-assets/cms/product/87b0ee27-668e-46ad-a1ec-36b2d19273ba.jpg?ts=1750069208,15,0
blinkit,Vegetables,36535,607308,607308,Coriander Bunch - Pack of 2 (Kottambari Soppu),,22,17,2 x 100 g,True,36,36,Leafies & Herbs,Coriander,https://cdn.grofers.com/da/cms-assets/cms/product/9650bea9-b471-498e-abc1-3fc95085da44.jpg?ts=1737093001;https://cdn.grofers.com/app/assets/products/sliding_images/jpeg/80f2e43f-da5f-422f-ac23-7ffbe7728c38.jpg;https://cdn.grofers.com/da/cms-assets/cms/product/cb46c61d-a2e4-46f3-98b4-cf66a4ed479a.jpg?ts=1737093002;https://cdn.grofers.com/app/assets/products/sliding_images/jpeg/54b5361b-2b25-45ff-b91c-d2865a0e9d0c.jpg,15,0
blinkit,Vegetables,36535,365421,365421,Coriander (Without Roots) (Kottambari Soppu),,89,12,100 g,True,47,47,Leafies & Herbs,Coriander,https://cdn.grofers.com/da/cms-assets/cms/product/d1a28a56-0f92-4794-98c6-685e3a2a0185.jpg?ts=1750397347;https://cdn.grofers.com/da/cms-assets/cms/product/01a36c1c-626d-457e-88e1-f47c24bdf17f.jpg?ts=1750071080;https://cdn.grofers.com/da/cms-assets/cms/product/08127336-ac07-4c07-be27-50c1f5d9e99a.jpg?ts=1750071080,16,0
blinkit,Vegetables,36535,229627,229627,Lemon (Nimbe),,38,28,(220-250) g,True,39,39,Fresh Vegetables,Lemon,https://cdn.grofers.com/app/assets/products/sliding_images/jpeg/c655faa5-2b29-4714-8411-c98b67f4ef51.jpg?ts=1741346719;https://cdn.grofers.com/app/assets/products/sliding_images/jpeg/6dcf7bcc-a4a3-4d3a-88cd-ce59c472abb8.jpg?ts=1741346719;https://cdn.grofers.com/app/assets/products/sliding_images/jpeg/1d8d48f9-cdac-463c-9da0-1a2991f18cc8.jpg?ts=1741346719;https://cdn.grofers.com/app/assets/products/sliding_images/jpeg/4964a43b-a9d6-44f8-aadb-4d737b4255b5.jpg?ts=1741346719,17,0
blinkit,Vegetables,36535,423735,423735,Green Chilli 100 g (Menasinakayi),,12,9,100 g,True,50,50,Fresh Vegetables,Chilli,https://cdn.grofers.com/app/assets/products/sliding_images/jpeg/27055af4-f9ca-49f5-a84b-cf407583be43.jpg?ts=1711019907;https://cdn.grofers.com/app/assets/products/sliding_images/jpeg/e8f3f700-5127-4d6b-826e-301bf6cdbfa6.jpg?ts=1711019907;https://cdn.grofers.com/app/assets/products/sliding_images/jpeg/669b8658-52de-4583-bfe4-b84d31e34ea5.jpg?ts=1711019907;https://cdn.grofers.com/app/assets/products/sliding_images/jpeg/96315cd0-d465-4f3a-b44f-404265c3742f.jpg?ts=1711019907,18,0
blinkit,Vegetables,36535,607309,607309,Green Chilli 100 g - Pack of 2 (Menasinakayi),,24,17,2 x 100 g,True,27,27,Fresh Vegetables,Chilli,https://cdn.grofers.com/da/cms-assets/cms/product/3c97b38f-1aa9-455c-a780-4decba07502d.jpg?ts=1737093005;https://cdn.grofers.com/app/assets/products/sliding_images/jpeg/0f4616f1-3180-4031-9952-77dadcd8b4fd.jpg;https://cdn.grofers.com/da/cms-assets/cms/product/b3e17eb6-45e4-4b08-a263-5fe67789f174.jpg?ts=1737093005;https://cdn.grofers.com/app/assets/products/sliding_images/jpeg/008a6de5-e6fa-4cd7-9166-60f23e07a08b.jpg,18,0
blinkit,Vegetables,36535,17643,17643,Curry Leaves (Karibevina Soppu),,19,14,100 g,True,42,42,Leafies & Herbs,Curry Leaves,https://cdn.grofers.com/app/images/products/sliding_image/17643a.jpg?ts=1690813684;https://cdn.grofers.com/app/images/products/sliding_image/17643b.jpg?ts=1690813684,19,0
blinkit,Vegetables,36535,22982,22982,Haricot Beans (Hurulikayi),,36,28,250 g,True,17,17,Fresh Vegetables,Beans,https://cdn.grofers.com/app/assets/products/sliding_images/jpeg/57535480-3faa-4725-9621-63555cd9035b.jpg?ts=1707557500;https://cdn.grofers.com/app/images/products/sliding_image/22982b.jpg?ts=1690813550,20,0
blinkit,Vegetables,36535,242284,242284,Ooty Carrot,,29,22,250 g,True,18,18,Fresh Vegetables,Carrot,https://cdn.grofers.com/app/assets/products/sliding_images/jpeg/e6cddd32-537f-4822-b2b9-4bbbb1aeaa27.jpg?ts=1718267335;https://cdn.grofers.com/app/images/products/sliding_image/242284b.jpg?ts=1690831060,21,0
blinkit,Vegetables,36535,23343,23343,English Cucumber (Southekayi),,31,25,(500-600) g,True,31,31,Fresh Vegetables,Cucumber,https://cdn.grofers.com/app/assets/products/sliding_images/jpeg/4a7cbdcc-d74d-403f-a0cb-b130572ad296.jpg?ts=1711022176;https://cdn.grofers.com/app/assets/products/sliding_images/jpeg/2598d366-b897-4532-8b31-496c91e2572a.jpg?ts=1711022176;https://cdn.grofers.com/app/assets/products/sliding_images/jpeg/d0fa3bb9-f859-4712-a180-dc0d9adf8574.jpg?ts=1711022176;https://cdn.grofers.com/app/assets/products/sliding_images/jpeg/419b37ea-f2cb-4b36-b3b1-7254f2e79953.jpg,22,0
blinkit,Vegetables,36535,355004,355004,Garlic (Bellulli),,27,21,100 g,True,29,29,Fresh Vegetables,Garlic,https://cdn.grofers.com/app/assets/products/sliding_images/jpeg/c94ce8fe-8a5c-4ba3-9277-6b988ad42a50.jpg?ts=1711473367;https://cdn.grofers.com/app/assets/products/sliding_images/jpeg/69fdf69a-b941-420e-a02b-febaae593f77.jpg?ts=1711473367;https://cdn.grofers.com/da/cms-assets/cms/product/e32ba356-5e3e-4a96-ab11-75238b42d50f.jpg?ts=1740114830;https://cdn.grofers.com/app/assets/products/sliding_images/jpeg/45ebcfc0-a889-4c2f-8583-6a7d3ec56b13.jpg?ts=1711473367,23,0
blinkit,Vegetables,36535,217595,217595,Green Capsicum 500 g (Dappa Menasinakayi),,41,30,500 g,True,17,17,Fresh Vegetables,Capsicum,https://cdn.grofers.com/app/assets/products/sliding_images/jpeg/55a3d8d4-4234-4ff5-a7cd-25df6e2dccde.jpg?ts=1711024454;https://cdn.grofers.com/app/assets/products/sliding_images/jpeg/2d046cb3-edeb-4b1e-b73b-72b6be896a4f.jpg?ts=1711024454;https://cdn.grofers.com/app/assets/products/sliding_images/jpeg/e1412336-3663-49d0-a06a-31421bc49caa.jpg?ts=1711024454;https://cdn.grofers.com/app/assets/products/sliding_images/jpeg/30b1836c-6fe0-46e0-81ac-d7baa7710608.jpg,24,0
